NOMBRE REGIÓN,CÓDIGO REGIÓN,NOMBRE COMUNA,CÓDIGO COMUNA,NOMBRE UNIDAD VECINAL,CÓDIGO UNIDAD VECINAL,ÁREA VERDE,ESTABLECIMIENTOS DEPORTIVOS,SUPERMERCADOS,GRIFOS,TRANSPORTE,FARMACIAS,ID_UNIDAD_VECINAL
AYSÉN DEL GENERAL CARLOS IBÁÑEZ DEL CAMPO,11,COYHAIQUE,11101,CERRO LA VIRGEN,15,0.0,2,0,0,5,0,11_11101_15
AYSÉN DEL GENERAL CARLOS IBÁÑEZ DEL CAMPO,11,COYHAIQUE,11101,BALMACEDA,13,0.0,4,0,15,9,0,11_11101_13
AYSÉN DEL GENERAL CARLOS IBÁÑEZ DEL CAMPO,11,COYHAIQUE,11101,VILLA FREI,34,0.0,2,0,0,12,0,11_11101_34
AYSÉN DEL GENERAL CARLOS IBÁÑEZ DEL CAMPO,11,COYHAIQUE,11101,VALLE SIMPSON,16,0.0,3,0,0,4,0,11_11101_16
AYSÉN DEL GENERAL CARLOS IBÁÑEZ DEL CAMPO,11,COYHAIQUE,11101,CERRO LA VIRGEN,35,0.0,2,0,0,6,0,11_11101_35
AYSÉN DEL GENERAL CARLOS IBÁÑEZ DEL CAMPO,11,COYHAIQUE,11101,LAGO ATRAVESADO,20,0.0,1,0,0,14,0,11_11101_20
AYSÉN DEL GENERAL CARLOS IBÁÑEZ DEL CAMPO,11,COYHAIQUE,11101,ANTONIO MICHELITO,31,23526.013410079493,3,1,21,0,0,11_11101_31
AYSÉN DEL GENERAL CARLOS IBÁÑEZ DEL CAMPO,11,COYHAIQUE,11101,VISTA HERMOSA,36,59295.03023615058,12,0,54,0,1,11_11101_36
AYSÉN DEL GENERAL CARLOS IBÁÑEZ DEL CAMPO,11,COYHAIQUE,11101,CANDELARIO MANCILLA,5,0.0,5,1,15,0,2,11_11101_5
AYSÉN DEL GENERAL CARLOS IBÁÑEZ DEL CAMPO,11,COYHAIQUE,11101,COYHAIQUE BAJO,24,16246.10106249071,1,0,14,0,0,11_11101_24
AYSÉN DEL GENERAL CARLOS IBÁÑEZ DEL CAMPO,11,COYHAIQUE,11101,ENSENADA VALLE SIMPSON,17,24608.29004244547,4,0,22,48,0,11_11101_17
AYSÉN DEL GENERAL CARLOS IBÁÑEZ DEL CAMPO,11,COYHAIQUE,11101,COYHAIQUE ALTO,14,0.0,1,0,0,0,0,11_11101_14
AYSÉN DEL GENERAL CARLOS IBÁÑEZ DEL CAMPO,11,COYHAIQUE,11101,VILLA ORTEGA,21,0.0,3,0,0,16,0,11_11101_21
AYSÉN DEL GENERAL CARLOS IBÁÑEZ DEL CAMPO,11,COYHAIQUE,11101,ÑIREHUAO,22,0.0,2,0,0,4,0,11_11101_22
AYSÉN DEL GENERAL CARLOS IBÁÑEZ DEL CAMPO,11,COYHAIQUE,11101,EL GATO,23,0.0,1,0,0,9,0,11_11101_23
AYSÉN DEL GENERAL CARLOS IBÁÑEZ DEL CAMPO,11,COYHAIQUE,11101,SECTOR PLAZA,1,17185.115798257466,5,0,15,4,1,11_11101_1
AYSÉN DEL GENERAL CARLOS IBÁÑEZ DEL CAMPO,11,COYHAIQUE,11101,SECTOR REGIMIENTO,2,7811.777753259963,2,0,8,2,0,11_11101_2
AYSÉN DEL GENERAL CARLOS IBÁÑEZ DEL CAMPO,11,COYHAIQUE,11101,SECTOR GRUPO ESCOLAR,3,1781.0354438925006,4,1,8,5,2,11_11101_3
AYSÉN DEL GENERAL CARLOS IBÁÑEZ DEL CAMPO,11,COYHAIQUE,11101,SECTOR CORVI,4,13903.270138124348,4,0,8,1,0,11_11101_4
AYSÉN DEL GENERAL CARLOS IBÁÑEZ DEL CAMPO,11,COYHAIQUE,11101,CHILE NUEVO,6,6523.9022320329295,4,0,10,0,0,11_11101_6
AYSÉN DEL GENERAL CARLOS IBÁÑEZ DEL CAMPO,11,COYHAIQUE,11101,AMPLIACION VICTOR DOMINGO SILVA,12,2519.2669086810347,1,0,6,0,0,11_11101_12
AYSÉN DEL GENERAL CARLOS IBÁÑEZ DEL CAMPO,11,COYHAIQUE,11101,VICTOR DOMINGO SILVA,11,52937.759926898805,5,0,19,2,0,11_11101_11
AYSÉN DEL GENERAL CARLOS IBÁÑEZ DEL CAMPO,11,COYHAIQUE,11101,AMPLIACION BERNARDO OHIGGINS,30,3232.5979103340837,0,0,11,0,0,11_11101_30
AYSÉN DEL GENERAL CARLOS IBÁÑEZ DEL CAMPO,11,COYHAIQUE,11101,JOSE MIGUEL CARRERA,29,20649.656201812682,3,0,12,0,0,11_11101_29
AYSÉN DEL GENERAL CARLOS IBÁÑEZ DEL CAMPO,11,COYHAIQUE,11101,BERNARDO OHIGGINS,27,11444.780435269684,2,0,10,2,0,11_11101_27
AYSÉN DEL GENERAL CARLOS IBÁÑEZ DEL CAMPO,11,COYHAIQUE,11101,QUINTA BURGOS,28,7944.956822337885,1,1,14,9,0,11_11101_28
AYSÉN DEL GENERAL CARLOS IBÁÑEZ DEL CAMPO,11,COYHAIQUE,11101,ARTURO PRAT,32,21204.202336373837,3,0,10,0,0,11_11101_32
AYSÉN DEL GENERAL CARLOS IBÁÑEZ DEL CAMPO,11,COYHAIQUE,11101,GENERAL MARCHANT,8,6686.593698200315,2,0,12,0,0,11_11101_8
AYSÉN DEL GENERAL CARLOS IBÁÑEZ DEL CAMPO,11,COYHAIQUE,11101,BARRIO SECO,7,2627.3539083827077,2,0,15,0,0,11_11101_7
AYSÉN DEL GENERAL CARLOS IBÁÑEZ DEL CAMPO,11,COYHAIQUE,11101,PEDRO AGUIRRE CERDA,10,7334.689293832274,3,1,17,0,0,11_11101_10
AYSÉN DEL GENERAL CARLOS IBÁÑEZ DEL CAMPO,11,COYHAIQUE,11101,GABRIELA MISTRAL,9,10297.19730186356,6,0,14,0,0,11_11101_9
AYSÉN DEL GENERAL CARLOS IBÁÑEZ DEL CAMPO,11,COYHAIQUE,11101,ALMIRANTE SIMPSON,33,31211.040691955266,3,0,33,0,0,11_11101_33
AYSÉN DEL GENERAL CARLOS IBÁÑEZ DEL CAMPO,11,COYHAIQUE,11101,EL CLARO,19,1323.7525694139063,8,0,1,23,0,11_11101_19
AYSÉN DEL GENERAL CARLOS IBÁÑEZ DEL CAMPO,11,COYHAIQUE,11101,LAGO FRIO,26,3825.56144589768,3,0,0,10,0,11_11101_26
AYSÉN DEL GENERAL CARLOS IBÁÑEZ DEL CAMPO,11,AYSEN,11201,11,11,0.0,1,0,0,0,0,11_11201_11
AYSÉN DEL GENERAL CARLOS IBÁÑEZ DEL CAMPO,11,AYSEN,11201,1,1,53089.11689027185,0,0,12,0,0,11_11201_1
AYSÉN DEL GENERAL CARLOS IBÁÑEZ DEL CAMPO,11,AYSEN,11201,10,10,62636.2592959934,6,0,33,0,0,11_11201_10
AYSÉN DEL GENERAL CARLOS IBÁÑEZ DEL CAMPO,11,AYSEN,11201,9,9,36977.71238404832,3,0,21,0,0,11_11201_9
AYSÉN DEL GENERAL CARLOS IBÁÑEZ DEL CAMPO,11,AYSEN,11201,3,3,2075.0747042820485,2,0,13,0,2,11_11201_3
AYSÉN DEL GENERAL CARLOS IBÁÑEZ DEL CAMPO,11,AYSEN,11201,4,4,59883.005403578274,5,0,9,0,1,11_11201_4
AYSÉN DEL GENERAL CARLOS IBÁÑEZ DEL CAMPO,11,AYSEN,11201,5,5,0.0,0,0,6,0,0,11_11201_5
AYSÉN DEL GENERAL CARLOS IBÁÑEZ DEL CAMPO,11,AYSEN,11201,6,6,15976.452346012862,6,1,24,0,0,11_11201_6
AYSÉN DEL GENERAL CARLOS IBÁÑEZ DEL CAMPO,11,AYSEN,11201,7,7,3707.570043162435,1,0,10,0,0,11_11201_7
AYSÉN DEL GENERAL CARLOS IBÁÑEZ DEL CAMPO,11,AYSEN,11201,8,8,0.0,0,0,16,0,0,11_11201_8
AYSÉN DEL GENERAL CARLOS IBÁÑEZ DEL CAMPO,11,AYSEN,11201,12R,12R,0.0,0,0,0,0,0,11_11201_12R
AYSÉN DEL GENERAL CARLOS IBÁÑEZ DEL CAMPO,11,AYSEN,11201,13R,13R,0.0,1,0,0,0,0,11_11201_13R
AYSÉN DEL GENERAL CARLOS IBÁÑEZ DEL CAMPO,11,AYSEN,11201,14R,14R,14358.961828630438,5,0,0,17,0,11_11201_14R
AYSÉN DEL GENERAL CARLOS IBÁÑEZ DEL CAMPO,11,AYSEN,11201,SIN DEFINICION COMUNAL,NO DEF,0.0,0,0,0,0,0,11_11201_NO DEF
AYSÉN DEL GENERAL CARLOS IBÁÑEZ DEL CAMPO,11,AYSEN,11201,19R,19R,47358.02870817112,6,0,24,33,0,11_11201_19R
AYSÉN DEL GENERAL CARLOS IBÁÑEZ DEL CAMPO,11,AYSEN,11201,18R,18R,0.0,1,0,0,4,0,11_11201_18R
AYSÉN DEL GENERAL CARLOS IBÁÑEZ DEL CAMPO,11,COCHRANE,11301,4,4,17254.075446753348,1,0,7,0,0,11_11301_4
AYSÉN DEL GENERAL CARLOS IBÁÑEZ DEL CAMPO,11,COCHRANE,11301,1,1,16990.297629625213,1,1,8,1,1,11_11301_1
AYSÉN DEL GENERAL CARLOS IBÁÑEZ DEL CAMPO,11,COCHRANE,11301,2,2,0.0,0,0,10,2,0,11_11301_2
AYSÉN DEL GENERAL CARLOS IBÁÑEZ DEL CAMPO,11,COCHRANE,11301,3,3,15688.592721387808,6,0,10,0,0,11_11301_3
AYSÉN DEL GENERAL CARLOS IBÁÑEZ DEL CAMPO,11,COCHRANE,11301,SIN DEFINICION COMUNAL,NO DEF,252169.4049873484,6,0,5,3,0,11_11301_NO DEF
AYSÉN DEL GENERAL CARLOS IBÁÑEZ DEL CAMPO,11,CHILE CHICO,11401,PUERTO BERTRAND,010,0.0,2,0,0,0,0,11_11401_010
AYSÉN DEL GENERAL CARLOS IBÁÑEZ DEL CAMPO,11,CHILE CHICO,11401,PUERTO GUADAL,008,0.0,3,0,0,0,0,11_11401_008
AYSÉN DEL GENERAL CARLOS IBÁÑEZ DEL CAMPO,11,CHILE CHICO,11401,MALLIN GRANDE,007,0.0,3,0,0,0,0,11_11401_007
AYSÉN DEL GENERAL CARLOS IBÁÑEZ DEL CAMPO,11,CHILE CHICO,11401,CORDILLERA,017,0.0,0,0,3,0,0,11_11401_017
AYSÉN DEL GENERAL CARLOS IBÁÑEZ DEL CAMPO,11,CHILE CHICO,11401,LOS JARDINES,016,0.0,1,0,2,0,0,11_11401_016
AYSÉN DEL GENERAL CARLOS IBÁÑEZ DEL CAMPO,11,CHILE CHICO,11401,UNICA ESPERANZA - PATAGONIA - EL PROGRESO,015,5439.345046117176,1,0,3,0,0,11_11401_015
AYSÉN DEL GENERAL CARLOS IBÁÑEZ DEL CAMPO,11,CHILE CHICO,11401,FACHINAL,006,0.0,0,0,0,0,0,11_11401_006
AYSÉN DEL GENERAL CARLOS IBÁÑEZ DEL CAMPO,11,CHILE CHICO,11401,CENTRO C,003,4906.83694351118,0,0,8,0,0,11_11401_003
AYSÉN DEL GENERAL CARLOS IBÁÑEZ DEL CAMPO,11,CHILE CHICO,11401,ARTURO PRAT,013,0.0,0,0,3,0,0,11_11401_013
AYSÉN DEL GENERAL CARLOS IBÁÑEZ DEL CAMPO,11,CHILE CHICO,11401,AMERICA,014,2259.754289950318,1,0,0,0,0,11_11401_014
AYSÉN DEL GENERAL CARLOS IBÁÑEZ DEL CAMPO,11,CHILE CHICO,11401,CENTRO B,002,1384.6001746651775,6,2,14,0,1,11_11401_002
AYSÉN DEL GENERAL CARLOS IBÁÑEZ DEL CAMPO,11,CHILE CHICO,11401,CENTRO A - SIMON BOLIVAR,004,14493.247164241542,1,0,6,0,0,11_11401_004
AYSÉN DEL GENERAL CARLOS IBÁÑEZ DEL CAMPO,11,CHILE CHICO,11401,RIO LEON,011,0.0,0,0,0,0,0,11_11401_011
AYSÉN DEL GENERAL CARLOS IBÁÑEZ DEL CAMPO,11,CHILE CHICO,11401,BAHIA JARA,005,0.0,0,0,0,0,0,11_11401_005
AYSÉN DEL GENERAL CARLOS IBÁÑEZ DEL CAMPO,11,CHILE CHICO,11401,CEBALLO - RIO JEINIMENI - SECTOR CHACRAS,001,0.0,1,0,1,0,0,11_11401_001
MAGALLANES Y LA ANTÁRTICA CHILENA,12,PORVENIR,12301,5,5,27991.3756445534,2,0,0,0,0,12_12301_5
MAGALLANES Y LA ANTÁRTICA CHILENA,12,PORVENIR,12301,3,3,2701.3879320312244,1,0,2,0,0,12_12301_3
MAGALLANES Y LA ANTÁRTICA CHILENA,12,PORVENIR,12301,8,8,7710.894429418659,2,0,0,0,0,12_12301_8
MAGALLANES Y LA ANTÁRTICA CHILENA,12,PORVENIR,12301,1,1,1793.4496487426757,0,0,1,0,0,12_12301_1
MAGALLANES Y LA ANTÁRTICA CHILENA,12,PORVENIR,12301,7,7,0.0,0,0,0,0,0,12_12301_7
MAGALLANES Y LA ANTÁRTICA CHILENA,12,PORVENIR,12301,4,4,0.0,0,0,0,0,0,12_12301_4
MAGALLANES Y LA ANTÁRTICA CHILENA,12,PORVENIR,12301,2,2,63799.74658851439,6,0,1,0,1,12_12301_2
MAGALLANES Y LA ANTÁRTICA CHILENA,12,PORVENIR,12301,6,6,0.0,1,0,0,0,0,12_12301_6
MAGALLANES Y LA ANTÁRTICA CHILENA,12,NATALES,12401,1,1,15385.25067335012,7,2,19,0,5,12_12401_1
MAGALLANES Y LA ANTÁRTICA CHILENA,12,NATALES,12401,2,2,0.0,0,0,8,0,0,12_12401_2
MAGALLANES Y LA ANTÁRTICA CHILENA,12,NATALES,12401,23,23,6007.5822389540745,1,0,1,0,0,12_12401_23
MAGALLANES Y LA ANTÁRTICA CHILENA,12,NATALES,12401,16,16,17209.9473798248,2,0,8,0,0,12_12401_16
MAGALLANES Y LA ANTÁRTICA CHILENA,12,NATALES,12401,5,5,0.0,0,0,8,0,0,12_12401_5
MAGALLANES Y LA ANTÁRTICA CHILENA,12,NATALES,12401,3,3,14948.324805571894,1,0,9,0,0,12_12401_3
MAGALLANES Y LA ANTÁRTICA CHILENA,12,NATALES,12401,6,6,30058.414843016606,3,0,10,0,0,12_12401_6
MAGALLANES Y LA ANTÁRTICA CHILENA,12,NATALES,12401,7,7,28476.169996141678,3,0,18,0,0,12_12401_7
MAGALLANES Y LA ANTÁRTICA CHILENA,12,NATALES,12401,24,24,12496.059893128411,0,0,8,0,0,12_12401_24
MAGALLANES Y LA ANTÁRTICA CHILENA,12,NATALES,12401,28,28,8573.705254456674,2,0,4,0,0,12_12401_28
MAGALLANES Y LA ANTÁRTICA CHILENA,12,NATALES,12401,12,12,0.0,0,0,0,0,0,12_12401_12
MAGALLANES Y LA ANTÁRTICA CHILENA,12,NATALES,12401,4,4,35511.415819984,5,0,16,0,0,12_12401_4
MAGALLANES Y LA ANTÁRTICA CHILENA,12,NATALES,12401,8,8,10652.328175720028,0,0,7,0,0,12_12401_8
MAGALLANES Y LA ANTÁRTICA CHILENA,12,NATALES,12401,9,9,14232.115460064404,2,0,16,0,0,12_12401_9
MAGALLANES Y LA ANTÁRTICA CHILENA,12,NATALES,12401,21,21,1485.9252322714237,0,0,2,0,0,12_12401_21
MAGALLANES Y LA ANTÁRTICA CHILENA,12,NATALES,12401,31,31,7921.887543389043,2,0,2,0,0,12_12401_31
MAGALLANES Y LA ANTÁRTICA CHILENA,12,NATALES,12401,32,32,8605.991640103026,0,0,8,0,0,12_12401_32
MAGALLANES Y LA ANTÁRTICA CHILENA,12,NATALES,12401,11,11,0.0,1,0,1,0,0,12_12401_11
MAGALLANES Y LA ANTÁRTICA CHILENA,12,NATALES,12401,PUERTO PRAT,29,0.0,0,0,0,0,0,12_12401_29
MAGALLANES Y LA ANTÁRTICA CHILENA,12,NATALES,12401,DOROTEA,14,0.0,1,0,0,0,0,12_12401_14
MAGALLANES Y LA ANTÁRTICA CHILENA,12,NATALES,12401,SIN DEFINICION COMUNAL,NO DEF_1,2169.857765555657,2,0,0,0,0,12_12401_NO DEF_1
MAGALLANES Y LA ANTÁRTICA CHILENA,12,NATALES,12401,DUMESTRE,30,0.0,0,0,0,0,0,12_12401_30
MAGALLANES Y LA ANTÁRTICA CHILENA,12,NATALES,12401,SIN DEFINICION COMUNAL,NO DEF_2,0.0,0,0,0,0,0,12_12401_NO DEF_2
MAGALLANES Y LA ANTÁRTICA CHILENA,12,NATALES,12401,17,17,6806.230056407574,1,0,4,0,0,12_12401_17
MAGALLANES Y LA ANTÁRTICA CHILENA,12,NATALES,12401,10,10,6672.851199996305,0,0,14,0,0,12_12401_10
MAGALLANES Y LA ANTÁRTICA CHILENA,12,NATALES,12401,VILLA CARIÑO,19,7500.250485286462,0,0,4,0,0,12_12401_19
MAGALLANES Y LA ANTÁRTICA CHILENA,12,NATALES,12401,PUERTO EDÉN,15,0.0,0,0,0,0,0,12_12401_15
MAGALLANES Y LA ANTÁRTICA CHILENA,12,PORVENIR,12301,0R,0R,22847.37668815495,5,0,5,0,0,12_12301_0R
MAGALLANES Y LA ANTÁRTICA CHILENA,12,CABO DE HORNOS,12201,ZONA  RURAL,0R,0.0,0,0,0,0,0,12_12201_0R
MAGALLANES Y LA ANTÁRTICA CHILENA,12,CABO DE HORNOS,12201,ZONA URBANA,0,129422.45016911849,3,0,0,0,0,12_12201_0
MAGALLANES Y LA ANTÁRTICA CHILENA,12,PUNTA ARENAS,12101,CECIL RASMUSSEN,1,67254.7277139771,3,0,10,6,0,12_12101_1
MAGALLANES Y LA ANTÁRTICA CHILENA,12,PUNTA ARENAS,12101,BARRIO PRAT,10,15508.242409729184,6,1,28,12,0,12_12101_10
MAGALLANES Y LA ANTÁRTICA CHILENA,12,PUNTA ARENAS,12101,JUAN LADRILLEROS,11,17797.97415550257,3,0,12,2,0,12_12101_11
MAGALLANES Y LA ANTÁRTICA CHILENA,12,PUNTA ARENAS,12101,RIO DE LAS MINAS,12,23831.014336488348,2,0,15,12,0,12_12101_12
MAGALLANES Y LA ANTÁRTICA CHILENA,12,PUNTA ARENAS,12101,CARLOS IBANEZ,13,0.0,0,0,9,3,0,12_12101_13
MAGALLANES Y LA ANTÁRTICA CHILENA,12,PUNTA ARENAS,12101,INDEPENDENCIA,14,16471.227578249287,2,0,11,2,0,12_12101_14
MAGALLANES Y LA ANTÁRTICA CHILENA,12,PUNTA ARENAS,12101,MANUEL RODRIGUEZ,15,0.0,3,1,9,3,2,12_12101_15
MAGALLANES Y LA ANTÁRTICA CHILENA,12,PUNTA ARENAS,12101,SAN MIGUEL,16,0.0,2,0,15,6,0,12_12101_16
MAGALLANES Y LA ANTÁRTICA CHILENA,12,PUNTA ARENAS,12101,RENE SCHNEIDER,17,0.0,0,0,13,6,0,12_12101_17
MAGALLANES Y LA ANTÁRTICA CHILENA,12,PUNTA ARENAS,12101,12 DE OCTUBRE,18,0.0,0,0,7,1,0,12_12101_18
MAGALLANES Y LA ANTÁRTICA CHILENA,12,PUNTA ARENAS,12101,SECTOR UNO,19,2657.5440687124265,2,0,7,6,0,12_12101_19
MAGALLANES Y LA ANTÁRTICA CHILENA,12,PUNTA ARENAS,12101,JUAN WILLIAMS,2,7612.820442386792,2,0,6,0,0,12_12101_2
MAGALLANES Y LA ANTÁRTICA CHILENA,12,PUNTA ARENAS,12101,SECTOR FISCA,20,0.0,3,0,7,4,0,12_12101_20
MAGALLANES Y LA ANTÁRTICA CHILENA,12,PUNTA ARENAS,12101,SECTOR SUR,21,9343.164392330182,0,0,6,3,0,12_12101_21
MAGALLANES Y LA ANTÁRTICA CHILENA,12,PUNTA ARENAS,12101,MATEO DE TORO Y ZAMBRANO,22,0.0,2,0,9,2,0,12_12101_22
MAGALLANES Y LA ANTÁRTICA CHILENA,12,PUNTA ARENAS,12101,RIO DE LA MANO,23,5968.230105553459,2,0,17,2,0,12_12101_23
MAGALLANES Y LA ANTÁRTICA CHILENA,12,PUNTA ARENAS,12101,FITZ ROY,24,317625.8337993754,2,0,31,5,0,12_12101_24
MAGALLANES Y LA ANTÁRTICA CHILENA,12,PUNTA ARENAS,12101,EL OVEJERO,25,117462.43597579439,6,0,25,7,2,12_12101_25
MAGALLANES Y LA ANTÁRTICA CHILENA,12,PUNTA ARENAS,12101,BARRIO YUGOSLAVO,26,35573.26193433874,7,0,30,5,0,12_12101_26
MAGALLANES Y LA ANTÁRTICA CHILENA,12,PUNTA ARENAS,12101,DON BOSCO,27,58867.00551798306,9,1,25,11,6,12_12101_27
MAGALLANES Y LA ANTÁRTICA CHILENA,12,PUNTA ARENAS,12101,MUNOZ GAMERO,29,60371.76368318938,14,1,34,13,7,12_12101_29
MAGALLANES Y LA ANTÁRTICA CHILENA,12,PUNTA ARENAS,12101,MAURICIO BRAUM,3,39576.07401224073,3,0,11,2,0,12_12101_3
MAGALLANES Y LA ANTÁRTICA CHILENA,12,PUNTA ARENAS,12101,BARRIO SUR,30,37301.61271317991,6,0,42,12,0,12_12101_30
MAGALLANES Y LA ANTÁRTICA CHILENA,12,PUNTA ARENAS,12101,MIRAFLORES ALTO,31,3371.830426372585,1,0,15,4,0,12_12101_31
MAGALLANES Y LA ANTÁRTICA CHILENA,12,PUNTA ARENAS,12101,RIO SECO,32R,0.0,3,0,8,0,0,12_12101_32R
MAGALLANES Y LA ANTÁRTICA CHILENA,12,PUNTA ARENAS,12101,PAMPA ALEGRE,33R,0.0,1,0,0,0,0,12_12101_33R
MAGALLANES Y LA ANTÁRTICA CHILENA,12,PUNTA ARENAS,12101,RIO DE LOS CIERVOS,34R,0.0,4,0,5,0,0,12_12101_34R
MAGALLANES Y LA ANTÁRTICA CHILENA,12,PUNTA ARENAS,12101,AVENIDA REPUBLICA,35,13844.758364542213,1,0,6,0,0,12_12101_35
MAGALLANES Y LA ANTÁRTICA CHILENA,12,PUNTA ARENAS,12101,EL PINGUINO,36,32762.39838063655,3,0,33,7,0,12_12101_36
MAGALLANES Y LA ANTÁRTICA CHILENA,12,PUNTA ARENAS,12101,LAS VERTIENTES,37,18101.417516398305,2,0,17,6,0,12_12101_37
MAGALLANES Y LA ANTÁRTICA CHILENA,12,PUNTA ARENAS,12101,CONCEPCION,38,18208.903339298624,5,0,25,15,0,12_12101_38
MAGALLANES Y LA ANTÁRTICA CHILENA,12,PUNTA ARENAS,12101,SANTOS MARDONES,39,23942.941780391942,5,0,26,6,0,12_12101_39
MAGALLANES Y LA ANTÁRTICA CHILENA,12,PUNTA ARENAS,12101,VILLA LAS NIEVES,41,56675.38321436987,4,1,28,4,0,12_12101_41
MAGALLANES Y LA ANTÁRTICA CHILENA,12,PUNTA ARENAS,12101,PAMPA REDONDA,42R,0.0,0,0,0,0,0,12_12101_42R
MAGALLANES Y LA ANTÁRTICA CHILENA,12,PUNTA ARENAS,12101,ALFREDO LORCA,43,5170.829402232434,2,0,14,9,0,12_12101_43
MAGALLANES Y LA ANTÁRTICA CHILENA,12,PUNTA ARENAS,12101,BARRIO HORTICOLA,44,53974.29514922525,5,0,31,14,2,12_12101_44
MAGALLANES Y LA ANTÁRTICA CHILENA,12,PUNTA ARENAS,12101,VILLA FRIBURGO,45,34445.081874689524,2,1,19,3,1,12_12101_45
MAGALLANES Y LA ANTÁRTICA CHILENA,12,PUNTA ARENAS,12101,PROLONGACION MARTINEZ DE ALDUNATE,46R,19545.544249653147,1,0,30,2,0,12_12101_46R
MAGALLANES Y LA ANTÁRTICA CHILENA,12,PUNTA ARENAS,12101,PEDRO AGUIRRE CERDA,49,13414.920753305705,2,0,22,12,0,12_12101_49
MAGALLANES Y LA ANTÁRTICA CHILENA,12,PUNTA ARENAS,12101,GENERAL BULNES,5,22882.91219661347,11,2,36,9,1,12_12101_5
MAGALLANES Y LA ANTÁRTICA CHILENA,12,PUNTA ARENAS,12101,DOMINGO ESPINEIRA,50,11511.210413815508,4,1,17,10,1,12_12101_50
MAGALLANES Y LA ANTÁRTICA CHILENA,12,PUNTA ARENAS,12101,JUAN PABLO II,51,11748.130252886373,4,0,15,4,0,12_12101_51
MAGALLANES Y LA ANTÁRTICA CHILENA,12,PUNTA ARENAS,12101,CARDENAL RAUL SILVA HENRIQUEZ,53,46618.39248821624,3,1,27,10,2,12_12101_53
MAGALLANES Y LA ANTÁRTICA CHILENA,12,PUNTA ARENAS,12101,CATARATAS DEL NIAGARA,54,8683.632592488659,0,0,14,1,0,12_12101_54
MAGALLANES Y LA ANTÁRTICA CHILENA,12,PUNTA ARENAS,12101,HORNILLAS,55,27745.493628688404,2,0,24,3,0,12_12101_55
MAGALLANES Y LA ANTÁRTICA CHILENA,12,PUNTA ARENAS,12101,LOTEO GUTIERREZ - VARILLAS FUNDO LLAU LLAU,56R,0.0,0,0,0,0,0,12_12101_56R
MAGALLANES Y LA ANTÁRTICA CHILENA,12,PUNTA ARENAS,12101,ARCHIPIELAGO DE CHILOE,57,18922.17287975695,0,0,13,8,0,12_12101_57
MAGALLANES Y LA ANTÁRTICA CHILENA,12,PUNTA ARENAS,12101,AGUA FRESCA (UV 2-R),59R,0.0,0,0,0,0,0,12_12101_59R
MAGALLANES Y LA ANTÁRTICA CHILENA,12,PUNTA ARENAS,12101,BARRANCO AMARILLO (UV 6-R),60R,4543.261447888397,1,0,22,0,0,12_12101_60R
MAGALLANES Y LA ANTÁRTICA CHILENA,12,PUNTA ARENAS,12101,PLAYA NORTE,8,44993.13089783603,3,0,24,5,0,12_12101_8
MAGALLANES Y LA ANTÁRTICA CHILENA,12,PUNTA ARENAS,12101,SIN DEFINICION COMUNAL,NO DEF,0.0,0,0,0,0,0,12_12101_NO DEF
MAGALLANES Y LA ANTÁRTICA CHILENA,12,PUNTA ARENAS,12101,ISLA DAWSON,100R,0.0,0,0,0,0,0,12_12101_100R
MAGALLANES Y LA ANTÁRTICA CHILENA,12,PUNTA ARENAS,12101,999R,999R,0.0,2,0,0,0,0,12_12101_999R
MAGALLANES Y LA ANTÁRTICA CHILENA,12,PUNTA ARENAS,12101,GOBERNADOR VIEL,4,5962.056754687825,2,0,16,6,0,12_12101_4
MAGALLANES Y LA ANTÁRTICA CHILENA,12,PUNTA ARENAS,12101,MANUEL BULNES,48,5531.191403744319,4,0,15,8,0,12_12101_48
MAGALLANES Y LA ANTÁRTICA CHILENA,12,PUNTA ARENAS,12101,5 DE ABRIL,6,1748.7423943070285,5,0,14,1,0,12_12101_6
MAGALLANES Y LA ANTÁRTICA CHILENA,12,PUNTA ARENAS,12101,CERRO DE LA CRUZ,28,12915.328041268582,1,0,15,4,0,12_12101_28
MAGALLANES Y LA ANTÁRTICA CHILENA,12,PUNTA ARENAS,12101,SELKNAM,52,10852.001803256264,1,0,14,8,0,12_12101_52
MAGALLANES Y LA ANTÁRTICA CHILENA,12,PUNTA ARENAS,12101,21 DE MAYO,40,10475.555098672805,2,0,5,3,0,12_12101_40
TARAPACÁ,1,IQUIQUE,1101,ARTURO PRAT,001,6058.032110180345,1,0,5,0,0,1_1101_001
TARAPACÁ,1,IQUIQUE,1101,BARROS ARANA,002,0.0,6,0,7,3,3,1_1101_002
TARAPACÁ,1,IQUIQUE,1101,CERRO LA CRUZ,003,0.0,2,0,14,0,0,1_1101_003
TARAPACÁ,1,IQUIQUE,1101,JORGE INOSTROZA,004,1311.410531643907,0,0,11,11,0,1_1101_004
TARAPACÁ,1,IQUIQUE,1101,SAN CARLOS,005,5585.429030631882,2,0,7,2,0,1_1101_005
TARAPACÁ,1,IQUIQUE,1101,HOSPITAL NORTE,006,0.0,0,0,6,1,0,1_1101_006
TARAPACÁ,1,IQUIQUE,1101,PUEBLO NUEVO,007,7474.218079023684,4,0,20,13,0,1_1101_007
TARAPACÁ,1,IQUIQUE,1101,TENIENTE IBÁÑEZ,008,4858.268136608894,1,0,7,6,0,1_1101_008
TARAPACÁ,1,IQUIQUE,1101,NUEVA VICTORIA,009,17362.744002236694,1,0,18,6,0,1_1101_009
TARAPACÁ,1,IQUIQUE,1101,CAUPOLICÁN,010,0.0,1,0,9,2,0,1_1101_010
TARAPACÁ,1,IQUIQUE,1101,O`HIGGINS,011,8286.189443126232,2,0,8,1,0,1_1101_011
TARAPACÁ,1,IQUIQUE,1101,DAGOBERTO GODOY,012,1939.553221341092,1,0,11,4,0,1_1101_012
TARAPACÁ,1,IQUIQUE,1101,11 DE SEPTIEMBRE,013,5755.776999604158,3,0,14,1,1,1_1101_013
TARAPACÁ,1,IQUIQUE,1101,PLAYA BRAVA,014,6875.0311372323995,0,0,6,1,2,1_1101_014
TARAPACÁ,1,IQUIQUE,1101,ORIENTE,015,1117.6160941938363,3,0,13,2,0,1_1101_015
TARAPACÁ,1,IQUIQUE,1101,JOSÉ MIGUEL CARRERA,016,0.0,2,0,6,1,0,1_1101_016
TARAPACÁ,1,IQUIQUE,1101,21 DE MAYO,017,2074.8018343370973,1,0,6,2,0,1_1101_017
TARAPACÁ,1,IQUIQUE,1101,CAVANCHA,018,65459.8390794223,0,1,12,4,2,1_1101_018
TARAPACÁ,1,IQUIQUE,1101,18 DE SEPTIEMBRE,019,0.0,3,0,5,3,1,1_1101_019
TARAPACÁ,1,IQUIQUE,1101,CARAMPANGUE,020,0.0,6,1,8,4,1,1_1101_020
TARAPACÁ,1,IQUIQUE,1101,PLAZA BRASIL,021,29801.353968117015,6,0,17,6,0,1_1101_021
TARAPACÁ,1,IQUIQUE,1101,EL MORRO,022,3588.978009058844,7,0,10,3,3,1_1101_022
TARAPACÁ,1,IQUIQUE,1101,REMODELACIÓN EL MORRO,023,4648.739856333933,1,0,2,0,0,1_1101_023
TARAPACÁ,1,IQUIQUE,1101,CENTRAL,024,6965.878785872735,5,3,19,6,18,1_1101_024
TARAPACÁ,1,IQUIQUE,1101,SARGENTO ALDEA,025,0.0,1,1,14,3,0,1_1101_025
TARAPACÁ,1,IQUIQUE,1101,GRUMETE VOLADOS,026,0.0,1,0,8,4,3,1_1101_026
TARAPACÁ,1,IQUIQUE,1101,PLAZA ARICA,027,2490.1584080608786,3,0,12,3,0,1_1101_027
TARAPACÁ,1,IQUIQUE,1101,LA PUNTILLA,028,4242.764935694788,2,0,5,4,0,1_1101_028
TARAPACÁ,1,IQUIQUE,1101,ORDEN Y PATRIA,029,32034.915202864464,4,0,9,3,1,1_1101_029
TARAPACÁ,1,IQUIQUE,1101,MANUEL CASTROS RAMOS,030,36344.75625295378,5,0,15,5,0,1_1101_030
TARAPACÁ,1,IQUIQUE,1101,VIALIDAD,031,2874.489641953678,2,0,6,0,0,1_1101_031
TARAPACÁ,1,IQUIQUE,1101,PLAN COSTERO,032,3590.993197544008,1,0,3,1,0,1_1101_032
TARAPACÁ,1,IQUIQUE,1101,MAMIÑA,033,0.0,0,0,2,2,0,1_1101_033
TARAPACÁ,1,IQUIQUE,1101,VILLA MAGISTERIO,034,6349.133765646515,3,0,15,2,2,1_1101_034
TARAPACÁ,1,IQUIQUE,1101,PRIMERAS PIEDRAS,035,0.0,4,1,13,0,0,1_1101_035
TARAPACÁ,1,IQUIQUE,1101,VISTA HERMOSA,036,0.0,0,0,2,0,0,1_1101_036
TARAPACÁ,1,IQUIQUE,1101,VILLA OLÍMPICA,037,13742.027866743878,7,1,13,10,5,1_1101_037
TARAPACÁ,1,IQUIQUE,1101,CERRO DRAGÓN,038,0.0,3,0,10,2,0,1_1101_038
TARAPACÁ,1,IQUIQUE,1101,ISLUGA,039,0.0,5,0,5,2,0,1_1101_039
TARAPACÁ,1,IQUIQUE,1101,IGNACIO CARRERA PINTO,040,4920.28430027676,5,0,14,1,0,1_1101_040
TARAPACÁ,1,IQUIQUE,1101,LAS MAGNOLIAS,041,709.0181270533761,3,0,9,1,0,1_1101_041
TARAPACÁ,1,IQUIQUE,1101,HUAYQUIQUE,042,16563.209796958792,2,0,11,1,0,1_1101_042
TARAPACÁ,1,IQUIQUE,1101,GÓMEZ CARRENO,044,1641.4996282293941,3,0,10,0,0,1_1101_044
TARAPACÁ,1,IQUIQUE,1101,HERNÁN TRIZZANO,045,753.2728794889688,0,0,3,0,0,1_1101_045
TARAPACÁ,1,IQUIQUE,1101,GRANADEROS,046,3106.346069620432,3,0,10,2,0,1_1101_046
TARAPACÁ,1,IQUIQUE,1101,RUBÉN GODOY,047,3769.3909433908093,1,0,4,3,0,1_1101_047
TARAPACÁ,1,IQUIQUE,1101,SIMÓN BOLIVAR,048,7706.518934242001,0,0,22,7,4,1_1101_048
TARAPACÁ,1,IQUIQUE,1101,LAS QUINTAS,049,0.0,4,0,3,1,0,1_1101_049
TARAPACÁ,1,IQUIQUE,1101,CAROL URZÚA,050,5900.639284564773,4,0,9,2,0,1_1101_050
TARAPACÁ,1,IQUIQUE,1101,HÉROES DE LA CONCEPCIÓN,051,0.0,4,0,9,4,0,1_1101_051
TARAPACÁ,1,IQUIQUE,1101,SALITRERA VICTORIA,052,3019.2321435384492,1,0,4,1,0,1_1101_052
TARAPACÁ,1,IQUIQUE,1101,DUNAS 1,053,1970.3741331023514,4,0,14,2,0,1_1101_053
TARAPACÁ,1,IQUIQUE,1101,DUNAS 2,054,6365.338800517753,3,0,11,5,0,1_1101_054
TARAPACÁ,1,IQUIQUE,1101,DUNAS 3,055,6175.402705575192,3,0,9,3,0,1_1101_055
TARAPACÁ,1,IQUIQUE,1101,HUANTAJAYA,056,7490.937844974187,0,0,21,4,0,1_1101_056
TARAPACÁ,1,IQUIQUE,1101,VILLA PROGRESO,057,0.0,0,0,5,1,0,1_1101_057
TARAPACÁ,1,IQUIQUE,1101,PALAFITOS,058,1242.1403562791324,2,0,11,5,2,1_1101_058
TARAPACÁ,1,IQUIQUE,1101,MATILLA,059,539.1693936174528,2,0,12,4,1,1_1101_059
TARAPACÁ,1,IQUIQUE,1101,PUQUIOS 1,060,6298.519815392815,2,0,7,5,0,1_1101_060
TARAPACÁ,1,IQUIQUE,1101,ALTOS DEL PACÍFICO,061,6228.0655883502595,2,1,27,1,2,1_1101_061
TARAPACÁ,1,IQUIQUE,1101,PUQUIOS 2,062,5359.522482844045,5,0,16,4,0,1_1101_062
TARAPACÁ,1,IQUIQUE,1101,HUANTAJAYA 4,063,0.0,1,0,4,2,2,1_1101_063
TARAPACÁ,1,IQUIQUE,1101,CERRO COLORADO,064,2298.9804707453673,2,1,13,2,2,1_1101_064
TARAPACÁ,1,IQUIQUE,1101,VILLA LAS PARINAS,065,2253.6035617411335,3,0,5,3,0,1_1101_065
TARAPACÁ,1,IQUIQUE,1101,QUEBRADA BLANCA,066,2294.1444088987732,1,0,4,1,0,1_1101_066
TARAPACÁ,1,IQUIQUE,1101,SIN DEFINICION COMUNAL,NO DEF,0.0,0,0,21,4,1,1_1101_NO DEF
TARAPACÁ,1,IQUIQUE,1101,SIN DEFINICION COMUNAL,NO DEF_2,16919.7966147791,23,0,48,28,0,1_1101_NO DEF_2
TARAPACÁ,1,ALTO HOSPICIO,1107,1,1,19005.556814796488,10,0,56,16,3,1_1107_1
TARAPACÁ,1,ALTO HOSPICIO,1107,10,10,4866.194740437581,10,2,11,6,2,1_1107_10
TARAPACÁ,1,ALTO HOSPICIO,1107,11,11,5606.160384966096,4,0,15,4,1,1_1107_11
TARAPACÁ,1,ALTO HOSPICIO,1107,12,12,46557.36627673398,11,0,43,15,0,1_1107_12
TARAPACÁ,1,ALTO HOSPICIO,1107,13,13,2526.8492126742867,4,0,8,9,0,1_1107_13
TARAPACÁ,1,ALTO HOSPICIO,1107,14,14,6107.7034067211,5,0,18,8,1,1_1107_14
TARAPACÁ,1,ALTO HOSPICIO,1107,2,2,0.0,5,0,5,6,0,1_1107_2
TARAPACÁ,1,ALTO HOSPICIO,1107,3,3,47407.731780710055,4,0,27,6,2,1_1107_3
TARAPACÁ,1,ALTO HOSPICIO,1107,4,4,6040.389229353657,4,1,7,2,2,1_1107_4
TARAPACÁ,1,ALTO HOSPICIO,1107,5,5,18752.475207782903,7,0,18,4,0,1_1107_5
TARAPACÁ,1,ALTO HOSPICIO,1107,6,6,2290.421283674842,2,0,4,4,0,1_1107_6
TARAPACÁ,1,ALTO HOSPICIO,1107,7,7,18396.945776462195,7,0,24,4,0,1_1107_7
TARAPACÁ,1,ALTO HOSPICIO,1107,8,8,74454.8244963168,10,1,69,15,0,1_1107_8
TARAPACÁ,1,ALTO HOSPICIO,1107,9,9,78494.41976853978,22,0,117,31,0,1_1107_9
TARAPACÁ,1,ALTO HOSPICIO,1107,SIN DEFINICION COMUNAL,NO DEF,0.0,1,0,8,9,0,1_1107_NO DEF
TARAPACÁ,1,POZO ALMONTE,1401,8,8,0.0,1,0,0,0,0,1_1401_8
TARAPACÁ,1,POZO ALMONTE,1401,2,2,0.0,1,0,0,0,0,1_1401_2
TARAPACÁ,1,POZO ALMONTE,1401,4,4,0.0,3,0,5,0,0,1_1401_4
TARAPACÁ,1,POZO ALMONTE,1401,3,3,51032.628641276686,14,0,70,0,3,1_1401_3
TARAPACÁ,1,POZO ALMONTE,1401,6,6,0.0,0,0,0,0,0,1_1401_6
TARAPACÁ,1,POZO ALMONTE,1401,7,7,0.0,3,0,0,0,0,1_1401_7
TARAPACÁ,1,POZO ALMONTE,1401,1,1,51950.741310748395,10,0,29,0,1,1_1401_1
TARAPACÁ,1,POZO ALMONTE,1401,5,5,0.0,0,0,0,0,0,1_1401_5
METROPOLITANA DE SANTIAGO,13,LA PINTANA,13112,001,001,17047.193639242425,10,0,39,30,2,13_13112_001
METROPOLITANA DE SANTIAGO,13,LA PINTANA,13112,002,002,18127.054274120783,6,0,30,8,0,13_13112_002
METROPOLITANA DE SANTIAGO,13,LA PINTANA,13112,003,003,24673.819448994305,6,0,30,17,0,13_13112_003
METROPOLITANA DE SANTIAGO,13,LA PINTANA,13112,004,004,0.0,10,2,13,15,2,13_13112_004
METROPOLITANA DE SANTIAGO,13,LA PINTANA,13112,005,005,17202.79023618668,7,0,14,11,2,13_13112_005
METROPOLITANA DE SANTIAGO,13,LA PINTANA,13112,006,006,34366.12243810891,8,0,16,11,0,13_13112_006
METROPOLITANA DE SANTIAGO,13,LA PINTANA,13112,007,007,48165.459170750226,6,0,21,12,0,13_13112_007
METROPOLITANA DE SANTIAGO,13,LA PINTANA,13112,008,008,21180.47179151574,4,0,17,13,0,13_13112_008
METROPOLITANA DE SANTIAGO,13,LA PINTANA,13112,SIN DEFINICION COMUNAL,NO DEF,75790.64693646497,9,0,31,38,1,13_13112_NO DEF
METROPOLITANA DE SANTIAGO,13,LA PINTANA,13112,010,010,24329.16901931,10,0,19,20,1,13_13112_010
METROPOLITANA DE SANTIAGO,13,LA PINTANA,13112,011,011,39050.33840823231,5,0,19,7,0,13_13112_011
METROPOLITANA DE SANTIAGO,13,LA PINTANA,13112,012,012,62399.328293118946,2,1,13,13,3,13_13112_012
METROPOLITANA DE SANTIAGO,13,LA PINTANA,13112,013,013,58422.10088397736,5,0,30,25,0,13_13112_013
METROPOLITANA DE SANTIAGO,13,LA PINTANA,13112,021,021,14921.75148261629,3,0,11,7,0,13_13112_021
METROPOLITANA DE SANTIAGO,13,LA PINTANA,13112,014,014,15552.596791228534,5,0,18,4,0,13_13112_014
METROPOLITANA DE SANTIAGO,13,LA PINTANA,13112,015,015,10775.794185526598,5,0,15,6,0,13_13112_015
METROPOLITANA DE SANTIAGO,13,LA PINTANA,13112,016,016,12188.129270052741,4,0,11,14,0,13_13112_016
METROPOLITANA DE SANTIAGO,13,LA PINTANA,13112,017,017,539.3677559170472,3,0,7,5,0,13_13112_017
METROPOLITANA DE SANTIAGO,13,LA PINTANA,13112,019,019,29823.387551490607,6,0,32,12,0,13_13112_019
METROPOLITANA DE SANTIAGO,13,LA PINTANA,13112,020,020,24605.140012752116,9,0,44,12,1,13_13112_020
METROPOLITANA DE SANTIAGO,13,LA PINTANA,13112,022,022,45540.36489449538,12,0,51,27,0,13_13112_022
METROPOLITANA DE SANTIAGO,13,LA PINTANA,13112,018,018,0.0,16,0,26,38,1,13_13112_018
METROPOLITANA DE SANTIAGO,13,LA PINTANA,13112,009,009,17258.479968041323,7,0,19,14,3,13_13112_009
METROPOLITANA DE SANTIAGO,13,SANTIAGO,13101,1,1,89543.92415878689,0,0,24,14,1,13_13101_1
METROPOLITANA DE SANTIAGO,13,SANTIAGO,13101,10,10,3219.883874001611,0,0,14,2,0,13_13101_10
METROPOLITANA DE SANTIAGO,13,SANTIAGO,13101,11,11,0.0,0,3,33,9,6,13_13101_11
METROPOLITANA DE SANTIAGO,13,SANTIAGO,13101,12,12,424386.9616788321,9,0,46,20,0,13_13101_12
METROPOLITANA DE SANTIAGO,13,SANTIAGO,13101,13,13,0.0,5,1,35,13,3,13_13101_13
METROPOLITANA DE SANTIAGO,13,SANTIAGO,13101,14,14,0.0,6,0,28,5,1,13_13101_14
METROPOLITANA DE SANTIAGO,13,SANTIAGO,13101,15,15,9952.096761744313,3,1,25,6,1,13_13101_15
METROPOLITANA DE SANTIAGO,13,SANTIAGO,13101,16,16,17907.039956773657,4,1,26,14,5,13_13101_16
METROPOLITANA DE SANTIAGO,13,SANTIAGO,13101,17,17,648.4694750935635,1,2,27,10,3,13_13101_17
METROPOLITANA DE SANTIAGO,13,SANTIAGO,13101,18,18,13502.863826600518,7,1,23,6,2,13_13101_18
METROPOLITANA DE SANTIAGO,13,SANTIAGO,13101,19,19,11638.265256018094,2,2,36,12,1,13_13101_19
METROPOLITANA DE SANTIAGO,13,SANTIAGO,13101,2,2,52616.52461174469,2,2,34,21,7,13_13101_2
METROPOLITANA DE SANTIAGO,13,SANTIAGO,13101,20,20,30263.476494379032,5,0,32,11,3,13_13101_20
METROPOLITANA DE SANTIAGO,13,SANTIAGO,13101,21,21,0.0,3,0,37,13,8,13_13101_21
METROPOLITANA DE SANTIAGO,13,SANTIAGO,13101,22,22,7393.1669064740045,6,0,37,10,1,13_13101_22
METROPOLITANA DE SANTIAGO,13,SANTIAGO,13101,23,23,5266.24945788453,1,0,18,3,1,13_13101_23
METROPOLITANA DE SANTIAGO,13,SANTIAGO,13101,24,24,10467.32683617329,2,0,18,13,1,13_13101_24
METROPOLITANA DE SANTIAGO,13,SANTIAGO,13101,25,25,6517.102644229731,1,0,14,5,1,13_13101_25
METROPOLITANA DE SANTIAGO,13,SANTIAGO,13101,26,26,0.0,1,0,39,8,0,13_13101_26
METROPOLITANA DE SANTIAGO,13,SANTIAGO,13101,27,27,25777.8719403916,3,0,20,16,0,13_13101_27
METROPOLITANA DE SANTIAGO,13,SANTIAGO,13101,29,29,0.0,3,1,21,9,4,13_13101_29
METROPOLITANA DE SANTIAGO,13,SANTIAGO,13101,3,3,86365.10052975878,6,13,154,45,93,13_13101_3
METROPOLITANA DE SANTIAGO,13,SANTIAGO,13101,30,30,0.0,2,0,13,7,2,13_13101_30
METROPOLITANA DE SANTIAGO,13,SANTIAGO,13101,31,31,13250.101916048456,5,1,17,15,5,13_13101_31
METROPOLITANA DE SANTIAGO,13,SANTIAGO,13101,32,32,1108.831192489362,1,2,23,13,7,13_13101_32
METROPOLITANA DE SANTIAGO,13,SANTIAGO,13101,33,33,893.8790461140318,4,0,21,7,2,13_13101_33
METROPOLITANA DE SANTIAGO,13,SANTIAGO,13101,34,34,0.0,0,0,12,11,1,13_13101_34
METROPOLITANA DE SANTIAGO,13,SANTIAGO,13101,35,35,2915.442800493291,0,0,7,4,0,13_13101_35
METROPOLITANA DE SANTIAGO,13,SANTIAGO,13101,36,36,0.0,0,0,15,10,0,13_13101_36
METROPOLITANA DE SANTIAGO,13,SANTIAGO,13101,37,37,8434.464973003542,0,0,11,7,1,13_13101_37
METROPOLITANA DE SANTIAGO,13,SANTIAGO,13101,38,38,0.0,3,0,12,14,1,13_13101_38
METROPOLITANA DE SANTIAGO,13,SANTIAGO,13101,39,39,11099.9087963257,3,0,22,15,4,13_13101_39
METROPOLITANA DE SANTIAGO,13,SANTIAGO,13101,4,4,26651.627277522613,2,0,19,9,3,13_13101_4
METROPOLITANA DE SANTIAGO,13,SANTIAGO,13101,40,40,76728.56933788474,7,6,54,30,15,13_13101_40
METROPOLITANA DE SANTIAGO,13,SANTIAGO,13101,41,41,1877.083895076545,5,0,29,11,2,13_13101_41
METROPOLITANA DE SANTIAGO,13,SANTIAGO,13101,42,42,5974.446630569724,3,0,9,7,1,13_13101_42
METROPOLITANA DE SANTIAGO,13,SANTIAGO,13101,43,43,0.0,3,0,25,8,3,13_13101_43
METROPOLITANA DE SANTIAGO,13,SANTIAGO,13101,44,44,6127.389716931235,3,0,10,8,3,13_13101_44
METROPOLITANA DE SANTIAGO,13,SANTIAGO,13101,45,45,1001.9246585282084,6,1,32,8,12,13_13101_45
METROPOLITANA DE SANTIAGO,13,SANTIAGO,13101,46,46,0.0,1,0,19,8,1,13_13101_46
METROPOLITANA DE SANTIAGO,13,SANTIAGO,13101,47,47,33267.70136676375,2,1,14,8,5,13_13101_47
METROPOLITANA DE SANTIAGO,13,SANTIAGO,13101,48,48,71243.26957902072,6,2,21,15,8,13_13101_48
METROPOLITANA DE SANTIAGO,13,SANTIAGO,13101,49,49,9085.580276515951,4,3,29,14,4,13_13101_49
METROPOLITANA DE SANTIAGO,13,SANTIAGO,13101,5,5,25645.342668046753,5,3,27,15,13,13_13101_5
METROPOLITANA DE SANTIAGO,13,SANTIAGO,13101,50,50,464.7378451281288,5,3,17,8,9,13_13101_50
METROPOLITANA DE SANTIAGO,13,SANTIAGO,13101,51,51,0.0,1,0,19,11,3,13_13101_51
METROPOLITANA DE SANTIAGO,13,SANTIAGO,13101,52,52,2504.61743269122,1,0,14,10,1,13_13101_52
METROPOLITANA DE SANTIAGO,13,SANTIAGO,13101,6,6,89038.33517391837,2,0,18,8,0,13_13101_6
METROPOLITANA DE SANTIAGO,13,SANTIAGO,13101,7,7,7624.351685937748,6,0,21,11,4,13_13101_7
METROPOLITANA DE SANTIAGO,13,SANTIAGO,13101,8,8,40793.97010481805,5,0,14,7,1,13_13101_8
METROPOLITANA DE SANTIAGO,13,SANTIAGO,13101,9,9,7835.011533210579,0,1,27,13,6,13_13101_9
METROPOLITANA DE SANTIAGO,13,CERRILLOS,13102,010,010,22333.58819476094,5,2,16,13,0,13_13102_010
METROPOLITANA DE SANTIAGO,13,CERRILLOS,13102,026,026,81495.19963690461,5,1,29,23,2,13_13102_026
METROPOLITANA DE SANTIAGO,13,CERRILLOS,13102,027,027,85079.47847972564,4,1,33,24,0,13_13102_027
METROPOLITANA DE SANTIAGO,13,CERRILLOS,13102,028,028,8378.565284183458,2,0,20,13,0,13_13102_028
METROPOLITANA DE SANTIAGO,13,CERRILLOS,13102,029,029,8155.879586707855,7,0,40,25,1,13_13102_029
METROPOLITANA DE SANTIAGO,13,CERRILLOS,13102,030,030,15089.406007564963,8,1,29,11,0,13_13102_030
METROPOLITANA DE SANTIAGO,13,CERRILLOS,13102,031,031,25329.7981688967,6,0,41,36,2,13_13102_031
METROPOLITANA DE SANTIAGO,13,CERRILLOS,13102,032,032,10656.913089647202,1,0,39,26,1,13_13102_032
METROPOLITANA DE SANTIAGO,13,CERRILLOS,13102,033,033,145540.49068670595,18,0,52,40,0,13_13102_033
METROPOLITANA DE SANTIAGO,13,CERRILLOS,13102,035,035,769035.1219918764,4,3,49,42,6,13_13102_035
METROPOLITANA DE SANTIAGO,13,CERRO NAVIA,13103,001,001,13453.645314148269,6,0,17,12,5,13_13103_001
METROPOLITANA DE SANTIAGO,13,CERRO NAVIA,13103,002,002,6336.800464051634,3,0,14,4,0,13_13103_002
METROPOLITANA DE SANTIAGO,13,CERRO NAVIA,13103,003,003,10774.711366583622,1,0,1,3,0,13_13103_003
METROPOLITANA DE SANTIAGO,13,CERRO NAVIA,13103,004,004,2791.0346645866052,3,1,12,6,1,13_13103_004
METROPOLITANA DE SANTIAGO,13,CERRO NAVIA,13103,005,005,9846.145485749603,3,0,12,6,0,13_13103_005
METROPOLITANA DE SANTIAGO,13,CERRO NAVIA,13103,006,006,2418.8939372317755,2,0,8,9,0,13_13103_006
METROPOLITANA DE SANTIAGO,13,CERRO NAVIA,13103,007,007,6945.192733102346,4,0,16,9,0,13_13103_007
METROPOLITANA DE SANTIAGO,13,CERRO NAVIA,13103,008,008,11066.498250690107,2,0,15,8,1,13_13103_008
METROPOLITANA DE SANTIAGO,13,CERRO NAVIA,13103,009,009,2276.2519892974647,3,1,15,8,3,13_13103_009
METROPOLITANA DE SANTIAGO,13,CERRO NAVIA,13103,010,010,3701.9663376172575,2,0,10,3,1,13_13103_010
METROPOLITANA DE SANTIAGO,13,CERRO NAVIA,13103,011,011,55220.00618919118,7,0,14,8,2,13_13103_011
METROPOLITANA DE SANTIAGO,13,CERRO NAVIA,13103,012,012,33407.628983318704,3,0,12,7,1,13_13103_012
METROPOLITANA DE SANTIAGO,13,CERRO NAVIA,13103,013,013,38797.43781690994,9,0,24,12,2,13_13103_013
METROPOLITANA DE SANTIAGO,13,CERRO NAVIA,13103,014,014,7524.975531783593,3,0,8,1,0,13_13103_014
METROPOLITANA DE SANTIAGO,13,CERRO NAVIA,13103,015,015,7169.252097118975,4,0,8,9,0,13_13103_015
METROPOLITANA DE SANTIAGO,13,CERRO NAVIA,13103,016,016,0.0,1,0,16,6,0,13_13103_016
METROPOLITANA DE SANTIAGO,13,CERRO NAVIA,13103,017,017,27302.05703206128,2,0,9,6,1,13_13103_017
METROPOLITANA DE SANTIAGO,13,CERRO NAVIA,13103,018,018,0.0,0,0,6,1,0,13_13103_018
METROPOLITANA DE SANTIAGO,13,CERRO NAVIA,13103,019,019,5811.237018913247,2,0,8,1,0,13_13103_019
METROPOLITANA DE SANTIAGO,13,CERRO NAVIA,13103,020,020,1653.634939587901,0,0,4,4,0,13_13103_020
METROPOLITANA DE SANTIAGO,13,CERRO NAVIA,13103,021,021,115487.06718717943,3,0,12,11,0,13_13103_021
METROPOLITANA DE SANTIAGO,13,CERRO NAVIA,13103,022,022,28960.542632536526,5,0,14,9,0,13_13103_022
METROPOLITANA DE SANTIAGO,13,CERRO NAVIA,13103,023,023,11417.74656222155,3,1,12,7,0,13_13103_023
METROPOLITANA DE SANTIAGO,13,CERRO NAVIA,13103,024,024,8681.43612696039,9,0,10,8,0,13_13103_024
METROPOLITANA DE SANTIAGO,13,CERRO NAVIA,13103,025,025,20145.65734670987,8,0,10,16,1,13_13103_025
METROPOLITANA DE SANTIAGO,13,CERRO NAVIA,13103,026,026,11427.050501476833,6,0,8,11,0,13_13103_026
METROPOLITANA DE SANTIAGO,13,CERRO NAVIA,13103,027,027,2057.4164378441583,1,0,9,6,0,13_13103_027
METROPOLITANA DE SANTIAGO,13,CERRO NAVIA,13103,028,028,31463.868678514944,6,0,19,12,2,13_13103_028
METROPOLITANA DE SANTIAGO,13,CERRO NAVIA,13103,029,029,7458.537399077314,3,0,10,9,0,13_13103_029
METROPOLITANA DE SANTIAGO,13,CERRO NAVIA,13103,030,030,6522.5096605295585,1,0,6,3,0,13_13103_030
METROPOLITANA DE SANTIAGO,13,CERRO NAVIA,13103,031,031,4871.620609769292,2,0,6,2,0,13_13103_031
METROPOLITANA DE SANTIAGO,13,CERRO NAVIA,13103,032,032,194452.22702336672,1,0,8,6,0,13_13103_032
METROPOLITANA DE SANTIAGO,13,CERRO NAVIA,13103,033,033,1222.4059709052942,0,0,3,2,0,13_13103_033
METROPOLITANA DE SANTIAGO,13,CERRO NAVIA,13103,034,034,18472.652373601122,6,0,4,4,0,13_13103_034
METROPOLITANA DE SANTIAGO,13,CERRO NAVIA,13103,035,035,10398.973106960932,0,0,1,3,0,13_13103_035
METROPOLITANA DE SANTIAGO,13,CERRO NAVIA,13103,SIN DEFINICION COMUNAL,NO DEF,79249.55838008238,6,0,25,26,1,13_13103_NO DEF
METROPOLITANA DE SANTIAGO,13,EL BOSQUE,13105,001,001,2883.0980395504153,3,0,7,3,0,13_13105_001
METROPOLITANA DE SANTIAGO,13,EL BOSQUE,13105,002,002,2157.7424087462696,6,0,9,4,1,13_13105_002
METROPOLITANA DE SANTIAGO,13,EL BOSQUE,13105,003,003,1704.2342576303727,2,0,4,1,0,13_13105_003
METROPOLITANA DE SANTIAGO,13,EL BOSQUE,13105,004,004,5514.8916239008995,1,0,3,6,0,13_13105_004
METROPOLITANA DE SANTIAGO,13,EL BOSQUE,13105,005,005,2474.1073685116726,2,0,7,1,0,13_13105_005
METROPOLITANA DE SANTIAGO,13,EL BOSQUE,13105,006,006,11422.878774296181,4,0,9,3,0,13_13105_006
METROPOLITANA DE SANTIAGO,13,EL BOSQUE,13105,007,007,0.0,0,0,3,0,0,13_13105_007
METROPOLITANA DE SANTIAGO,13,EL BOSQUE,13105,008,008,6667.874267277522,6,0,6,0,0,13_13105_008
METROPOLITANA DE SANTIAGO,13,EL BOSQUE,13105,009,009,3644.9475475017616,4,0,6,4,1,13_13105_009
METROPOLITANA DE SANTIAGO,13,EL BOSQUE,13105,010,010,3725.9073565797817,2,0,5,3,0,13_13105_010
METROPOLITANA DE SANTIAGO,13,EL BOSQUE,13105,011,011,0.0,0,0,4,3,0,13_13105_011
METROPOLITANA DE SANTIAGO,13,EL BOSQUE,13105,012,012,7966.755936853933,4,0,4,7,0,13_13105_012
METROPOLITANA DE SANTIAGO,13,EL BOSQUE,13105,013,013,6307.851814028143,3,0,4,3,0,13_13105_013
METROPOLITANA DE SANTIAGO,13,EL BOSQUE,13105,014,014,0.0,1,0,3,2,1,13_13105_014
METROPOLITANA DE SANTIAGO,13,EL BOSQUE,13105,015,015,0.0,1,0,2,0,0,13_13105_015
METROPOLITANA DE SANTIAGO,13,EL BOSQUE,13105,016,016,11778.27219155761,2,0,8,3,0,13_13105_016
METROPOLITANA DE SANTIAGO,13,EL BOSQUE,13105,017,017,12389.292257397048,15,0,24,11,1,13_13105_017
METROPOLITANA DE SANTIAGO,13,EL BOSQUE,13105,018,018,23859.307295993058,13,0,24,5,0,13_13105_018
METROPOLITANA DE SANTIAGO,13,EL BOSQUE,13105,019,019,3914.9573712477304,3,1,17,13,4,13_13105_019
METROPOLITANA DE SANTIAGO,13,EL BOSQUE,13105,020,020,6273.525217771009,4,0,11,5,1,13_13105_020
METROPOLITANA DE SANTIAGO,13,EL BOSQUE,13105,021,021,1594.9094023471428,2,0,4,2,0,13_13105_021
METROPOLITANA DE SANTIAGO,13,EL BOSQUE,13105,022,022,3669.3036539452837,2,0,2,1,0,13_13105_022
METROPOLITANA DE SANTIAGO,13,EL BOSQUE,13105,023,023,2159.659789352714,1,0,2,2,0,13_13105_023
METROPOLITANA DE SANTIAGO,13,EL BOSQUE,13105,024,024,5822.840587745089,3,0,15,4,0,13_13105_024
METROPOLITANA DE SANTIAGO,13,EL BOSQUE,13105,025,025,14325.354347939347,3,0,7,6,0,13_13105_025
METROPOLITANA DE SANTIAGO,13,EL BOSQUE,13105,026,026,19969.81789221239,1,0,11,10,1,13_13105_026
METROPOLITANA DE SANTIAGO,13,EL BOSQUE,13105,027,027,16641.30521421862,2,0,23,10,1,13_13105_027
METROPOLITANA DE SANTIAGO,13,EL BOSQUE,13105,028,028,0.0,2,0,3,1,0,13_13105_028
METROPOLITANA DE SANTIAGO,13,EL BOSQUE,13105,029,029,0.0,0,0,8,8,0,13_13105_029
METROPOLITANA DE SANTIAGO,13,EL BOSQUE,13105,030,030,1007.959885096853,10,1,25,12,3,13_13105_030
METROPOLITANA DE SANTIAGO,13,EL BOSQUE,13105,031,031,1320.1238511615911,2,0,13,5,2,13_13105_031
METROPOLITANA DE SANTIAGO,13,EL BOSQUE,13105,032,032,8612.17661203284,7,0,21,7,2,13_13105_032
METROPOLITANA DE SANTIAGO,13,EL BOSQUE,13105,033,033,497.90937961865126,0,0,15,4,4,13_13105_033
METROPOLITANA DE SANTIAGO,13,EL BOSQUE,13105,034,034,0.0,2,0,7,0,0,13_13105_034
METROPOLITANA DE SANTIAGO,13,EL BOSQUE,13105,035,035,6707.332532829394,2,0,8,8,0,13_13105_035
METROPOLITANA DE SANTIAGO,13,EL BOSQUE,13105,036,036,5547.789001458907,10,1,18,10,3,13_13105_036
METROPOLITANA DE SANTIAGO,13,EL BOSQUE,13105,037,037,0.0,0,0,3,0,0,13_13105_037
METROPOLITANA DE SANTIAGO,13,EL BOSQUE,13105,038,038,0.0,0,0,2,3,0,13_13105_038
METROPOLITANA DE SANTIAGO,13,EL BOSQUE,13105,039,039,3832.81928549624,2,0,5,0,0,13_13105_039
METROPOLITANA DE SANTIAGO,13,EL BOSQUE,13105,040,040,13743.21754415665,8,0,10,10,0,13_13105_040
METROPOLITANA DE SANTIAGO,13,EL BOSQUE,13105,043,043,1111.9936227338687,2,0,22,6,1,13_13105_043
METROPOLITANA DE SANTIAGO,13,EL BOSQUE,13105,044,044,27460.178427491657,5,0,17,11,0,13_13105_044
METROPOLITANA DE SANTIAGO,13,EL BOSQUE,13105,045,045,10550.366559610764,4,0,12,2,0,13_13105_045
METROPOLITANA DE SANTIAGO,13,EL BOSQUE,13105,046,046,1007.7249404811513,1,0,5,3,0,13_13105_046
METROPOLITANA DE SANTIAGO,13,EL BOSQUE,13105,047,047,3101.74512402535,1,0,9,2,1,13_13105_047
METROPOLITANA DE SANTIAGO,13,EL BOSQUE,13105,048,048,0.0,0,0,3,1,0,13_13105_048
METROPOLITANA DE SANTIAGO,13,EL BOSQUE,13105,049,049,0.0,3,0,6,2,0,13_13105_049
METROPOLITANA DE SANTIAGO,13,EL BOSQUE,13105,050,050,5967.665191592862,4,0,18,3,1,13_13105_050
METROPOLITANA DE SANTIAGO,13,EL BOSQUE,13105,051,051,0.0,2,0,10,1,0,13_13105_051
METROPOLITANA DE SANTIAGO,13,EL BOSQUE,13105,052,052,9647.485948645675,5,2,11,7,1,13_13105_052
METROPOLITANA DE SANTIAGO,13,EL BOSQUE,13105,053,053,0.0,1,0,5,4,0,13_13105_053
METROPOLITANA DE SANTIAGO,13,EL BOSQUE,13105,100,100,13687.654257417735,0,0,0,2,1,13_13105_100
METROPOLITANA DE SANTIAGO,13,EL BOSQUE,13105,101,101,0.0,1,0,1,1,0,13_13105_101
METROPOLITANA DE SANTIAGO,13,EL BOSQUE,13105,104,104,1779.6283882433645,0,1,5,1,1,13_13105_104
METROPOLITANA DE SANTIAGO,13,EL BOSQUE,13105,105,105,7394.421106193035,1,0,4,1,0,13_13105_105
METROPOLITANA DE SANTIAGO,13,EL BOSQUE,13105,107,107,0.0,1,0,1,1,0,13_13105_107
METROPOLITANA DE SANTIAGO,13,EL BOSQUE,13105,108,108,2110.97083238068,3,0,1,1,1,13_13105_108
METROPOLITANA DE SANTIAGO,13,EL BOSQUE,13105,109,109,0.0,0,0,3,1,0,13_13105_109
METROPOLITANA DE SANTIAGO,13,EL BOSQUE,13105,110,110,3645.345708472079,1,0,4,5,0,13_13105_110
METROPOLITANA DE SANTIAGO,13,ESTACION CENTRAL,13106,01,01,24229.442741500283,7,0,8,3,0,13_13106_01
METROPOLITANA DE SANTIAGO,13,ESTACION CENTRAL,13106,04,04,0.0,6,0,4,9,3,13_13106_04
METROPOLITANA DE SANTIAGO,13,ESTACION CENTRAL,13106,05,05,0.0,0,0,7,9,0,13_13106_05
METROPOLITANA DE SANTIAGO,13,ESTACION CENTRAL,13106,06,06,0.0,1,0,12,10,0,13_13106_06
METROPOLITANA DE SANTIAGO,13,ESTACION CENTRAL,13106,07,07,5467.340331474752,1,0,6,5,0,13_13106_07
METROPOLITANA DE SANTIAGO,13,ESTACION CENTRAL,13106,08,08,0.0,1,2,11,10,4,13_13106_08
METROPOLITANA DE SANTIAGO,13,ESTACION CENTRAL,13106,09,09,0.0,1,0,7,3,0,13_13106_09
METROPOLITANA DE SANTIAGO,13,ESTACION CENTRAL,13106,10,10,2491.023586013239,0,0,4,5,0,13_13106_10
METROPOLITANA DE SANTIAGO,13,ESTACION CENTRAL,13106,11,11,1123.4724578379517,1,2,19,21,12,13_13106_11
METROPOLITANA DE SANTIAGO,13,ESTACION CENTRAL,13106,12,12,0.0,3,0,12,13,3,13_13106_12
METROPOLITANA DE SANTIAGO,13,ESTACION CENTRAL,13106,13,13,7921.764928011442,6,0,19,2,0,13_13106_13
METROPOLITANA DE SANTIAGO,13,ESTACION CENTRAL,13106,14,14,0.0,0,0,3,3,1,13_13106_14
METROPOLITANA DE SANTIAGO,13,ESTACION CENTRAL,13106,15,15,15571.695952563792,3,1,15,4,0,13_13106_15
METROPOLITANA DE SANTIAGO,13,ESTACION CENTRAL,13106,16,16,9333.482287770312,4,0,21,14,7,13_13106_16
METROPOLITANA DE SANTIAGO,13,ESTACION CENTRAL,13106,17,17,2300.5034561831408,1,0,15,10,0,13_13106_17
METROPOLITANA DE SANTIAGO,13,ESTACION CENTRAL,13106,18,18,15221.076617390447,3,0,24,7,0,13_13106_18
METROPOLITANA DE SANTIAGO,13,ESTACION CENTRAL,13106,19,19,9208.948938105705,7,2,14,9,0,13_13106_19
METROPOLITANA DE SANTIAGO,13,ESTACION CENTRAL,13106,20,20,25858.752376478904,1,0,5,5,1,13_13106_20
METROPOLITANA DE SANTIAGO,13,ESTACION CENTRAL,13106,21,21,16568.84511021938,2,1,9,6,1,13_13106_21
METROPOLITANA DE SANTIAGO,13,ESTACION CENTRAL,13106,22,22,8198.637293239564,2,0,15,10,0,13_13106_22
METROPOLITANA DE SANTIAGO,13,ESTACION CENTRAL,13106,23,23,2357.420052222856,1,0,9,5,0,13_13106_23
METROPOLITANA DE SANTIAGO,13,ESTACION CENTRAL,13106,24,24,76767.7889705557,6,0,15,11,0,13_13106_24
METROPOLITANA DE SANTIAGO,13,ESTACION CENTRAL,13106,25,25,4434.608899146288,1,0,10,9,1,13_13106_25
METROPOLITANA DE SANTIAGO,13,ESTACION CENTRAL,13106,26,26,20079.55868766403,5,0,11,7,0,13_13106_26
METROPOLITANA DE SANTIAGO,13,ESTACION CENTRAL,13106,27,27,15314.09785365239,0,0,7,3,0,13_13106_27
METROPOLITANA DE SANTIAGO,13,ESTACION CENTRAL,13106,28,28,30451.078596714593,4,0,8,9,0,13_13106_28
METROPOLITANA DE SANTIAGO,13,ESTACION CENTRAL,13106,29,29,18409.870023507654,6,0,16,7,0,13_13106_29
METROPOLITANA DE SANTIAGO,13,ESTACION CENTRAL,13106,30,30,5977.582537632165,2,0,14,7,0,13_13106_30
METROPOLITANA DE SANTIAGO,13,ESTACION CENTRAL,13106,31,31,514.2662893829996,3,0,15,18,0,13_13106_31
METROPOLITANA DE SANTIAGO,13,ESTACION CENTRAL,13106,32,32,0.0,2,0,17,6,1,13_13106_32
METROPOLITANA DE SANTIAGO,13,ESTACION CENTRAL,13106,33,33,48633.76833040002,2,0,15,13,0,13_13106_33
METROPOLITANA DE SANTIAGO,13,ESTACION CENTRAL,13106,34,34,5082.182201648078,1,0,18,8,1,13_13106_34
METROPOLITANA DE SANTIAGO,13,ESTACION CENTRAL,13106,35,35,14260.061743161423,2,0,7,7,0,13_13106_35
METROPOLITANA DE SANTIAGO,13,ESTACION CENTRAL,13106,36,36,15532.455802868077,4,1,12,4,1,13_13106_36
METROPOLITANA DE SANTIAGO,13,ESTACION CENTRAL,13106,37,37,13995.665430979989,4,0,10,5,0,13_13106_37
METROPOLITANA DE SANTIAGO,13,ESTACION CENTRAL,13106,38,38,8783.43972998836,1,0,6,3,0,13_13106_38
METROPOLITANA DE SANTIAGO,13,ESTACION CENTRAL,13106,39,39,63301.833385411745,9,0,13,8,0,13_13106_39
METROPOLITANA DE SANTIAGO,13,ESTACION CENTRAL,13106,40,40,0.0,1,0,4,1,0,13_13106_40
METROPOLITANA DE SANTIAGO,13,ESTACION CENTRAL,13106,41,41,29652.791202839082,6,0,22,13,0,13_13106_41
METROPOLITANA DE SANTIAGO,13,ESTACION CENTRAL,13106,42,42,16720.353026045846,0,0,12,8,0,13_13106_42
METROPOLITANA DE SANTIAGO,13,INDEPENDENCIA,13108,1,1,985.442325400408,2,0,7,1,0,13_13108_1
METROPOLITANA DE SANTIAGO,13,INDEPENDENCIA,13108,10,10,4812.580910907155,2,0,7,2,0,13_13108_10
METROPOLITANA DE SANTIAGO,13,INDEPENDENCIA,13108,11,11,3061.8447442398574,0,0,6,3,0,13_13108_11
METROPOLITANA DE SANTIAGO,13,INDEPENDENCIA,13108,12,12,3992.6622311463707,2,0,7,2,0,13_13108_12
METROPOLITANA DE SANTIAGO,13,INDEPENDENCIA,13108,13,13,1793.8442363871209,4,2,18,8,2,13_13108_13
METROPOLITANA DE SANTIAGO,13,INDEPENDENCIA,13108,14,14,13116.972792990277,2,0,6,2,0,13_13108_14
METROPOLITANA DE SANTIAGO,13,INDEPENDENCIA,13108,15,15,19141.845270275368,0,0,9,0,0,13_13108_15
METROPOLITANA DE SANTIAGO,13,INDEPENDENCIA,13108,16,16,3425.881599031474,0,0,9,5,1,13_13108_16
METROPOLITANA DE SANTIAGO,13,INDEPENDENCIA,13108,17,17,0.0,1,0,7,6,0,13_13108_17
METROPOLITANA DE SANTIAGO,13,INDEPENDENCIA,13108,18,18,801.9457275259083,1,1,14,9,2,13_13108_18
METROPOLITANA DE SANTIAGO,13,INDEPENDENCIA,13108,19,19,1648.690635486666,0,0,9,4,0,13_13108_19
METROPOLITANA DE SANTIAGO,13,INDEPENDENCIA,13108,2,2,2110.156864135216,6,0,12,8,1,13_13108_2
METROPOLITANA DE SANTIAGO,13,INDEPENDENCIA,13108,21,21,3548.450474084169,0,0,7,4,0,13_13108_21
METROPOLITANA DE SANTIAGO,13,INDEPENDENCIA,13108,22,22,3756.833260534889,1,0,12,6,1,13_13108_22
METROPOLITANA DE SANTIAGO,13,INDEPENDENCIA,13108,23,23,10861.539385795104,6,1,6,3,1,13_13108_23
METROPOLITANA DE SANTIAGO,13,INDEPENDENCIA,13108,24,24,2702.883569142191,3,0,2,1,0,13_13108_24
METROPOLITANA DE SANTIAGO,13,INDEPENDENCIA,13108,25,25,0.0,1,0,3,2,0,13_13108_25
METROPOLITANA DE SANTIAGO,13,INDEPENDENCIA,13108,20,20,3537.9789027591787,2,0,18,17,0,13_13108_20
METROPOLITANA DE SANTIAGO,13,INDEPENDENCIA,13108,3,3,20101.751224763466,3,0,18,22,2,13_13108_3
METROPOLITANA DE SANTIAGO,13,INDEPENDENCIA,13108,4,4,5869.072666948917,4,1,20,1,2,13_13108_4
METROPOLITANA DE SANTIAGO,13,INDEPENDENCIA,13108,5,5,7449.543570273269,1,0,19,9,3,13_13108_5
METROPOLITANA DE SANTIAGO,13,INDEPENDENCIA,13108,6,6,0.0,1,1,12,8,0,13_13108_6
METROPOLITANA DE SANTIAGO,13,INDEPENDENCIA,13108,7,7,1660.4231909088985,0,1,9,3,1,13_13108_7
METROPOLITANA DE SANTIAGO,13,INDEPENDENCIA,13108,8,8,4337.212055566209,4,1,16,10,5,13_13108_8
METROPOLITANA DE SANTIAGO,13,INDEPENDENCIA,13108,9,9,7435.740468844602,4,1,23,17,7,13_13108_9
METROPOLITANA DE SANTIAGO,13,LA CISTERNA,13109,14,14,10407.398050842827,4,1,20,15,2,13_13109_14
METROPOLITANA DE SANTIAGO,13,LA CISTERNA,13109,15,15,9085.121103676236,7,0,20,24,2,13_13109_15
METROPOLITANA DE SANTIAGO,13,LA CISTERNA,13109,15A,15A,6073.769605383514,0,0,8,4,0,13_13109_15A
METROPOLITANA DE SANTIAGO,13,LA CISTERNA,13109,16,16,18563.413072908595,5,0,37,24,4,13_13109_16
METROPOLITANA DE SANTIAGO,13,LA CISTERNA,13109,17,17,12640.09980678655,8,0,25,21,3,13_13109_17
METROPOLITANA DE SANTIAGO,13,LA CISTERNA,13109,18A,18A,0.0,5,1,15,9,4,13_13109_18A
METROPOLITANA DE SANTIAGO,13,LA CISTERNA,13109,18B,18B,525.3957804023412,2,0,24,11,0,13_13109_18B
METROPOLITANA DE SANTIAGO,13,LA CISTERNA,13109,18C,18C,52221.57701018127,6,0,28,15,0,13_13109_18C
METROPOLITANA DE SANTIAGO,13,LA CISTERNA,13109,1A,1A,12309.724013177132,7,1,35,24,4,13_13109_1A
METROPOLITANA DE SANTIAGO,13,LA CISTERNA,13109,1B,1B,0.0,2,0,9,6,0,13_13109_1B
METROPOLITANA DE SANTIAGO,13,LA CISTERNA,13109,1C,1C,0.0,0,0,9,4,1,13_13109_1C
METROPOLITANA DE SANTIAGO,13,LA CISTERNA,13109,2,2,0.0,4,0,13,19,0,13_13109_2
METROPOLITANA DE SANTIAGO,13,LA CISTERNA,13109,3A,3A,14046.80645194312,3,0,21,13,0,13_13109_3A
METROPOLITANA DE SANTIAGO,13,LA CISTERNA,13109,3B,3B,0.0,0,1,11,7,2,13_13109_3B
METROPOLITANA DE SANTIAGO,13,LA CISTERNA,13109,4,4,1436.2092787124784,8,2,21,17,6,13_13109_4
METROPOLITANA DE SANTIAGO,13,LA CISTERNA,13109,5,5,23056.988481397708,4,0,18,15,2,13_13109_5
METROPOLITANA DE SANTIAGO,13,LA FLORIDA,13110,1,1,232337.2406376343,7,1,184,18,1,13_13110_1
METROPOLITANA DE SANTIAGO,13,LA FLORIDA,13110,10,10,18783.636531555036,10,1,45,33,2,13_13110_10
METROPOLITANA DE SANTIAGO,13,LA FLORIDA,13110,11,11,17565.874260414883,3,0,14,11,0,13_13110_11
METROPOLITANA DE SANTIAGO,13,LA FLORIDA,13110,12,12,15562.17276512025,5,0,28,16,1,13_13110_12
METROPOLITANA DE SANTIAGO,13,LA FLORIDA,13110,13,13,64558.526133915795,18,1,83,37,6,13_13110_13
METROPOLITANA DE SANTIAGO,13,LA FLORIDA,13110,14,14,48117.22462535376,15,0,58,18,4,13_13110_14
METROPOLITANA DE SANTIAGO,13,LA FLORIDA,13110,15,15,24964.99110927732,8,1,43,23,3,13_13110_15
METROPOLITANA DE SANTIAGO,13,LA FLORIDA,13110,16,16,10545.843584143291,5,0,41,21,0,13_13110_16
METROPOLITANA DE SANTIAGO,13,LA FLORIDA,13110,17,17,3837.2456109731797,12,1,59,41,4,13_13110_17
METROPOLITANA DE SANTIAGO,13,LA FLORIDA,13110,18,18,47704.54155232811,15,4,91,53,4,13_13110_18
METROPOLITANA DE SANTIAGO,13,LA FLORIDA,13110,19,19,68419.55946383902,18,1,92,47,3,13_13110_19
METROPOLITANA DE SANTIAGO,13,LA FLORIDA,13110,2,2,13381.82520629145,1,0,11,6,0,13_13110_2
METROPOLITANA DE SANTIAGO,13,LA FLORIDA,13110,20,20,38162.15172047215,20,0,68,38,3,13_13110_20
METROPOLITANA DE SANTIAGO,13,LA FLORIDA,13110,21,21,12485.648157318803,6,0,29,10,3,13_13110_21
METROPOLITANA DE SANTIAGO,13,LA FLORIDA,13110,22,22,18889.85269113047,6,0,18,7,0,13_13110_22
METROPOLITANA DE SANTIAGO,13,LA FLORIDA,13110,23,23,37845.13185015418,8,0,34,7,1,13_13110_23
METROPOLITANA DE SANTIAGO,13,LA FLORIDA,13110,24,24,73168.09447692349,11,4,49,34,5,13_13110_24
METROPOLITANA DE SANTIAGO,13,LA FLORIDA,13110,25,25,39989.4972027898,9,0,36,24,0,13_13110_25
METROPOLITANA DE SANTIAGO,13,LA FLORIDA,13110,26,26,34308.356862993416,6,1,37,19,2,13_13110_26
METROPOLITANA DE SANTIAGO,13,LA FLORIDA,13110,28,28,36364.49583764965,1,1,16,7,1,13_13110_28
METROPOLITANA DE SANTIAGO,13,LA FLORIDA,13110,29,29,12682.772077912896,3,0,9,6,0,13_13110_29
METROPOLITANA DE SANTIAGO,13,LA FLORIDA,13110,3,3,105965.81927293229,8,0,30,27,0,13_13110_3
METROPOLITANA DE SANTIAGO,13,LA FLORIDA,13110,27,27,22791.008373072797,1,0,5,2,0,13_13110_27
METROPOLITANA DE SANTIAGO,13,LA FLORIDA,13110,31,31,21645.01262307716,8,0,25,14,0,13_13110_31
METROPOLITANA DE SANTIAGO,13,LA FLORIDA,13110,32,32,31964.11985582362,8,0,31,20,0,13_13110_32
METROPOLITANA DE SANTIAGO,13,LA FLORIDA,13110,33,33,9236.849745885162,3,0,13,11,1,13_13110_33
METROPOLITANA DE SANTIAGO,13,LA FLORIDA,13110,34,34,33967.124588598905,11,3,22,16,2,13_13110_34
METROPOLITANA DE SANTIAGO,13,LA FLORIDA,13110,35,35,10473.260436340046,12,0,14,16,0,13_13110_35
METROPOLITANA DE SANTIAGO,13,LA FLORIDA,13110,36,36,64335.078804061755,6,0,89,28,1,13_13110_36
METROPOLITANA DE SANTIAGO,13,LA FLORIDA,13110,37,37,8566.742161538918,3,0,12,12,0,13_13110_37
METROPOLITANA DE SANTIAGO,13,LA FLORIDA,13110,4,4,41735.44379855529,13,1,35,15,1,13_13110_4
METROPOLITANA DE SANTIAGO,13,LA FLORIDA,13110,5,5,80152.52941287668,9,2,110,32,4,13_13110_5
METROPOLITANA DE SANTIAGO,13,LA FLORIDA,13110,6,6,32174.999020198902,6,4,46,51,22,13_13110_6
METROPOLITANA DE SANTIAGO,13,LA FLORIDA,13110,7,7,6671.2066916032,4,2,24,10,8,13_13110_7
METROPOLITANA DE SANTIAGO,13,LA FLORIDA,13110,8,8,11155.224075352686,4,1,34,7,4,13_13110_8
METROPOLITANA DE SANTIAGO,13,LA FLORIDA,13110,9,9,24667.959915216063,5,0,22,15,0,13_13110_9
METROPOLITANA DE SANTIAGO,13,LA GRANJA,13111,LAS ACACIAS,1,26856.96898266971,5,0,18,15,1,13_13111_1
METROPOLITANA DE SANTIAGO,13,LA GRANJA,13111,LOS FRESNOS,10,35645.997611012695,7,0,36,16,0,13_13111_10
METROPOLITANA DE SANTIAGO,13,LA GRANJA,13111,LOS JACARANDA,11,32202.05857517778,9,0,22,16,1,13_13111_11
METROPOLITANA DE SANTIAGO,13,LA GRANJA,13111,LOS MAITENES,12,16707.803193240492,12,0,15,8,0,13_13111_12
METROPOLITANA DE SANTIAGO,13,LA GRANJA,13111,LOS OLIVOS,13,23665.68601683191,6,0,9,14,0,13_13111_13
METROPOLITANA DE SANTIAGO,13,LA GRANJA,13111,LOS OLMOS,14,1785.4154166783371,3,0,13,8,0,13_13111_14
METROPOLITANA DE SANTIAGO,13,LA GRANJA,13111,LOS PIMIENTOS,15,534680.7810487506,7,0,15,9,0,13_13111_15
METROPOLITANA DE SANTIAGO,13,LA GRANJA,13111,LOS PRUNOS,16,20791.846410839316,3,0,26,11,0,13_13111_16
METROPOLITANA DE SANTIAGO,13,LA GRANJA,13111,LOS TILOS,17,19380.35660470183,3,0,10,9,0,13_13111_17
METROPOLITANA DE SANTIAGO,13,LA GRANJA,13111,LOS ALGARROBOS,2,746.9807192655599,3,1,20,5,0,13_13111_2
METROPOLITANA DE SANTIAGO,13,LA GRANJA,13111,LOS ALMENDROS,3,25709.9990365056,3,1,13,15,2,13_13111_3
METROPOLITANA DE SANTIAGO,13,LA GRANJA,13111,LOS AROMOS,4,6176.981933771917,10,0,14,13,0,13_13111_4
METROPOLITANA DE SANTIAGO,13,LA GRANJA,13111,LOS AVELLANOS,5,29041.17021619263,7,0,18,9,0,13_13111_5
METROPOLITANA DE SANTIAGO,13,LA GRANJA,13111,LOS CASTAÑOS,6,15755.23022625239,3,0,18,7,2,13_13111_6
METROPOLITANA DE SANTIAGO,13,LA GRANJA,13111,LOS CEIBOS,7,9002.452161247978,8,0,40,31,1,13_13111_7
METROPOLITANA DE SANTIAGO,13,LA GRANJA,13111,LOS CIRUELOS,8,9507.410475310055,11,1,38,30,1,13_13111_8
METROPOLITANA DE SANTIAGO,13,LA GRANJA,13111,LAS ENCINAS,9,40453.98211734907,8,1,45,27,4,13_13111_9
METROPOLITANA DE SANTIAGO,13,LA REINA,13113,1,1,27805.874921754203,4,0,45,15,0,13_13113_1
METROPOLITANA DE SANTIAGO,13,LA REINA,13113,10,10,6987.232265109299,1,0,9,6,0,13_13113_10
METROPOLITANA DE SANTIAGO,13,LA REINA,13113,11,11,51702.891589597806,5,0,26,30,2,13_13113_11
METROPOLITANA DE SANTIAGO,13,LA REINA,13113,12,12,630002.6799808848,10,3,127,45,7,13_13113_12
METROPOLITANA DE SANTIAGO,13,LA REINA,13113,13,13,58075.06463685743,10,2,84,50,2,13_13113_13
METROPOLITANA DE SANTIAGO,13,LA REINA,13113,14,14,419903.15461136756,12,0,96,15,0,13_13113_14
METROPOLITANA DE SANTIAGO,13,LA REINA,13113,15,15,29029.114957984406,1,0,7,7,1,13_13113_15
METROPOLITANA DE SANTIAGO,13,LA REINA,13113,2,2,11633.3553836063,1,1,22,9,1,13_13113_2
METROPOLITANA DE SANTIAGO,13,LA REINA,13113,3,3,17894.17872235013,2,0,10,5,4,13_13113_3
METROPOLITANA DE SANTIAGO,13,LA REINA,13113,4,4,2660.5338022671112,2,0,16,12,0,13_13113_4
METROPOLITANA DE SANTIAGO,13,LA REINA,13113,5,5,12167.502993120528,5,1,24,16,1,13_13113_5
METROPOLITANA DE SANTIAGO,13,LA REINA,13113,6,6,2436.784006154543,3,1,22,10,4,13_13113_6
METROPOLITANA DE SANTIAGO,13,LA REINA,13113,7,7,23745.70745237536,1,0,16,9,0,13_13113_7
METROPOLITANA DE SANTIAGO,13,LA REINA,13113,8,8,2189.795098583534,7,1,35,15,1,13_13113_8
METROPOLITANA DE SANTIAGO,13,LA REINA,13113,9,9,1759.6785479341634,0,1,18,7,2,13_13113_9
METROPOLITANA DE SANTIAGO,13,LAS CONDES,13114,C1,001,92951.39109731877,5,3,64,19,14,13_13114_001
METROPOLITANA DE SANTIAGO,13,LAS CONDES,13114,C2,002,34937.29080338249,6,1,59,17,9,13_13114_002
METROPOLITANA DE SANTIAGO,13,LAS CONDES,13114,C3,003,15940.729469553573,3,4,35,14,7,13_13114_003
METROPOLITANA DE SANTIAGO,13,LAS CONDES,13114,C4,004,32155.908976050563,0,1,23,6,1,13_13114_004
METROPOLITANA DE SANTIAGO,13,LAS CONDES,13114,C5,005,31090.26599709053,4,1,47,7,4,13_13114_005
METROPOLITANA DE SANTIAGO,13,LAS CONDES,13114,C6,006,40961.6128499877,2,3,38,16,6,13_13114_006
METROPOLITANA DE SANTIAGO,13,LAS CONDES,13114,C7,007,22801.080910024182,3,2,42,11,7,13_13114_007
METROPOLITANA DE SANTIAGO,13,LAS CONDES,13114,C8,008,10907.869340996102,0,2,45,20,9,13_13114_008
METROPOLITANA DE SANTIAGO,13,LAS CONDES,13114,C9,009,335706.0314426187,10,3,71,21,6,13_13114_009
METROPOLITANA DE SANTIAGO,13,LAS CONDES,13114,C10,010,16220.695377091042,2,0,31,5,1,13_13114_010
METROPOLITANA DE SANTIAGO,13,LAS CONDES,13114,C11,011,5255.617300781345,2,0,36,2,2,13_13114_011
METROPOLITANA DE SANTIAGO,13,LAS CONDES,13114,C12,012,23799.550835880495,4,1,55,18,2,13_13114_012
METROPOLITANA DE SANTIAGO,13,LAS CONDES,13114,C13,013,17179.251196263038,5,0,61,17,3,13_13114_013
METROPOLITANA DE SANTIAGO,13,LAS CONDES,13114,C14,014,11328.867032359274,6,1,77,17,1,13_13114_014
METROPOLITANA DE SANTIAGO,13,LAS CONDES,13114,C15,015,176570.55380760066,4,4,107,28,9,13_13114_015
METROPOLITANA DE SANTIAGO,13,LAS CONDES,13114,C16,016,10960.979423057832,1,2,59,16,7,13_13114_016
METROPOLITANA DE SANTIAGO,13,LAS CONDES,13114,C17,017,98523.00331674033,5,2,63,26,3,13_13114_017
METROPOLITANA DE SANTIAGO,13,LAS CONDES,13114,C18,018,10582.821092651466,4,2,42,12,6,13_13114_018
METROPOLITANA DE SANTIAGO,13,LAS CONDES,13114,C19,019,26064.917719709003,3,1,50,7,2,13_13114_019
METROPOLITANA DE SANTIAGO,13,LAS CONDES,13114,C20,020,37268.18197969928,14,3,174,21,8,13_13114_020
METROPOLITANA DE SANTIAGO,13,LAS CONDES,13114,C21,021,37396.14593347287,6,0,87,30,2,13_13114_021
METROPOLITANA DE SANTIAGO,13,LAS CONDES,13114,C22,022,18400.72868692109,4,0,22,11,0,13_13114_022
METROPOLITANA DE SANTIAGO,13,LAS CONDES,13114,C23,023,62930.42776059983,8,0,53,32,0,13_13114_023
METROPOLITANA DE SANTIAGO,13,LAS CONDES,13114,C24,024,91093.05710680518,5,0,162,23,1,13_13114_024
METROPOLITANA DE SANTIAGO,13,LAS CONDES,13114,C25,025,171720.4234858158,12,4,165,33,9,13_13114_025
METROPOLITANA DE SANTIAGO,13,LO BARNECHEA,13115,001,001,33213.62297528042,2,1,92,13,4,13_13115_001
METROPOLITANA DE SANTIAGO,13,LO BARNECHEA,13115,002,002,52298.67329693311,2,2,75,21,6,13_13115_002
METROPOLITANA DE SANTIAGO,13,LO BARNECHEA,13115,003,003,130534.1811304344,15,2,94,29,2,13_13115_003
METROPOLITANA DE SANTIAGO,13,LO BARNECHEA,13115,004,004,520074.54792303,15,1,71,31,4,13_13115_004
METROPOLITANA DE SANTIAGO,13,LO BARNECHEA,13115,005,005,390706.2221755282,3,1,291,38,3,13_13115_005
METROPOLITANA DE SANTIAGO,13,LO BARNECHEA,13115,006,006,85753.80081900925,5,1,189,18,2,13_13115_006
METROPOLITANA DE SANTIAGO,13,LO BARNECHEA,13115,007,007,151196.03303110646,0,0,56,7,0,13_13115_007
METROPOLITANA DE SANTIAGO,13,LO BARNECHEA,13115,008,008,88862.52276083097,3,3,72,22,3,13_13115_008
METROPOLITANA DE SANTIAGO,13,LO BARNECHEA,13115,009,009,45048.75745383883,4,0,103,16,1,13_13115_009
METROPOLITANA DE SANTIAGO,13,LO BARNECHEA,13115,010,010,23589.626093207822,2,0,38,0,0,13_13115_010
METROPOLITANA DE SANTIAGO,13,LO BARNECHEA,13115,011,011,5154.014756160273,1,0,21,0,0,13_13115_011
METROPOLITANA DE SANTIAGO,13,LO BARNECHEA,13115,012R,012R,40860.32782357517,2,0,11,0,0,13_13115_012R
METROPOLITANA DE SANTIAGO,13,LO BARNECHEA,13115,013R,013R,0.0,5,0,11,0,0,13_13115_013R
METROPOLITANA DE SANTIAGO,13,LO ESPEJO,13116,24,24,37618.14219621768,9,1,21,15,0,13_13116_24
METROPOLITANA DE SANTIAGO,13,LO ESPEJO,13116,25,25,60090.07413091721,10,0,32,30,1,13_13116_25
METROPOLITANA DE SANTIAGO,13,LO ESPEJO,13116,26,26,92231.67909009,8,0,25,30,0,13_13116_26
METROPOLITANA DE SANTIAGO,13,LO ESPEJO,13116,27,27,3192.048141991056,0,0,2,2,0,13_13116_27
METROPOLITANA DE SANTIAGO,13,LO ESPEJO,13116,28,28,3273.685365807645,2,0,4,4,0,13_13116_28
METROPOLITANA DE SANTIAGO,13,LO ESPEJO,13116,29,29,9123.477845449921,4,0,17,14,1,13_13116_29
METROPOLITANA DE SANTIAGO,13,LO ESPEJO,13116,30,30,2919.224498353565,2,0,5,5,1,13_13116_30
METROPOLITANA DE SANTIAGO,13,LO ESPEJO,13116,31,31,14314.678826820364,4,0,21,11,0,13_13116_31
METROPOLITANA DE SANTIAGO,13,LO ESPEJO,13116,32,32,2150.9052029350864,0,0,7,3,1,13_13116_32
METROPOLITANA DE SANTIAGO,13,LO ESPEJO,13116,34,34,24923.98594285981,3,0,6,4,0,13_13116_34
METROPOLITANA DE SANTIAGO,13,LO ESPEJO,13116,35,35,49190.533366733594,10,1,17,10,2,13_13116_35
METROPOLITANA DE SANTIAGO,13,LO ESPEJO,13116,36,36,29253.350000891674,8,0,15,11,0,13_13116_36
METROPOLITANA DE SANTIAGO,13,LO ESPEJO,13116,37A,37A,10241.853743582224,7,0,32,20,0,13_13116_37A
METROPOLITANA DE SANTIAGO,13,LO ESPEJO,13116,37B,37B,36117.71852284439,8,0,33,32,1,13_13116_37B
METROPOLITANA DE SANTIAGO,13,LO PRADO,13117,1,1,6004.761614602238,3,0,5,7,0,13_13117_1
METROPOLITANA DE SANTIAGO,13,LO PRADO,13117,10,10,4148.803454825041,3,1,15,9,2,13_13117_10
METROPOLITANA DE SANTIAGO,13,LO PRADO,13117,11,11,66883.88927830545,9,0,13,12,0,13_13117_11
METROPOLITANA DE SANTIAGO,13,LO PRADO,13117,12,12,7753.670158078425,2,1,11,13,1,13_13117_12
METROPOLITANA DE SANTIAGO,13,LO PRADO,13117,13,13,12115.591139379076,3,0,20,7,0,13_13117_13
METROPOLITANA DE SANTIAGO,13,LO PRADO,13117,14,14,6978.336843924463,3,0,15,7,0,13_13117_14
METROPOLITANA DE SANTIAGO,13,LO PRADO,13117,15,15,2967.7902820527975,2,0,13,7,1,13_13117_15
METROPOLITANA DE SANTIAGO,13,LO PRADO,13117,16,16,5342.001218917806,3,0,11,5,0,13_13117_16
METROPOLITANA DE SANTIAGO,13,LO PRADO,13117,17,17,7949.586133618401,3,0,7,5,1,13_13117_17
METROPOLITANA DE SANTIAGO,13,LO PRADO,13117,18,18,6599.746529487098,2,0,2,3,0,13_13117_18
METROPOLITANA DE SANTIAGO,13,LO PRADO,13117,19,19,911.4106538278013,0,1,11,1,1,13_13117_19
METROPOLITANA DE SANTIAGO,13,LO PRADO,13117,2,2,3126.632046903792,2,0,12,5,0,13_13117_2
METROPOLITANA DE SANTIAGO,13,LO PRADO,13117,20,20,617.6615530109397,1,0,4,3,0,13_13117_20
METROPOLITANA DE SANTIAGO,13,LO PRADO,13117,21,21,542.8429252967766,3,0,11,4,0,13_13117_21
METROPOLITANA DE SANTIAGO,13,LO PRADO,13117,22,22,0.0,0,0,3,2,0,13_13117_22
METROPOLITANA DE SANTIAGO,13,LO PRADO,13117,23,23,18591.824302860914,2,0,5,5,1,13_13117_23
METROPOLITANA DE SANTIAGO,13,LO PRADO,13117,24,24,8591.295514127893,0,0,2,1,0,13_13117_24
METROPOLITANA DE SANTIAGO,13,LO PRADO,13117,3,3,16417.52757526525,6,0,17,9,0,13_13117_3
METROPOLITANA DE SANTIAGO,13,LO PRADO,13117,4,4,5534.1778092660925,3,1,14,7,2,13_13117_4
METROPOLITANA DE SANTIAGO,13,LO PRADO,13117,5,5,25986.055794582597,5,0,13,11,0,13_13117_5
METROPOLITANA DE SANTIAGO,13,LO PRADO,13117,6,6,1795.3672542190045,0,1,7,12,1,13_13117_6
METROPOLITANA DE SANTIAGO,13,LO PRADO,13117,7,7,4426.842686826938,3,0,20,18,3,13_13117_7
METROPOLITANA DE SANTIAGO,13,LO PRADO,13117,8,8,15284.25456171819,1,1,15,5,1,13_13117_8
METROPOLITANA DE SANTIAGO,13,LO PRADO,13117,9,9,3310.513576712792,3,1,16,13,4,13_13117_9
METROPOLITANA DE SANTIAGO,13,LO PRADO,13117,SIN DEFINICION COMUNAL,NO DEF,74811.40154316556,3,0,4,25,4,13_13117_NO DEF
METROPOLITANA DE SANTIAGO,13,MACUL,13118,1,1,69970.22290473084,4,1,63,27,0,13_13118_1
METROPOLITANA DE SANTIAGO,13,MACUL,13118,10,10,23442.085520636672,2,0,20,13,2,13_13118_10
METROPOLITANA DE SANTIAGO,13,MACUL,13118,11,11,27609.684503224267,5,0,31,19,0,13_13118_11
METROPOLITANA DE SANTIAGO,13,MACUL,13118,12,12,12266.527263614165,2,0,20,12,2,13_13118_12
METROPOLITANA DE SANTIAGO,13,MACUL,13118,13,13,30529.74025406931,7,2,35,34,2,13_13118_13
METROPOLITANA DE SANTIAGO,13,MACUL,13118,14,14,27470.261425547673,6,0,24,18,0,13_13118_14
METROPOLITANA DE SANTIAGO,13,MACUL,13118,15,15,12267.794236777394,1,0,15,7,1,13_13118_15
METROPOLITANA DE SANTIAGO,13,MACUL,13118,16,16,13316.608656667857,4,0,12,7,0,13_13118_16
METROPOLITANA DE SANTIAGO,13,MACUL,13118,17,17,48169.651664424986,6,0,24,11,0,13_13118_17
METROPOLITANA DE SANTIAGO,13,MACUL,13118,18,18,14991.589041860065,1,0,25,11,1,13_13118_18
METROPOLITANA DE SANTIAGO,13,MACUL,13118,19,19,13167.970951043555,5,1,22,13,2,13_13118_19
METROPOLITANA DE SANTIAGO,13,MACUL,13118,2,2,783.2499593789599,1,2,22,29,5,13_13118_2
METROPOLITANA DE SANTIAGO,13,MACUL,13118,20,20,29241.97022013307,2,0,32,9,2,13_13118_20
METROPOLITANA DE SANTIAGO,13,MACUL,13118,3,3,11460.474702662355,3,0,8,3,0,13_13118_3
METROPOLITANA DE SANTIAGO,13,MACUL,13118,4,4,16684.431460856373,1,0,11,5,0,13_13118_4
METROPOLITANA DE SANTIAGO,13,MACUL,13118,5,5,52450.97586603457,11,0,27,12,0,13_13118_5
METROPOLITANA DE SANTIAGO,13,MACUL,13118,6,6,553.7945144670192,6,0,8,7,1,13_13118_6
METROPOLITANA DE SANTIAGO,13,MACUL,13118,7,7,2117.608903314243,1,1,18,8,0,13_13118_7
METROPOLITANA DE SANTIAGO,13,MACUL,13118,8,8,11833.850535925774,3,1,22,14,0,13_13118_8
METROPOLITANA DE SANTIAGO,13,MACUL,13118,9,9,62434.57013225985,3,0,19,9,0,13_13118_9
METROPOLITANA DE SANTIAGO,13,MAIPU,13119,1,1,261843.5516461805,17,3,114,45,3,13_13119_1
METROPOLITANA DE SANTIAGO,13,MAIPU,13119,10,10,14271.17220950375,3,0,17,9,0,13_13119_10
METROPOLITANA DE SANTIAGO,13,MAIPU,13119,11,11,17487.30590854572,4,0,23,7,0,13_13119_11
METROPOLITANA DE SANTIAGO,13,MAIPU,13119,12,12,18632.304431547574,8,0,28,8,2,13_13119_12
METROPOLITANA DE SANTIAGO,13,MAIPU,13119,13,13,13419.932343020695,7,1,25,7,15,13_13119_13
METROPOLITANA DE SANTIAGO,13,MAIPU,13119,14,14,34158.917647381044,11,0,37,14,0,13_13119_14
METROPOLITANA DE SANTIAGO,13,MAIPU,13119,15,15,146407.16616081007,10,2,55,17,2,13_13119_15
METROPOLITANA DE SANTIAGO,13,MAIPU,13119,16,16,47918.294450061985,16,0,52,20,4,13_13119_16
METROPOLITANA DE SANTIAGO,13,MAIPU,13119,17,17,13184.515682595822,3,4,34,15,4,13_13119_17
METROPOLITANA DE SANTIAGO,13,MAIPU,13119,18,18,90864.60530100716,3,2,49,27,4,13_13119_18
METROPOLITANA DE SANTIAGO,13,MAIPU,13119,19,19,21473.821862515193,7,0,21,14,0,13_13119_19
METROPOLITANA DE SANTIAGO,13,MAIPU,13119,2,2,120142.22589962813,26,6,143,71,11,13_13119_2
METROPOLITANA DE SANTIAGO,13,MAIPU,13119,20,20,35403.02840857404,6,0,31,16,1,13_13119_20
METROPOLITANA DE SANTIAGO,13,MAIPU,13119,21,21,143067.674881634,9,0,46,30,0,13_13119_21
METROPOLITANA DE SANTIAGO,13,MAIPU,13119,22,22,224363.45959744713,33,5,162,73,9,13_13119_22
METROPOLITANA DE SANTIAGO,13,MAIPU,13119,23,23,378343.92909257364,22,6,181,45,12,13_13119_23
METROPOLITANA DE SANTIAGO,13,MAIPU,13119,24,24,94413.71364870998,9,3,78,52,4,13_13119_24
METROPOLITANA DE SANTIAGO,13,MAIPU,13119,25,25,28498.55579391977,1,0,50,45,0,13_13119_25
METROPOLITANA DE SANTIAGO,13,MAIPU,13119,3,3,372429.5476505942,19,3,155,87,8,13_13119_3
METROPOLITANA DE SANTIAGO,13,MAIPU,13119,34,34,103473.27386216243,10,4,121,55,6,13_13119_34
METROPOLITANA DE SANTIAGO,13,MAIPU,13119,36,36,274017.919637272,37,2,184,118,5,13_13119_36
METROPOLITANA DE SANTIAGO,13,MAIPU,13119,4,4,59754.10547970911,2,2,57,8,2,13_13119_4
METROPOLITANA DE SANTIAGO,13,MAIPU,13119,5,5,169018.597024431,9,1,53,8,0,13_13119_5
METROPOLITANA DE SANTIAGO,13,MAIPU,13119,6,6,28322.69946794762,7,0,14,8,0,13_13119_6
METROPOLITANA DE SANTIAGO,13,MAIPU,13119,7,7,15946.610404016861,16,1,30,19,3,13_13119_7
METROPOLITANA DE SANTIAGO,13,MAIPU,13119,8,8,107527.37814029276,8,1,40,23,4,13_13119_8
METROPOLITANA DE SANTIAGO,13,MAIPU,13119,9,9,12337.546243766245,3,0,24,9,0,13_13119_9
METROPOLITANA DE SANTIAGO,13,MAIPU,13119,SIN DEFINICION COMUNAL,NO DEF,3610.549514654636,3,0,0,16,1,13_13119_NO DEF
METROPOLITANA DE SANTIAGO,13,NUNOA,13120,001,001,19538.381799459115,0,1,23,6,2,13_13120_001
METROPOLITANA DE SANTIAGO,13,NUNOA,13120,002,002,5568.855803658916,2,0,12,1,0,13_13120_002
METROPOLITANA DE SANTIAGO,13,NUNOA,13120,003,003,3041.8157807324956,2,0,20,13,4,13_13120_003
METROPOLITANA DE SANTIAGO,13,NUNOA,13120,004,004,17063.664616891616,0,0,36,4,2,13_13120_004
METROPOLITANA DE SANTIAGO,13,NUNOA,13120,005,005,16120.678181914936,4,1,16,14,5,13_13120_005
METROPOLITANA DE SANTIAGO,13,NUNOA,13120,006,006,3224.3039334147315,9,1,28,15,3,13_13120_006
METROPOLITANA DE SANTIAGO,13,NUNOA,13120,007,007,10843.464880483827,3,1,19,10,4,13_13120_007
METROPOLITANA DE SANTIAGO,13,NUNOA,13120,008,008,3351.371963447677,4,4,21,23,13,13_13120_008
METROPOLITANA DE SANTIAGO,13,NUNOA,13120,009,009,1120.5888070153087,0,1,24,15,3,13_13120_009
METROPOLITANA DE SANTIAGO,13,NUNOA,13120,010,010,7471.467211878376,2,2,14,14,4,13_13120_010
METROPOLITANA DE SANTIAGO,13,NUNOA,13120,011,011,3667.8867647338857,1,1,8,11,2,13_13120_011
METROPOLITANA DE SANTIAGO,13,NUNOA,13120,012,012,18346.604635800595,2,3,19,22,5,13_13120_012
METROPOLITANA DE SANTIAGO,13,NUNOA,13120,013,013,0.0,0,0,18,8,0,13_13120_013
METROPOLITANA DE SANTIAGO,13,NUNOA,13120,014,014,7050.251476896826,4,3,19,19,10,13_13120_014
METROPOLITANA DE SANTIAGO,13,NUNOA,13120,015,015,0.0,3,0,11,16,0,13_13120_015
METROPOLITANA DE SANTIAGO,13,NUNOA,13120,016,016,0.0,5,1,10,14,6,13_13120_016
METROPOLITANA DE SANTIAGO,13,NUNOA,13120,017,017,9574.8999921349,4,0,13,6,0,13_13120_017
METROPOLITANA DE SANTIAGO,13,NUNOA,13120,018,018,11730.050318508931,4,0,15,11,2,13_13120_018
METROPOLITANA DE SANTIAGO,13,NUNOA,13120,019,019,2206.544202998892,1,0,14,5,0,13_13120_019
METROPOLITANA DE SANTIAGO,13,NUNOA,13120,020,020,48916.81942951873,0,1,24,14,4,13_13120_020
METROPOLITANA DE SANTIAGO,13,NUNOA,13120,021,021,25981.224006378772,3,0,13,8,0,13_13120_021
METROPOLITANA DE SANTIAGO,13,NUNOA,13120,022,022,4410.75888853208,2,3,20,11,3,13_13120_022
METROPOLITANA DE SANTIAGO,13,NUNOA,13120,023,023,38334.172165114534,2,1,34,8,0,13_13120_023
METROPOLITANA DE SANTIAGO,13,NUNOA,13120,024,024,36892.13326485457,4,0,26,13,0,13_13120_024
METROPOLITANA DE SANTIAGO,13,NUNOA,13120,025,025,4457.783896301109,2,1,10,5,1,13_13120_025
METROPOLITANA DE SANTIAGO,13,NUNOA,13120,026,026,106410.83208815375,3,0,9,10,0,13_13120_026
METROPOLITANA DE SANTIAGO,13,NUNOA,13120,027,027,35411.92738618901,2,1,10,5,1,13_13120_027
METROPOLITANA DE SANTIAGO,13,NUNOA,13120,028,028,0.0,4,1,3,6,3,13_13120_028
METROPOLITANA DE SANTIAGO,13,NUNOA,13120,029,029,0.0,10,0,13,8,1,13_13120_029
METROPOLITANA DE SANTIAGO,13,NUNOA,13120,030,030,0.0,1,0,11,4,0,13_13120_030
METROPOLITANA DE SANTIAGO,13,NUNOA,13120,031,031,7404.234057094285,2,1,12,7,1,13_13120_031
METROPOLITANA DE SANTIAGO,13,NUNOA,13120,032,032,11313.445541882573,2,1,17,9,1,13_13120_032
METROPOLITANA DE SANTIAGO,13,NUNOA,13120,033,033,5697.975922839543,2,0,12,4,0,13_13120_033
METROPOLITANA DE SANTIAGO,13,NUNOA,13120,034,034,0.0,1,0,8,2,0,13_13120_034
METROPOLITANA DE SANTIAGO,13,NUNOA,13120,035,035,0.0,1,0,7,2,0,13_13120_035
METROPOLITANA DE SANTIAGO,13,NUNOA,13120,036,036,36994.074641003994,3,0,26,15,1,13_13120_036
METROPOLITANA DE SANTIAGO,13,NUNOA,13120,037,037,6305.974676052188,3,0,24,11,0,13_13120_037
METROPOLITANA DE SANTIAGO,13,PEDRO AGUIRRE CERDA,13121,MIGUEL DAVILA,1,24606.038928942795,7,0,29,22,1,13_13121_1
METROPOLITANA DE SANTIAGO,13,PEDRO AGUIRRE CERDA,13121,UNIVERSIDAD DE CHILE,10,17020.185273161143,2,0,8,1,0,13_13121_10
METROPOLITANA DE SANTIAGO,13,PEDRO AGUIRRE CERDA,13121,SAN MIGUEL,11-A,113457.40565556087,3,0,10,7,0,13_13121_11-A
METROPOLITANA DE SANTIAGO,13,PEDRO AGUIRRE CERDA,13121,HISTORICA DE CHILE,11-B,1652.3914150164553,0,0,12,5,0,13_13121_11-B
METROPOLITANA DE SANTIAGO,13,PEDRO AGUIRRE CERDA,13121,LO VALLEDOR NORTE,11-H,10736.967292701504,10,0,20,6,0,13_13121_11-H
METROPOLITANA DE SANTIAGO,13,PEDRO AGUIRRE CERDA,13121,VILLA CENTENARIO,12,7119.9025990578975,2,0,7,7,2,13_13121_12
METROPOLITANA DE SANTIAGO,13,PEDRO AGUIRRE CERDA,13121,ALBERTO RISOPATRON B,12-H,43695.45804569621,4,0,10,6,0,13_13121_12-H
METROPOLITANA DE SANTIAGO,13,PEDRO AGUIRRE CERDA,13121,UNION Y ESFUERZO,13,13573.932190829179,4,0,8,2,0,13_13121_13
METROPOLITANA DE SANTIAGO,13,PEDRO AGUIRRE CERDA,13121,EL ESFUERZO,14,15380.300847383189,7,1,41,21,2,13_13121_14
METROPOLITANA DE SANTIAGO,13,PEDRO AGUIRRE CERDA,13121,ANTONIO ACEVEDO H,15,0.0,3,0,5,5,1,13_13121_15
METROPOLITANA DE SANTIAGO,13,PEDRO AGUIRRE CERDA,13121,VILLA MANUEL RODRIGUEZ,16,107930.79087260341,3,0,5,6,0,13_13121_16
METROPOLITANA DE SANTIAGO,13,PEDRO AGUIRRE CERDA,13121,VILLA SUR,2,17760.743849111335,5,0,13,10,1,13_13121_2
METROPOLITANA DE SANTIAGO,13,PEDRO AGUIRRE CERDA,13121,NUEVA SANTA ADRIANA,24,15147.776944071547,4,0,21,14,1,13_13121_24
METROPOLITANA DE SANTIAGO,13,PEDRO AGUIRRE CERDA,13121,VILLA SUR,27,2588.305391729751,4,0,6,3,1,13_13121_27
METROPOLITANA DE SANTIAGO,13,PEDRO AGUIRRE CERDA,13121,LO VALLEDOR SUR,28,7272.459651032707,7,0,7,3,0,13_13121_28
METROPOLITANA DE SANTIAGO,13,PEDRO AGUIRRE CERDA,13121,LA VICTORIA,3,1698.6421561843713,2,0,23,6,0,13_13121_3
METROPOLITANA DE SANTIAGO,13,PEDRO AGUIRRE CERDA,13121,VILLA NUEVA ESPERANZA,3-A,12367.466098646431,3,0,17,3,0,13_13121_3-A
METROPOLITANA DE SANTIAGO,13,PEDRO AGUIRRE CERDA,13121,FRATERNAL FERROVIARIA,32,1938.7687528718088,4,1,12,4,3,13_13121_32
METROPOLITANA DE SANTIAGO,13,PEDRO AGUIRRE CERDA,13121,JOSE MARIA CARO,33,32131.8495789956,3,0,9,2,0,13_13121_33
METROPOLITANA DE SANTIAGO,13,PEDRO AGUIRRE CERDA,13121,UNION Y AMISTAD,34,25054.97778596887,4,0,7,2,0,13_13121_34
METROPOLITANA DE SANTIAGO,13,PEDRO AGUIRRE CERDA,13121,SAN JOAQUIN PONIENTE,4,23434.471903232843,6,0,21,17,0,13_13121_4
METROPOLITANA DE SANTIAGO,13,PEDRO AGUIRRE CERDA,13121,VILLA NUMANCIA,5,1097.7400385067629,0,0,7,2,2,13_13121_5
METROPOLITANA DE SANTIAGO,13,PEDRO AGUIRRE CERDA,13121,EL MIRADOR,6,20404.772604169008,2,0,7,3,0,13_13121_6
METROPOLITANA DE SANTIAGO,13,PEDRO AGUIRRE CERDA,13121,EL CARMELO,7,649.3498448264738,2,0,5,5,1,13_13121_7
METROPOLITANA DE SANTIAGO,13,PEDRO AGUIRRE CERDA,13121,POBLACION ALESSANDRI,8,8829.534238244141,4,1,10,10,1,13_13121_8
METROPOLITANA DE SANTIAGO,13,PEDRO AGUIRRE CERDA,13121,NUEVA LO VALLEDOR,8H,2062.2944161756022,3,1,14,5,3,13_13121_8H
METROPOLITANA DE SANTIAGO,13,PEDRO AGUIRRE CERDA,13121,BALMACEDA,9,2475.7590250885687,4,0,4,0,0,13_13121_9
METROPOLITANA DE SANTIAGO,13,PENALOLEN,13122,1,1,11824.08569221164,2,0,26,15,0,13_13122_1
METROPOLITANA DE SANTIAGO,13,PENALOLEN,13122,10,10,10604.258062272082,6,1,18,9,4,13_13122_10
METROPOLITANA DE SANTIAGO,13,PENALOLEN,13122,11,11,6577.543731451398,6,0,13,3,1,13_13122_11
METROPOLITANA DE SANTIAGO,13,PENALOLEN,13122,12,12,16691.120662507295,2,1,9,10,0,13_13122_12
METROPOLITANA DE SANTIAGO,13,PENALOLEN,13122,13,13,18654.64215916724,3,0,10,5,0,13_13122_13
METROPOLITANA DE SANTIAGO,13,PENALOLEN,13122,14,14,21729.007076353628,7,0,16,4,2,13_13122_14
METROPOLITANA DE SANTIAGO,13,PENALOLEN,13122,15,15,1939.002076740921,1,0,14,12,0,13_13122_15
METROPOLITANA DE SANTIAGO,13,PENALOLEN,13122,16,16,5066.661260680838,4,0,14,11,2,13_13122_16
METROPOLITANA DE SANTIAGO,13,PENALOLEN,13122,17,17,14186.041310427849,7,1,20,16,4,13_13122_17
METROPOLITANA DE SANTIAGO,13,PENALOLEN,13122,18,18,45337.55857661486,9,0,43,24,1,13_13122_18
METROPOLITANA DE SANTIAGO,13,PENALOLEN,13122,19,19,109905.28321484971,12,1,63,32,8,13_13122_19
METROPOLITANA DE SANTIAGO,13,PENALOLEN,13122,2,2,5648.649888397525,1,0,6,4,1,13_13122_2
METROPOLITANA DE SANTIAGO,13,PENALOLEN,13122,20,20,30046.337774890133,8,0,57,12,0,13_13122_20
METROPOLITANA DE SANTIAGO,13,PENALOLEN,13122,21,21,15911.515146113203,7,1,35,10,1,13_13122_21
METROPOLITANA DE SANTIAGO,13,PENALOLEN,13122,22,22,11791.5390654788,4,0,11,6,1,13_13122_22
METROPOLITANA DE SANTIAGO,13,PENALOLEN,13122,23,23,29085.655706297966,4,1,23,9,0,13_13122_23
METROPOLITANA DE SANTIAGO,13,PENALOLEN,13122,24,24,5017.93114837799,2,1,11,4,1,13_13122_24
METROPOLITANA DE SANTIAGO,13,PENALOLEN,13122,25,25,29519.338402032237,7,0,30,12,0,13_13122_25
METROPOLITANA DE SANTIAGO,13,PENALOLEN,13122,26,26,18627.320169254413,2,0,9,5,0,13_13122_26
METROPOLITANA DE SANTIAGO,13,PENALOLEN,13122,27,27,35085.36990270765,6,0,14,6,1,13_13122_27
METROPOLITANA DE SANTIAGO,13,PENALOLEN,13122,28,28,12600.728766853954,7,0,12,9,1,13_13122_28
METROPOLITANA DE SANTIAGO,13,PENALOLEN,13122,29,29,650589.2797872478,27,6,425,110,13,13_13122_29
METROPOLITANA DE SANTIAGO,13,PENALOLEN,13122,3,3,6459.004436123656,3,0,5,5,0,13_13122_3
METROPOLITANA DE SANTIAGO,13,PENALOLEN,13122,30,30,4052.5675454786083,2,0,9,2,0,13_13122_30
METROPOLITANA DE SANTIAGO,13,PENALOLEN,13122,31,31,26249.008855661003,8,0,29,9,1,13_13122_31
METROPOLITANA DE SANTIAGO,13,PENALOLEN,13122,4,4,12852.50522314965,4,0,19,18,0,13_13122_4
METROPOLITANA DE SANTIAGO,13,PENALOLEN,13122,5,5,5889.2721476675715,3,1,23,15,2,13_13122_5
METROPOLITANA DE SANTIAGO,13,PENALOLEN,13122,6,6,29540.37551327697,2,1,15,6,0,13_13122_6
METROPOLITANA DE SANTIAGO,13,PENALOLEN,13122,7,7,0.0,1,0,9,6,1,13_13122_7
METROPOLITANA DE SANTIAGO,13,PENALOLEN,13122,8,8,169475.28034216873,3,0,10,9,0,13_13122_8
METROPOLITANA DE SANTIAGO,13,PENALOLEN,13122,9,9,0.0,1,0,6,2,0,13_13122_9
METROPOLITANA DE SANTIAGO,13,PROVIDENCIA,13123,1,1,34231.82203488292,2,2,19,7,11,13_13123_1
METROPOLITANA DE SANTIAGO,13,PROVIDENCIA,13123,10,10,24592.615081638018,4,1,36,14,2,13_13123_10
METROPOLITANA DE SANTIAGO,13,PROVIDENCIA,13123,11,11,31425.640741179544,2,4,21,14,23,13_13123_11
METROPOLITANA DE SANTIAGO,13,PROVIDENCIA,13123,12,12,1105630.8952266714,0,0,37,11,1,13_13123_12
METROPOLITANA DE SANTIAGO,13,PROVIDENCIA,13123,13,13,526041.7828757708,3,0,30,9,3,13_13123_13
METROPOLITANA DE SANTIAGO,13,PROVIDENCIA,13123,14,14,78821.65995754761,2,3,22,13,4,13_13123_14
METROPOLITANA DE SANTIAGO,13,PROVIDENCIA,13123,15,15,16822.367582853207,6,2,46,12,1,13_13123_15
METROPOLITANA DE SANTIAGO,13,PROVIDENCIA,13123,16,16,36366.19423844075,2,1,27,16,5,13_13123_16
METROPOLITANA DE SANTIAGO,13,PROVIDENCIA,13123,2,2,48671.869748796635,3,2,40,23,9,13_13123_2
METROPOLITANA DE SANTIAGO,13,PROVIDENCIA,13123,3,3,32027.380742801444,4,4,30,17,9,13_13123_3
METROPOLITANA DE SANTIAGO,13,PROVIDENCIA,13123,4,4,1815.5606159355955,3,2,40,19,17,13_13123_4
METROPOLITANA DE SANTIAGO,13,PROVIDENCIA,13123,5,5,31904.121608698086,7,3,50,23,7,13_13123_5
METROPOLITANA DE SANTIAGO,13,PROVIDENCIA,13123,6,6,8424.035196967594,5,3,36,32,6,13_13123_6
METROPOLITANA DE SANTIAGO,13,PROVIDENCIA,13123,7,7,79439.62952428193,7,2,39,18,4,13_13123_7
METROPOLITANA DE SANTIAGO,13,PROVIDENCIA,13123,8,8,9129.38010101551,4,2,35,17,4,13_13123_8
METROPOLITANA DE SANTIAGO,13,PROVIDENCIA,13123,9,9,56244.835649157074,3,1,27,8,4,13_13123_9
METROPOLITANA DE SANTIAGO,13,PUDAHUEL,13124,1,1,15759.205479387947,2,0,11,6,0,13_13124_1
METROPOLITANA DE SANTIAGO,13,PUDAHUEL,13124,10,10,5090.850693986038,2,1,10,2,0,13_13124_10
METROPOLITANA DE SANTIAGO,13,PUDAHUEL,13124,11,11,8209.541150787061,1,0,10,8,0,13_13124_11
METROPOLITANA DE SANTIAGO,13,PUDAHUEL,13124,12,12,983.9723117815886,1,1,7,2,0,13_13124_12
METROPOLITANA DE SANTIAGO,13,PUDAHUEL,13124,13,13,8527.68138113938,2,0,8,5,2,13_13124_13
METROPOLITANA DE SANTIAGO,13,PUDAHUEL,13124,14,14,12344.321715770373,2,0,10,4,1,13_13124_14
METROPOLITANA DE SANTIAGO,13,PUDAHUEL,13124,15,15,674.2919269740942,1,0,7,4,1,13_13124_15
METROPOLITANA DE SANTIAGO,13,PUDAHUEL,13124,16,16,454.6045120106878,10,3,13,8,1,13_13124_16
METROPOLITANA DE SANTIAGO,13,PUDAHUEL,13124,17,17,35106.4378838857,3,0,10,3,2,13_13124_17
METROPOLITANA DE SANTIAGO,13,PUDAHUEL,13124,19,19,10100.17017505772,3,1,10,4,1,13_13124_19
METROPOLITANA DE SANTIAGO,13,PUDAHUEL,13124,2,2,6435.230386228138,3,0,11,6,0,13_13124_2
METROPOLITANA DE SANTIAGO,13,PUDAHUEL,13124,20,20,13623.979282892391,2,0,15,5,0,13_13124_20
METROPOLITANA DE SANTIAGO,13,PUDAHUEL,13124,21,21,7380.802071254096,2,0,7,3,0,13_13124_21
METROPOLITANA DE SANTIAGO,13,PUDAHUEL,13124,22,22,6513.87134118094,1,0,8,4,1,13_13124_22
METROPOLITANA DE SANTIAGO,13,PUDAHUEL,13124,23,23,3240.0375785379833,0,0,8,10,1,13_13124_23
METROPOLITANA DE SANTIAGO,13,PUDAHUEL,13124,24,24,36075.536852922945,2,0,8,2,0,13_13124_24
METROPOLITANA DE SANTIAGO,13,PUDAHUEL,13124,25,25,3143.0736637011187,4,0,11,11,0,13_13124_25
METROPOLITANA DE SANTIAGO,13,PUDAHUEL,13124,26,26,35722.257452996935,3,0,14,7,0,13_13124_26
METROPOLITANA DE SANTIAGO,13,PUDAHUEL,13124,27,27,15110.946733440676,2,1,8,2,0,13_13124_27
METROPOLITANA DE SANTIAGO,13,PUDAHUEL,13124,28,28,98242.36998383734,12,1,89,31,2,13_13124_28
METROPOLITANA DE SANTIAGO,13,PUDAHUEL,13124,29,29,38154.168984600816,3,0,23,10,1,13_13124_29
METROPOLITANA DE SANTIAGO,13,PUDAHUEL,13124,3,3,58596.81693974657,1,0,7,3,0,13_13124_3
METROPOLITANA DE SANTIAGO,13,PUDAHUEL,13124,30,30,22730.802347222623,3,1,23,7,2,13_13124_30
METROPOLITANA DE SANTIAGO,13,PUDAHUEL,13124,31,31,77761.99316967027,6,3,49,21,7,13_13124_31
METROPOLITANA DE SANTIAGO,13,PUDAHUEL,13124,32,32,45829.793330344255,10,1,41,26,1,13_13124_32
METROPOLITANA DE SANTIAGO,13,PUDAHUEL,13124,33,33,45152.98084990968,9,0,39,15,3,13_13124_33
METROPOLITANA DE SANTIAGO,13,PUDAHUEL,13124,34,34,8519.521121053542,9,0,143,86,1,13_13124_34
METROPOLITANA DE SANTIAGO,13,PUDAHUEL,13124,35,35,144707.1091201575,8,2,196,76,3,13_13124_35
METROPOLITANA DE SANTIAGO,13,PUDAHUEL,13124,36,36,25675.691227044492,1,1,40,16,2,13_13124_36
METROPOLITANA DE SANTIAGO,13,PUDAHUEL,13124,37,37,45538.27386167833,3,1,72,44,1,13_13124_37
METROPOLITANA DE SANTIAGO,13,PUDAHUEL,13124,4,4,40238.892309315066,3,0,10,10,0,13_13124_4
METROPOLITANA DE SANTIAGO,13,PUDAHUEL,13124,5,5,11373.006829056554,4,0,9,7,2,13_13124_5
METROPOLITANA DE SANTIAGO,13,PUDAHUEL,13124,6,6,45301.804314668756,7,0,21,13,0,13_13124_6
METROPOLITANA DE SANTIAGO,13,PUDAHUEL,13124,7,7,12633.172379032398,2,0,18,9,0,13_13124_7
METROPOLITANA DE SANTIAGO,13,PUDAHUEL,13124,8,8,13953.51836519575,5,0,34,14,1,13_13124_8
METROPOLITANA DE SANTIAGO,13,PUDAHUEL,13124,9,9,2027.7362127899394,1,0,9,9,1,13_13124_9
METROPOLITANA DE SANTIAGO,13,PUDAHUEL,13124,SIN DEFINICION COMUNAL,NO DEF,84915.2556524538,2,0,0,7,1,13_13124_NO DEF
METROPOLITANA DE SANTIAGO,13,QUILICURA,13125,001,001,35849.213988623786,3,0,17,15,1,13_13125_001
METROPOLITANA DE SANTIAGO,13,QUILICURA,13125,002,002,15434.549436473511,4,0,17,4,0,13_13125_002
METROPOLITANA DE SANTIAGO,13,QUILICURA,13125,003,003,8148.83827437424,8,1,24,8,5,13_13125_003
METROPOLITANA DE SANTIAGO,13,QUILICURA,13125,004,004,9438.312300825175,1,0,13,10,2,13_13125_004
METROPOLITANA DE SANTIAGO,13,QUILICURA,13125,005,005,64258.25829607793,7,0,58,17,1,13_13125_005
METROPOLITANA DE SANTIAGO,13,QUILICURA,13125,006,006,46385.76471698989,3,1,51,10,4,13_13125_006
METROPOLITANA DE SANTIAGO,13,QUILICURA,13125,007,007,881.3940325488712,4,0,11,15,0,13_13125_007
METROPOLITANA DE SANTIAGO,13,QUILICURA,13125,008,008,84527.1823970735,5,2,65,17,7,13_13125_008
METROPOLITANA DE SANTIAGO,13,QUILICURA,13125,009,009,11256.733464498415,3,0,9,8,3,13_13125_009
METROPOLITANA DE SANTIAGO,13,QUILICURA,13125,010,010,12395.678718140518,0,0,110,75,0,13_13125_010
METROPOLITANA DE SANTIAGO,13,QUILICURA,13125,011,011,3938.7876796124096,1,0,2,0,0,13_13125_011
METROPOLITANA DE SANTIAGO,13,QUILICURA,13125,012,012,19170.632598640103,4,0,7,5,0,13_13125_012
METROPOLITANA DE SANTIAGO,13,QUILICURA,13125,013,013,45603.5281898529,1,1,34,22,3,13_13125_013
METROPOLITANA DE SANTIAGO,13,QUILICURA,13125,014,014,3865.1038567208698,0,1,7,5,0,13_13125_014
METROPOLITANA DE SANTIAGO,13,QUILICURA,13125,015,015,2956.659295052141,1,0,12,6,2,13_13125_015
METROPOLITANA DE SANTIAGO,13,QUILICURA,13125,016,016,38425.536253219325,3,1,36,12,3,13_13125_016
METROPOLITANA DE SANTIAGO,13,QUILICURA,13125,017,017,25525.827353202047,3,0,31,11,0,13_13125_017
METROPOLITANA DE SANTIAGO,13,QUILICURA,13125,018,018,5103.896367277315,3,0,10,6,2,13_13125_018
METROPOLITANA DE SANTIAGO,13,QUILICURA,13125,019,019,7019.228662035019,3,1,15,9,3,13_13125_019
METROPOLITANA DE SANTIAGO,13,QUILICURA,13125,020,020,29350.06878411681,5,0,18,6,0,13_13125_020
METROPOLITANA DE SANTIAGO,13,QUILICURA,13125,021,021,32125.68645122708,1,0,69,17,0,13_13125_021
METROPOLITANA DE SANTIAGO,13,QUILICURA,13125,022,022,9626.230905664603,7,0,20,6,0,13_13125_022
METROPOLITANA DE SANTIAGO,13,QUILICURA,13125,023,023,83490.56771717613,1,2,74,4,3,13_13125_023
METROPOLITANA DE SANTIAGO,13,QUILICURA,13125,024,024,0.0,0,0,28,22,0,13_13125_024
METROPOLITANA DE SANTIAGO,13,QUILICURA,13125,025,025,3318.2095422931543,1,0,10,1,0,13_13125_025
METROPOLITANA DE SANTIAGO,13,QUILICURA,13125,026,026,6369.420868777504,2,0,4,7,1,13_13125_026
METROPOLITANA DE SANTIAGO,13,QUILICURA,13125,027,027,37970.55376329407,2,0,16,0,0,13_13125_027
METROPOLITANA DE SANTIAGO,13,QUILICURA,13125,028,028,18600.386641180427,4,0,17,5,0,13_13125_028
METROPOLITANA DE SANTIAGO,13,QUILICURA,13125,029,029,26659.85622522558,2,0,9,3,0,13_13125_029
METROPOLITANA DE SANTIAGO,13,QUILICURA,13125,030,030,50845.79104669749,2,0,37,15,1,13_13125_030
METROPOLITANA DE SANTIAGO,13,QUILICURA,13125,031,031,77455.87131036769,1,2,64,22,1,13_13125_031
METROPOLITANA DE SANTIAGO,13,QUILICURA,13125,032,032,10995.069537535634,4,0,12,4,0,13_13125_032
METROPOLITANA DE SANTIAGO,13,QUILICURA,13125,033,033,20528.80451175732,1,0,20,5,0,13_13125_033
METROPOLITANA DE SANTIAGO,13,QUINTA NORMAL,13126,10,10,1093.337994604161,1,0,8,11,0,13_13126_10
METROPOLITANA DE SANTIAGO,13,QUINTA NORMAL,13126,11,11,15426.035690483974,3,0,11,7,0,13_13126_11
METROPOLITANA DE SANTIAGO,13,QUINTA NORMAL,13126,12,12,1462.4108665047177,2,0,11,8,1,13_13126_12
METROPOLITANA DE SANTIAGO,13,QUINTA NORMAL,13126,13,13,0.0,1,0,15,14,1,13_13126_13
METROPOLITANA DE SANTIAGO,13,QUINTA NORMAL,13126,14,14,9309.445710759022,10,1,7,10,1,13_13126_14
METROPOLITANA DE SANTIAGO,13,QUINTA NORMAL,13126,15,15,2688.7747805792637,1,0,13,9,1,13_13126_15
METROPOLITANA DE SANTIAGO,13,QUINTA NORMAL,13126,16,16,1150.1010266404994,2,2,12,12,4,13_13126_16
METROPOLITANA DE SANTIAGO,13,QUINTA NORMAL,13126,17,17,7916.162737867438,6,0,9,12,0,13_13126_17
METROPOLITANA DE SANTIAGO,13,QUINTA NORMAL,13126,18,18,2585.692714729029,2,1,8,5,1,13_13126_18
METROPOLITANA DE SANTIAGO,13,QUINTA NORMAL,13126,19,19,5330.727675425819,1,0,17,9,1,13_13126_19
METROPOLITANA DE SANTIAGO,13,QUINTA NORMAL,13126,20,20,671.249351937424,2,1,9,8,1,13_13126_20
METROPOLITANA DE SANTIAGO,13,QUINTA NORMAL,13126,3,3,231842.36662494994,0,1,7,5,1,13_13126_3
METROPOLITANA DE SANTIAGO,13,QUINTA NORMAL,13126,22,22,2628.5772330040077,0,0,5,2,0,13_13126_22
METROPOLITANA DE SANTIAGO,13,QUINTA NORMAL,13126,23,23,19502.078816441346,1,0,6,4,1,13_13126_23
METROPOLITANA DE SANTIAGO,13,QUINTA NORMAL,13126,24,24,32921.18948567496,2,0,9,2,0,13_13126_24
METROPOLITANA DE SANTIAGO,13,QUINTA NORMAL,13126,25,25,2133.016027548747,1,1,12,8,1,13_13126_25
METROPOLITANA DE SANTIAGO,13,QUINTA NORMAL,13126,26,26,1219.47930181098,1,0,9,2,0,13_13126_26
METROPOLITANA DE SANTIAGO,13,QUINTA NORMAL,13126,27,27,15520.437963166649,3,0,9,14,1,13_13126_27
METROPOLITANA DE SANTIAGO,13,QUINTA NORMAL,13126,28,28,0.0,2,0,6,3,0,13_13126_28
METROPOLITANA DE SANTIAGO,13,QUINTA NORMAL,13126,29,29,2194.0339538442295,1,0,8,3,0,13_13126_29
METROPOLITANA DE SANTIAGO,13,QUINTA NORMAL,13126,30,30,7028.77472124215,2,0,9,5,1,13_13126_30
METROPOLITANA DE SANTIAGO,13,QUINTA NORMAL,13126,31,31,0.0,0,0,8,5,1,13_13126_31
METROPOLITANA DE SANTIAGO,13,QUINTA NORMAL,13126,32,32,2256.7265082360154,1,1,10,6,1,13_13126_32
METROPOLITANA DE SANTIAGO,13,QUINTA NORMAL,13126,33,33,1149.9571454021784,6,0,12,8,0,13_13126_33
METROPOLITANA DE SANTIAGO,13,QUINTA NORMAL,13126,34,34,9443.031570608988,4,0,14,5,1,13_13126_34
METROPOLITANA DE SANTIAGO,13,QUINTA NORMAL,13126,2,2,6016.7039247142975,2,0,14,0,1,13_13126_2
METROPOLITANA DE SANTIAGO,13,QUINTA NORMAL,13126,4,4,2301.044815899725,4,0,16,15,0,13_13126_4
METROPOLITANA DE SANTIAGO,13,QUINTA NORMAL,13126,5,5,3519.1064688311726,4,0,4,1,0,13_13126_5
METROPOLITANA DE SANTIAGO,13,QUINTA NORMAL,13126,6,6,0.0,2,1,11,20,2,13_13126_6
METROPOLITANA DE SANTIAGO,13,QUINTA NORMAL,13126,7,7,662.4962832124854,2,0,7,10,0,13_13126_7
METROPOLITANA DE SANTIAGO,13,QUINTA NORMAL,13126,8,8,0.0,0,0,13,18,0,13_13126_8
METROPOLITANA DE SANTIAGO,13,QUINTA NORMAL,13126,9,9,5383.997884355178,3,0,16,6,1,13_13126_9
METROPOLITANA DE SANTIAGO,13,RECOLETA,13127,1,1,42885.77730239509,4,0,8,19,2,13_13127_1
METROPOLITANA DE SANTIAGO,13,RECOLETA,13127,10,10,15371.428125587094,5,0,14,17,0,13_13127_10
METROPOLITANA DE SANTIAGO,13,RECOLETA,13127,11,11,10047.238912737932,1,0,8,8,0,13_13127_11
METROPOLITANA DE SANTIAGO,13,RECOLETA,13127,12,12,3940.6984254998306,2,0,10,7,1,13_13127_12
METROPOLITANA DE SANTIAGO,13,RECOLETA,13127,13,13,6788.29046104972,2,0,11,5,0,13_13127_13
METROPOLITANA DE SANTIAGO,13,RECOLETA,13127,14,14,0.0,0,0,8,8,2,13_13127_14
METROPOLITANA DE SANTIAGO,13,RECOLETA,13127,15,15,891895.5061196336,4,0,29,27,1,13_13127_15
METROPOLITANA DE SANTIAGO,13,RECOLETA,13127,16,16,5574.847943410941,4,0,18,11,1,13_13127_16
METROPOLITANA DE SANTIAGO,13,RECOLETA,13127,17,17,19768.533402661113,3,1,12,12,2,13_13127_17
METROPOLITANA DE SANTIAGO,13,RECOLETA,13127,18,18,6997.624316371123,5,0,26,9,0,13_13127_18
METROPOLITANA DE SANTIAGO,13,RECOLETA,13127,19,19,14564.879344948971,1,1,19,11,2,13_13127_19
METROPOLITANA DE SANTIAGO,13,RECOLETA,13127,2,2,21742.490638663938,4,0,15,12,0,13_13127_2
METROPOLITANA DE SANTIAGO,13,RECOLETA,13127,20,20,18086.26616505699,4,0,17,1,0,13_13127_20
METROPOLITANA DE SANTIAGO,13,RECOLETA,13127,21,21,1423.4412064118012,1,0,7,11,1,13_13127_21
METROPOLITANA DE SANTIAGO,13,RECOLETA,13127,23,23,195.19884906105352,2,1,17,15,4,13_13127_23
METROPOLITANA DE SANTIAGO,13,RECOLETA,13127,24,24,142.96582776147935,9,2,29,18,1,13_13127_24
METROPOLITANA DE SANTIAGO,13,RECOLETA,13127,25,25,586.4058293664328,2,0,10,5,0,13_13127_25
METROPOLITANA DE SANTIAGO,13,RECOLETA,13127,26A,26A,125266.3861762063,1,0,10,11,0,13_13127_26A
METROPOLITANA DE SANTIAGO,13,RECOLETA,13127,26B,26B,7992.311992242976,1,1,4,3,1,13_13127_26B
METROPOLITANA DE SANTIAGO,13,RECOLETA,13127,27,27,226645.26185146815,1,0,11,1,0,13_13127_27
METROPOLITANA DE SANTIAGO,13,RECOLETA,13127,28,28,82867.70394862139,0,0,8,1,0,13_13127_28
METROPOLITANA DE SANTIAGO,13,RECOLETA,13127,29,29,0.0,1,0,10,4,0,13_13127_29
METROPOLITANA DE SANTIAGO,13,RECOLETA,13127,3,3,2465.150637692567,3,0,23,6,1,13_13127_3
METROPOLITANA DE SANTIAGO,13,RECOLETA,13127,30,30,532592.0158131324,0,0,6,1,0,13_13127_30
METROPOLITANA DE SANTIAGO,13,RECOLETA,13127,31,31,14464.180850988749,4,0,16,9,1,13_13127_31
METROPOLITANA DE SANTIAGO,13,RECOLETA,13127,32,32,214700.07880017327,5,1,30,21,11,13_13127_32
METROPOLITANA DE SANTIAGO,13,RECOLETA,13127,33,33,417662.48896030866,4,2,18,8,2,13_13127_33
METROPOLITANA DE SANTIAGO,13,RECOLETA,13127,34,34,3311.0650349796156,3,1,27,10,7,13_13127_34
METROPOLITANA DE SANTIAGO,13,RECOLETA,13127,35,35,15517.748592503618,4,0,17,7,0,13_13127_35
METROPOLITANA DE SANTIAGO,13,RECOLETA,13127,4,4,0.0,4,0,10,5,1,13_13127_4
METROPOLITANA DE SANTIAGO,13,RECOLETA,13127,5,5,14488.338138353816,3,0,19,18,0,13_13127_5
METROPOLITANA DE SANTIAGO,13,RECOLETA,13127,6,6,19049.30439808062,2,1,22,11,3,13_13127_6
METROPOLITANA DE SANTIAGO,13,RECOLETA,13127,7,7,3016.3692013672753,2,0,9,7,4,13_13127_7
METROPOLITANA DE SANTIAGO,13,RECOLETA,13127,8,8,66849.84216541282,3,0,4,7,0,13_13127_8
METROPOLITANA DE SANTIAGO,13,RECOLETA,13127,9,9,5301.128504962543,2,0,4,3,0,13_13127_9
METROPOLITANA DE SANTIAGO,13,RENCA,13128,001,001,57571.45296806257,6,2,91,24,5,13_13128_001
METROPOLITANA DE SANTIAGO,13,RENCA,13128,002,002,4677.778146364051,2,0,6,5,0,13_13128_002
METROPOLITANA DE SANTIAGO,13,RENCA,13128,003,003,4806.289643070585,2,0,7,5,0,13_13128_003
METROPOLITANA DE SANTIAGO,13,RENCA,13128,004,004,1243.7356440986505,4,0,14,6,1,13_13128_004
METROPOLITANA DE SANTIAGO,13,RENCA,13128,005,005,5512.412447581053,4,0,9,7,1,13_13128_005
METROPOLITANA DE SANTIAGO,13,RENCA,13128,006,006,18937.27592328624,3,0,17,7,0,13_13128_006
METROPOLITANA DE SANTIAGO,13,RENCA,13128,007,007,7024.369473039745,4,0,10,4,0,13_13128_007
METROPOLITANA DE SANTIAGO,13,RENCA,13128,009,009,588.7972009207442,0,1,9,2,0,13_13128_009
METROPOLITANA DE SANTIAGO,13,RENCA,13128,010,010,1569.9015708195595,2,0,9,8,0,13_13128_010
METROPOLITANA DE SANTIAGO,13,RENCA,13128,011,011,1596.4960349824378,0,0,8,1,0,13_13128_011
METROPOLITANA DE SANTIAGO,13,RENCA,13128,012,012,12912.88836235437,9,1,24,13,2,13_13128_012
METROPOLITANA DE SANTIAGO,13,RENCA,13128,013,013,2080.17264802305,0,0,9,0,0,13_13128_013
METROPOLITANA DE SANTIAGO,13,RENCA,13128,014,014,0.0,2,1,5,3,2,13_13128_014
METROPOLITANA DE SANTIAGO,13,RENCA,13128,015,015,0.0,2,1,5,1,2,13_13128_015
METROPOLITANA DE SANTIAGO,13,RENCA,13128,016,016,10094.652196243658,1,0,2,2,0,13_13128_016
METROPOLITANA DE SANTIAGO,13,RENCA,13128,017,017,0.0,1,1,4,2,1,13_13128_017
METROPOLITANA DE SANTIAGO,13,RENCA,13128,018,018,0.0,1,0,7,2,0,13_13128_018
METROPOLITANA DE SANTIAGO,13,RENCA,13128,020,020,4566.357506582406,4,0,10,5,2,13_13128_020
METROPOLITANA DE SANTIAGO,13,RENCA,13128,021,021,24436.041184305195,2,0,7,8,0,13_13128_021
METROPOLITANA DE SANTIAGO,13,RENCA,13128,022,022,0.0,0,0,6,4,0,13_13128_022
METROPOLITANA DE SANTIAGO,13,RENCA,13128,024,024,0.0,0,0,5,2,0,13_13128_024
METROPOLITANA DE SANTIAGO,13,RENCA,13128,025,025,1128.731564688155,0,0,3,4,0,13_13128_025
METROPOLITANA DE SANTIAGO,13,RENCA,13128,029,029,1396.6686819722975,0,0,5,2,0,13_13128_029
METROPOLITANA DE SANTIAGO,13,RENCA,13128,033,033,7711.408704159672,2,0,10,2,0,13_13128_033
METROPOLITANA DE SANTIAGO,13,RENCA,13128,034,034,19562.296872664705,1,0,11,8,0,13_13128_034
METROPOLITANA DE SANTIAGO,13,RENCA,13128,035,035,13400.66170629004,0,0,9,2,0,13_13128_035
METROPOLITANA DE SANTIAGO,13,RENCA,13128,036,036,34711.82127406592,2,0,10,9,1,13_13128_036
METROPOLITANA DE SANTIAGO,13,RENCA,13128,037,037,39958.96675754423,1,0,9,5,0,13_13128_037
METROPOLITANA DE SANTIAGO,13,RENCA,13128,038,038,1965.5847695310217,0,0,5,2,0,13_13128_038
METROPOLITANA DE SANTIAGO,13,RENCA,13128,039,039,11858.637660821136,0,0,9,6,0,13_13128_039
METROPOLITANA DE SANTIAGO,13,RENCA,13128,040,040,8032.0057056183205,2,0,8,4,0,13_13128_040
METROPOLITANA DE SANTIAGO,13,RENCA,13128,041,041,13910.358689814184,0,0,8,4,0,13_13128_041
METROPOLITANA DE SANTIAGO,13,RENCA,13128,042,042,4853.821163783819,1,0,9,3,0,13_13128_042
METROPOLITANA DE SANTIAGO,13,RENCA,13128,043,043,16838.105211791582,5,0,20,8,0,13_13128_043
METROPOLITANA DE SANTIAGO,13,RENCA,13128,044,044,45789.513728886195,1,2,69,22,1,13_13128_044
METROPOLITANA DE SANTIAGO,13,RENCA,13128,045,045,6933.388926349317,1,0,14,8,1,13_13128_045
METROPOLITANA DE SANTIAGO,13,RENCA,13128,046,046,713.7608224631202,1,0,15,0,0,13_13128_046
METROPOLITANA DE SANTIAGO,13,RENCA,13128,047,047,154617.3217122947,1,0,4,4,0,13_13128_047
METROPOLITANA DE SANTIAGO,13,RENCA,13128,14B,14B,37854.58773218137,4,0,52,27,0,13_13128_14B
METROPOLITANA DE SANTIAGO,13,RENCA,13128,19A,19A,4275.014117379506,1,0,6,0,0,13_13128_19A
METROPOLITANA DE SANTIAGO,13,RENCA,13128,19B,19B,0.0,0,0,2,1,0,13_13128_19B
METROPOLITANA DE SANTIAGO,13,RENCA,13128,23A,23A,0.0,1,0,8,3,1,13_13128_23A
METROPOLITANA DE SANTIAGO,13,RENCA,13128,23B,23B,6950.747207381398,7,0,19,9,0,13_13128_23B
METROPOLITANA DE SANTIAGO,13,RENCA,13128,SIN DEFINICION COMUNAL,NO DEF,89971.53501813032,4,0,23,5,0,13_13128_NO DEF
METROPOLITANA DE SANTIAGO,13,SAN JOAQUIN,13129,001,001,4385.920278944102,3,0,19,10,2,13_13129_001
METROPOLITANA DE SANTIAGO,13,SAN JOAQUIN,13129,002,002,16672.571250825004,1,0,16,10,1,13_13129_002
METROPOLITANA DE SANTIAGO,13,SAN JOAQUIN,13129,003,003,25035.899053623165,2,0,17,16,1,13_13129_003
METROPOLITANA DE SANTIAGO,13,SAN JOAQUIN,13129,004,004,89454.44923119765,3,0,11,7,0,13_13129_004
METROPOLITANA DE SANTIAGO,13,SAN JOAQUIN,13129,005,005,12057.771198551403,3,0,13,5,0,13_13129_005
METROPOLITANA DE SANTIAGO,13,SAN JOAQUIN,13129,006,006,14795.685682341036,1,0,4,4,0,13_13129_006
METROPOLITANA DE SANTIAGO,13,SAN JOAQUIN,13129,007,007,9127.611408403794,5,1,13,7,0,13_13129_007
METROPOLITANA DE SANTIAGO,13,SAN JOAQUIN,13129,008,008,25006.2405222475,2,0,21,5,0,13_13129_008
METROPOLITANA DE SANTIAGO,13,SAN JOAQUIN,13129,009,009,10959.231571368073,2,0,8,4,1,13_13129_009
METROPOLITANA DE SANTIAGO,13,SAN JOAQUIN,13129,010,010,9153.890010863934,5,0,8,7,1,13_13129_010
METROPOLITANA DE SANTIAGO,13,SAN JOAQUIN,13129,011,011,5280.431877692499,1,2,13,5,1,13_13129_011
METROPOLITANA DE SANTIAGO,13,SAN JOAQUIN,13129,012,012,4425.951796941796,2,0,9,5,0,13_13129_012
METROPOLITANA DE SANTIAGO,13,SAN JOAQUIN,13129,013,013,15991.507522616783,2,0,7,7,0,13_13129_013
METROPOLITANA DE SANTIAGO,13,SAN JOAQUIN,13129,014,014,1126.1186801206543,6,0,33,29,1,13_13129_014
METROPOLITANA DE SANTIAGO,13,SAN JOAQUIN,13129,015,015,1969.7454619990506,6,0,5,13,1,13_13129_015
METROPOLITANA DE SANTIAGO,13,SAN JOAQUIN,13129,016,016,3219.6760517035523,0,0,10,4,0,13_13129_016
METROPOLITANA DE SANTIAGO,13,SAN JOAQUIN,13129,017,017,16460.63596354258,1,0,15,8,0,13_13129_017
METROPOLITANA DE SANTIAGO,13,SAN JOAQUIN,13129,018,018,5190.109248667553,2,0,6,2,1,13_13129_018
METROPOLITANA DE SANTIAGO,13,SAN JOAQUIN,13129,019,019,15775.526059473139,6,0,8,3,0,13_13129_019
METROPOLITANA DE SANTIAGO,13,SAN JOAQUIN,13129,020,020,5087.034712360157,2,0,10,7,0,13_13129_020
METROPOLITANA DE SANTIAGO,13,SAN JOAQUIN,13129,021,021,2158.52089196287,1,0,10,11,0,13_13129_021
METROPOLITANA DE SANTIAGO,13,SAN JOAQUIN,13129,022,022,5819.42554570753,6,0,12,6,0,13_13129_022
METROPOLITANA DE SANTIAGO,13,SAN JOAQUIN,13129,023,023,6440.546212983163,0,0,7,13,0,13_13129_023
METROPOLITANA DE SANTIAGO,13,SAN JOAQUIN,13129,024,024,853.0672245185791,1,0,10,5,0,13_13129_024
METROPOLITANA DE SANTIAGO,13,SAN JOAQUIN,13129,025,025,3353.0635771172983,4,0,16,6,0,13_13129_025
METROPOLITANA DE SANTIAGO,13,SAN JOAQUIN,13129,026,026,57991.450355602465,0,0,4,3,0,13_13129_026
METROPOLITANA DE SANTIAGO,13,SAN JOAQUIN,13129,027,027,16849.74515530078,2,0,5,3,1,13_13129_027
METROPOLITANA DE SANTIAGO,13,SAN JOAQUIN,13129,028,028,22835.384578185683,3,0,11,9,0,13_13129_028
METROPOLITANA DE SANTIAGO,13,SAN JOAQUIN,13129,029,029,7099.208576027629,0,0,6,6,1,13_13129_029
METROPOLITANA DE SANTIAGO,13,SAN JOAQUIN,13129,030,030,15219.56355920265,2,0,20,6,1,13_13129_030
METROPOLITANA DE SANTIAGO,13,SAN JOAQUIN,13129,031,031,32350.3631810685,7,1,13,9,1,13_13129_031
METROPOLITANA DE SANTIAGO,13,SAN JOAQUIN,13129,032,032,507.4939679849422,1,0,11,6,1,13_13129_032
METROPOLITANA DE SANTIAGO,13,SAN MIGUEL,13130,17A,17A,2292.1536202139373,6,2,43,31,7,13_13130_17A
METROPOLITANA DE SANTIAGO,13,SAN MIGUEL,13130,17B,17B,0.0,0,0,7,5,0,13_13130_17B
METROPOLITANA DE SANTIAGO,13,SAN MIGUEL,13130,18,18,3487.731389925995,0,0,5,1,0,13_13130_18
METROPOLITANA DE SANTIAGO,13,SAN MIGUEL,13130,19,19,10931.167230996994,0,0,7,2,0,13_13130_19
METROPOLITANA DE SANTIAGO,13,SAN MIGUEL,13130,20,20,2721.357687948631,8,0,18,14,4,13_13130_20
METROPOLITANA DE SANTIAGO,13,SAN MIGUEL,13130,21,21,5728.494132147058,2,0,17,6,6,13_13130_21
METROPOLITANA DE SANTIAGO,13,SAN MIGUEL,13130,22,22,16455.22413720081,5,0,11,3,0,13_13130_22
METROPOLITANA DE SANTIAGO,13,SAN MIGUEL,13130,23,23,27464.775870932222,0,0,12,3,0,13_13130_23
METROPOLITANA DE SANTIAGO,13,SAN MIGUEL,13130,24,24,35725.34372641126,2,1,20,12,2,13_13130_24
METROPOLITANA DE SANTIAGO,13,SAN MIGUEL,13130,25,25,26310.412413109276,0,1,6,5,0,13_13130_25
METROPOLITANA DE SANTIAGO,13,SAN MIGUEL,13130,26,26,40531.3570094201,5,0,10,20,2,13_13130_26
METROPOLITANA DE SANTIAGO,13,SAN MIGUEL,13130,46,46,0.0,8,0,14,7,2,13_13130_46
METROPOLITANA DE SANTIAGO,13,SAN MIGUEL,13130,47,47,5737.665231116404,1,2,16,8,3,13_13130_47
METROPOLITANA DE SANTIAGO,13,SAN MIGUEL,13130,48,48,623.7391459818114,4,0,17,18,0,13_13130_48
METROPOLITANA DE SANTIAGO,13,SAN MIGUEL,13130,49,49,2498.9561550671533,2,0,6,3,0,13_13130_49
METROPOLITANA DE SANTIAGO,13,SAN MIGUEL,13130,50,50,2241.7142051258816,2,0,9,6,0,13_13130_50
METROPOLITANA DE SANTIAGO,13,SAN MIGUEL,13130,51,51,15125.810166345811,4,0,20,11,1,13_13130_51
METROPOLITANA DE SANTIAGO,13,SAN MIGUEL,13130,52,52,12162.641263284917,3,0,9,8,2,13_13130_52
METROPOLITANA DE SANTIAGO,13,SAN MIGUEL,13130,53,53,2465.250514981407,3,0,15,10,3,13_13130_53
METROPOLITANA DE SANTIAGO,13,SAN MIGUEL,13130,54,54,0.0,7,1,20,10,1,13_13130_54
METROPOLITANA DE SANTIAGO,13,VITACURA,13132,001,001,368340.76898182987,3,3,100,19,9,13_13132_001
METROPOLITANA DE SANTIAGO,13,VITACURA,13132,002,002,4240.029408329898,4,2,49,15,4,13_13132_002
METROPOLITANA DE SANTIAGO,13,VITACURA,13132,003,003,4552.684905286763,3,1,39,17,3,13_13132_003
METROPOLITANA DE SANTIAGO,13,VITACURA,13132,004,004,45392.83658855003,3,1,57,13,2,13_13132_004
METROPOLITANA DE SANTIAGO,13,VITACURA,13132,005,005,48637.60451076172,3,0,42,19,2,13_13132_005
METROPOLITANA DE SANTIAGO,13,VITACURA,13132,006,006,35444.71678278869,3,1,34,11,2,13_13132_006
METROPOLITANA DE SANTIAGO,13,VITACURA,13132,007,007,35738.664409538294,4,0,26,9,3,13_13132_007
METROPOLITANA DE SANTIAGO,13,VITACURA,13132,008,008,18104.652373138695,4,0,23,9,2,13_13132_008
METROPOLITANA DE SANTIAGO,13,VITACURA,13132,009,009,24429.482969787623,4,3,48,17,7,13_13132_009
METROPOLITANA DE SANTIAGO,13,VITACURA,13132,010,010,20729.709801515055,0,1,74,17,0,13_13132_010
METROPOLITANA DE SANTIAGO,13,VITACURA,13132,011,011,92479.16865681109,3,0,80,16,4,13_13132_011
METROPOLITANA DE SANTIAGO,13,VITACURA,13132,012,012,2450.3002808019282,0,0,62,2,0,13_13132_012
METROPOLITANA DE SANTIAGO,13,VITACURA,13132,013,013,892362.564268647,3,1,139,18,4,13_13132_013
METROPOLITANA DE SANTIAGO,13,PUENTE ALTO,13201,A01,A01,59318.01679545212,4,0,55,22,1,13_13201_A01
METROPOLITANA DE SANTIAGO,13,PUENTE ALTO,13201,A02,A02,8471.61633763439,1,0,19,6,2,13_13201_A02
METROPOLITANA DE SANTIAGO,13,PUENTE ALTO,13201,A03,A03,10127.160650762067,3,0,14,4,0,13_13201_A03
METROPOLITANA DE SANTIAGO,13,PUENTE ALTO,13201,A04,A04,7579.475609962857,2,1,9,6,3,13_13201_A04
METROPOLITANA DE SANTIAGO,13,PUENTE ALTO,13201,A05,A05,18642.746132953052,6,0,21,15,2,13_13201_A05
METROPOLITANA DE SANTIAGO,13,PUENTE ALTO,13201,A06,A06,19979.448778774,8,1,29,8,0,13_13201_A06
METROPOLITANA DE SANTIAGO,13,PUENTE ALTO,13201,A07,A07,9128.382023618737,2,0,10,2,0,13_13201_A07
METROPOLITANA DE SANTIAGO,13,PUENTE ALTO,13201,A08,A08,16708.937367592378,5,0,19,12,0,13_13201_A08
METROPOLITANA DE SANTIAGO,13,PUENTE ALTO,13201,A09,A09,16516.58631774393,5,0,15,7,0,13_13201_A09
METROPOLITANA DE SANTIAGO,13,PUENTE ALTO,13201,A10,A10,15806.433297568909,13,0,18,6,0,13_13201_A10
METROPOLITANA DE SANTIAGO,13,PUENTE ALTO,13201,A11,A11,11098.62609930878,0,0,12,4,0,13_13201_A11
METROPOLITANA DE SANTIAGO,13,PUENTE ALTO,13201,A12,A12,32916.6221281298,0,0,16,3,0,13_13201_A12
METROPOLITANA DE SANTIAGO,13,PUENTE ALTO,13201,A13,A13,19699.718516072226,3,1,28,13,2,13_13201_A13
METROPOLITANA DE SANTIAGO,13,PUENTE ALTO,13201,A14,A14,77432.51523449588,2,1,59,16,1,13_13201_A14
METROPOLITANA DE SANTIAGO,13,PUENTE ALTO,13201,A15,A15,16662.281484773506,10,2,36,13,0,13_13201_A15
METROPOLITANA DE SANTIAGO,13,PUENTE ALTO,13201,A16,A16,0.0,1,0,10,8,0,13_13201_A16
METROPOLITANA DE SANTIAGO,13,PUENTE ALTO,13201,A17,A17,22914.86066796719,7,0,29,21,0,13_13201_A17
METROPOLITANA DE SANTIAGO,13,PUENTE ALTO,13201,A18,A18,90347.47176228516,13,0,35,24,0,13_13201_A18
METROPOLITANA DE SANTIAGO,13,PUENTE ALTO,13201,A19,A19,37169.709941168716,5,0,20,11,0,13_13201_A19
METROPOLITANA DE SANTIAGO,13,PUENTE ALTO,13201,A20,A20,38067.579370008854,2,1,23,11,0,13_13201_A20
METROPOLITANA DE SANTIAGO,13,PUENTE ALTO,13201,A21,A21,21752.36995138589,8,0,19,11,0,13_13201_A21
METROPOLITANA DE SANTIAGO,13,PUENTE ALTO,13201,A22,A22,28268.05154815908,6,0,28,21,1,13_13201_A22
METROPOLITANA DE SANTIAGO,13,PUENTE ALTO,13201,A23,A23,5800.853844494584,3,1,16,16,2,13_13201_A23
METROPOLITANA DE SANTIAGO,13,PUENTE ALTO,13201,A24,A24,6133.871586529145,2,0,14,8,0,13_13201_A24
METROPOLITANA DE SANTIAGO,13,PUENTE ALTO,13201,A25,A25,815.875962949055,1,1,5,5,0,13_13201_A25
METROPOLITANA DE SANTIAGO,13,PUENTE ALTO,13201,A26,A26,52366.17732055826,4,0,40,14,0,13_13201_A26
METROPOLITANA DE SANTIAGO,13,PUENTE ALTO,13201,A27,A27,14347.571206338049,5,0,8,7,0,13_13201_A27
METROPOLITANA DE SANTIAGO,13,PUENTE ALTO,13201,A28,A28,15117.643561745595,2,0,7,9,0,13_13201_A28
METROPOLITANA DE SANTIAGO,13,PUENTE ALTO,13201,A29,A29,32335.813369789223,6,0,31,9,0,13_13201_A29
METROPOLITANA DE SANTIAGO,13,PUENTE ALTO,13201,A30,A30,0.0,2,0,10,6,0,13_13201_A30
METROPOLITANA DE SANTIAGO,13,PUENTE ALTO,13201,A31,A31,91305.9867355425,6,0,50,19,1,13_13201_A31
METROPOLITANA DE SANTIAGO,13,PUENTE ALTO,13201,A32,A32,16863.09327176601,3,0,21,7,0,13_13201_A32
METROPOLITANA DE SANTIAGO,13,PUENTE ALTO,13201,A33,A33,40383.47172473618,10,0,27,14,0,13_13201_A33
METROPOLITANA DE SANTIAGO,13,PUENTE ALTO,13201,A34,A34,18919.108524271902,9,0,22,13,1,13_13201_A34
METROPOLITANA DE SANTIAGO,13,PUENTE ALTO,13201,A35,A35,10345.434063382676,7,0,21,16,1,13_13201_A35
METROPOLITANA DE SANTIAGO,13,PUENTE ALTO,13201,A36,A36,46975.15797346209,6,0,23,9,0,13_13201_A36
METROPOLITANA DE SANTIAGO,13,PUENTE ALTO,13201,A37,A37,0.0,5,0,13,5,1,13_13201_A37
METROPOLITANA DE SANTIAGO,13,PUENTE ALTO,13201,A38,A38,6741.643044612074,9,0,26,18,1,13_13201_A38
METROPOLITANA DE SANTIAGO,13,PUENTE ALTO,13201,A39,A39,22565.70571406032,8,0,20,16,2,13_13201_A39
METROPOLITANA DE SANTIAGO,13,PUENTE ALTO,13201,A40,A40,21719.312837223166,4,0,23,8,0,13_13201_A40
METROPOLITANA DE SANTIAGO,13,PUENTE ALTO,13201,A41,A41,47708.510117479585,4,0,27,11,0,13_13201_A41
METROPOLITANA DE SANTIAGO,13,PUENTE ALTO,13201,A42,A42,35659.36486743785,3,1,30,14,3,13_13201_A42
METROPOLITANA DE SANTIAGO,13,PUENTE ALTO,13201,A43,A43,4522.762731424012,10,0,17,9,0,13_13201_A43
METROPOLITANA DE SANTIAGO,13,PUENTE ALTO,13201,A44,A44,4291.651897426185,5,4,16,18,19,13_13201_A44
METROPOLITANA DE SANTIAGO,13,PUENTE ALTO,13201,A45,A45,19939.494257815804,5,0,23,17,1,13_13201_A45
METROPOLITANA DE SANTIAGO,13,PUENTE ALTO,13201,A46,A46,9202.861496014772,3,0,13,11,0,13_13201_A46
METROPOLITANA DE SANTIAGO,13,PUENTE ALTO,13201,A47,A47,10370.81384031953,3,0,17,6,0,13_13201_A47
METROPOLITANA DE SANTIAGO,13,PUENTE ALTO,13201,A48,A48,9086.203934001212,5,0,19,13,0,13_13201_A48
METROPOLITANA DE SANTIAGO,13,PUENTE ALTO,13201,A49,A49,9526.336595803912,1,0,12,6,1,13_13201_A49
METROPOLITANA DE SANTIAGO,13,PUENTE ALTO,13201,A50,A50,25626.653760226818,8,0,31,8,0,13_13201_A50
METROPOLITANA DE SANTIAGO,13,PUENTE ALTO,13201,A51,A51,18127.908833122354,5,0,15,11,0,13_13201_A51
METROPOLITANA DE SANTIAGO,13,PUENTE ALTO,13201,A52,A52,55482.55211845899,5,3,73,19,4,13_13201_A52
METROPOLITANA DE SANTIAGO,13,PUENTE ALTO,13201,A53,A53,59345.81813784184,9,0,51,24,3,13_13201_A53
METROPOLITANA DE SANTIAGO,13,PUENTE ALTO,13201,A54,A54,8550.679269542228,2,0,22,8,3,13_13201_A54
METROPOLITANA DE SANTIAGO,13,PUENTE ALTO,13201,A55,A55,62253.153158447654,13,2,53,20,3,13_13201_A55
METROPOLITANA DE SANTIAGO,13,PUENTE ALTO,13201,A56,A56,8283.897898790114,0,1,13,7,0,13_13201_A56
METROPOLITANA DE SANTIAGO,13,PUENTE ALTO,13201,A57,A57,7402.313281521126,2,0,20,14,2,13_13201_A57
METROPOLITANA DE SANTIAGO,13,PUENTE ALTO,13201,A58,A58,11789.08833009678,2,0,14,7,0,13_13201_A58
METROPOLITANA DE SANTIAGO,13,PUENTE ALTO,13201,A59,A59,1296.3686206433347,1,1,8,5,2,13_13201_A59
METROPOLITANA DE SANTIAGO,13,PUENTE ALTO,13201,A60,A60,6455.37778700749,4,0,19,8,0,13_13201_A60
METROPOLITANA DE SANTIAGO,13,PUENTE ALTO,13201,A61,A61,11066.76747701385,2,0,18,5,0,13_13201_A61
METROPOLITANA DE SANTIAGO,13,PUENTE ALTO,13201,A62,A62,27463.486153857084,3,0,32,17,3,13_13201_A62
METROPOLITANA DE SANTIAGO,13,PUENTE ALTO,13201,A63,A63,16602.289149218144,4,0,14,10,0,13_13201_A63
METROPOLITANA DE SANTIAGO,13,PUENTE ALTO,13201,A64,A64,41877.84127554523,2,1,28,7,2,13_13201_A64
METROPOLITANA DE SANTIAGO,13,PUENTE ALTO,13201,A65,A65,16222.366900350122,7,0,22,7,0,13_13201_A65
METROPOLITANA DE SANTIAGO,13,PUENTE ALTO,13201,A66,A66,18061.91057149382,7,1,26,10,2,13_13201_A66
METROPOLITANA DE SANTIAGO,13,PUENTE ALTO,13201,A67,A67,4991.907521856009,1,1,10,3,3,13_13201_A67
METROPOLITANA DE SANTIAGO,13,PUENTE ALTO,13201,A68,A68,15868.66353918997,0,1,23,3,0,13_13201_A68
METROPOLITANA DE SANTIAGO,13,PUENTE ALTO,13201,A69,A69,53979.88837491477,4,0,17,7,1,13_13201_A69
METROPOLITANA DE SANTIAGO,13,PUENTE ALTO,13201,A70,A70,724.1686501040062,1,0,10,5,0,13_13201_A70
METROPOLITANA DE SANTIAGO,13,PUENTE ALTO,13201,A71,A71,50564.08867842486,2,0,13,8,0,13_13201_A71
METROPOLITANA DE SANTIAGO,13,PUENTE ALTO,13201,A72,A72,35761.82653780968,1,0,53,1,0,13_13201_A72
METROPOLITANA DE SANTIAGO,13,PUENTE ALTO,13201,A73,A73,42078.15304399019,0,0,54,7,0,13_13201_A73
METROPOLITANA DE SANTIAGO,13,PUENTE ALTO,13201,A74,A74,43929.18415106444,7,0,88,24,1,13_13201_A74
METROPOLITANA DE SANTIAGO,13,PUENTE ALTO,13201,A75,A75,10732.489087699556,1,0,13,0,0,13_13201_A75
METROPOLITANA DE SANTIAGO,13,PUENTE ALTO,13201,A76,A76,4382.941882708181,3,1,6,3,1,13_13201_A76
METROPOLITANA DE SANTIAGO,13,PUENTE ALTO,13201,A77,A77,42986.527148669884,1,0,49,3,0,13_13201_A77
METROPOLITANA DE SANTIAGO,13,PUENTE ALTO,13201,A78,A78,37260.37560475724,1,0,29,1,1,13_13201_A78
METROPOLITANA DE SANTIAGO,13,PUENTE ALTO,13201,A79,A79,103730.3221660371,1,1,90,7,2,13_13201_A79
METROPOLITANA DE SANTIAGO,13,PUENTE ALTO,13201,A80,A80,4474.682383945689,0,0,17,0,0,13_13201_A80
METROPOLITANA DE SANTIAGO,13,PUENTE ALTO,13201,B01,B01,30336.93902960648,1,0,11,0,0,13_13201_B01
METROPOLITANA DE SANTIAGO,13,PUENTE ALTO,13201,B02,B02,9015.415270903008,3,0,12,6,0,13_13201_B02
METROPOLITANA DE SANTIAGO,13,PUENTE ALTO,13201,B03,B03,23919.375738576746,2,0,11,7,0,13_13201_B03
METROPOLITANA DE SANTIAGO,13,PUENTE ALTO,13201,B04,B04,0.0,0,0,0,1,0,13_13201_B04
METROPOLITANA DE SANTIAGO,13,PUENTE ALTO,13201,B05,B05,77843.09236363538,7,0,22,9,2,13_13201_B05
METROPOLITANA DE SANTIAGO,13,PUENTE ALTO,13201,B06,B06,147328.40383392147,1,0,3,6,0,13_13201_B06
METROPOLITANA DE SANTIAGO,13,PUENTE ALTO,13201,B07,B07,82995.47141305421,0,0,27,0,0,13_13201_B07
METROPOLITANA DE SANTIAGO,13,PUENTE ALTO,13201,B08,B08,28198.243237979408,8,0,8,15,0,13_13201_B08
METROPOLITANA DE SANTIAGO,13,PUENTE ALTO,13201,B09,B09,16402.988944736342,0,0,2,1,0,13_13201_B09
METROPOLITANA DE SANTIAGO,13,PUENTE ALTO,13201,B10,B10,17035.874216815166,3,1,12,5,0,13_13201_B10
METROPOLITANA DE SANTIAGO,13,PUENTE ALTO,13201,B11,B11,17499.472996726116,0,0,15,4,0,13_13201_B11
METROPOLITANA DE SANTIAGO,13,PUENTE ALTO,13201,B12,B12,0.0,1,0,10,3,0,13_13201_B12
METROPOLITANA DE SANTIAGO,13,PUENTE ALTO,13201,B13,B13,3122.250683133599,2,0,8,9,0,13_13201_B13
METROPOLITANA DE SANTIAGO,13,PUENTE ALTO,13201,B14,B14,12089.67671080308,3,2,28,23,3,13_13201_B14
METROPOLITANA DE SANTIAGO,13,PUENTE ALTO,13201,B15,B15,1937.2529876896172,2,0,3,16,1,13_13201_B15
METROPOLITANA DE SANTIAGO,13,PUENTE ALTO,13201,B16,B16,0.0,0,0,1,4,0,13_13201_B16
METROPOLITANA DE SANTIAGO,13,PUENTE ALTO,13201,B17,B17,53136.91727043656,2,1,6,5,5,13_13201_B17
METROPOLITANA DE SANTIAGO,13,PUENTE ALTO,13201,SIN DEFINICION COMUNAL,NO DEF,6515.934538618168,0,0,2,3,0,13_13201_NO DEF
METROPOLITANA DE SANTIAGO,13,PIRQUE,13202,SAN JUAN,1,0.0,3,0,0,0,0,13_13202_1
METROPOLITANA DE SANTIAGO,13,PIRQUE,13202,SAN RAMON,10,2688.6339616283567,0,0,2,0,0,13_13202_10
METROPOLITANA DE SANTIAGO,13,PIRQUE,13202,EL BOSQUE,11,8917.11847340328,2,0,0,0,0,13_13202_11
METROPOLITANA DE SANTIAGO,13,PIRQUE,13202,PUNTILLA,2,2304.4153285366374,6,0,3,0,0,13_13202_2
METROPOLITANA DE SANTIAGO,13,PIRQUE,13202,SANTA RITA,3,0.0,4,0,0,0,0,13_13202_3
METROPOLITANA DE SANTIAGO,13,PIRQUE,13202,LO ARCAYA,5,0.0,4,0,0,0,0,13_13202_5
METROPOLITANA DE SANTIAGO,13,PIRQUE,13202,EL PRINCIPAL,6,8446.578856363909,5,0,0,0,0,13_13202_6
METROPOLITANA DE SANTIAGO,13,PIRQUE,13202,SAN VICENTE,7,0.0,1,0,0,0,0,13_13202_7
METROPOLITANA DE SANTIAGO,13,PIRQUE,13202,LA CATOLICA,8,0.0,3,0,6,0,0,13_13202_8
METROPOLITANA DE SANTIAGO,13,PIRQUE,13202,ORILLA DEL RIO,9,4455.923297388909,3,0,0,0,0,13_13202_9
METROPOLITANA DE SANTIAGO,13,COLINA,13301,EL ALBA VALLE HERMOSO,001,227186.84940941937,3,5,130,0,5,13_13301_001
METROPOLITANA DE SANTIAGO,13,COLINA,13301,CHICUREO,003,264590.8908848141,2,2,75,0,8,13_13301_003
METROPOLITANA DE SANTIAGO,13,COLINA,13301,MANUEL RODRIGUEZ,005,32407.69869288043,1,1,40,0,1,13_13301_005
METROPOLITANA DE SANTIAGO,13,COLINA,13301,SANTA ELENA,006,63987.37406544035,1,0,13,0,0,13_13301_006
METROPOLITANA DE SANTIAGO,13,COLINA,13301,SANTA FILOMENA,007,101684.1813820049,8,1,21,0,1,13_13301_007
METROPOLITANA DE SANTIAGO,13,COLINA,13301,LOS ROBLES LOS ALAMOS,008,8465.507734224073,0,0,10,0,0,13_13301_008
METROPOLITANA DE SANTIAGO,13,COLINA,13301,COLINA UNO COLINA DOS,009,48600.93141646661,2,0,13,0,0,13_13301_009
METROPOLITANA DE SANTIAGO,13,COLINA,13301,LOS GOBERNADORES GABRIELA MISTRAL NUEVO AMANECER,010,2491.8763015731947,2,0,15,0,2,13_13301_010
METROPOLITANA DE SANTIAGO,13,COLINA,13301,LUIS CRUZ MARTINEZ,011,3891.6401611602782,3,0,11,0,0,13_13301_011
METROPOLITANA DE SANTIAGO,13,COLINA,13301,COLINA CENTRO,012,115680.90610810494,25,4,94,0,13,13_13301_012
METROPOLITANA DE SANTIAGO,13,COLINA,13301,LA REINA,013,140757.31624205605,7,1,40,0,0,13_13301_013
METROPOLITANA DE SANTIAGO,13,COLINA,13301,ALTO ESMERALDA,014,5964.205196615445,2,0,18,0,1,13_13301_014
METROPOLITANA DE SANTIAGO,13,COLINA,13301,ESMERALDA,015,129557.92630194133,9,0,90,0,0,13_13301_015
METROPOLITANA DE SANTIAGO,13,COLINA,13301,CHACABUCO,016,1392.2974809259913,3,0,0,0,0,13_13301_016
METROPOLITANA DE SANTIAGO,13,PADRE HURTADO,13604,10R,10R,0.0,4,0,0,0,0,13_13604_10R
METROPOLITANA DE SANTIAGO,13,PADRE HURTADO,13604,11,11,115954.47096225922,17,2,141,0,5,13_13604_11
METROPOLITANA DE SANTIAGO,13,PADRE HURTADO,13604,14,14,51154.958902845545,6,0,26,0,2,13_13604_14
METROPOLITANA DE SANTIAGO,13,PADRE HURTADO,13604,17,17,33480.94097547362,4,1,59,0,2,13_13604_17
METROPOLITANA DE SANTIAGO,13,PADRE HURTADO,13604,18,18,10502.919392262009,3,0,13,0,0,13_13604_18
METROPOLITANA DE SANTIAGO,13,PADRE HURTADO,13604,21,21,14913.773545062737,4,0,13,0,0,13_13604_21
METROPOLITANA DE SANTIAGO,13,PADRE HURTADO,13604,8,8,5574.936090191868,7,0,26,0,3,13_13604_8
METROPOLITANA DE SANTIAGO,13,PADRE HURTADO,13604,9,9,162205.7010481478,3,1,95,0,2,13_13604_9
METROPOLITANA DE SANTIAGO,13,PENAFLOR,13605,1,1,116884.08908358573,7,3,32,0,10,13_13605_1
METROPOLITANA DE SANTIAGO,13,PENAFLOR,13605,12,12,2453.124627235527,1,0,16,0,1,13_13605_12
METROPOLITANA DE SANTIAGO,13,PENAFLOR,13605,13,13,19338.682552061644,6,0,28,0,0,13_13605_13
METROPOLITANA DE SANTIAGO,13,PENAFLOR,13605,15,15,11680.277886812812,14,0,42,0,0,13_13605_15
METROPOLITANA DE SANTIAGO,13,PENAFLOR,13605,16,16,96352.22158563092,3,0,9,0,0,13_13605_16
METROPOLITANA DE SANTIAGO,13,PENAFLOR,13605,19,19,2271.648612851579,0,0,1,0,0,13_13605_19
METROPOLITANA DE SANTIAGO,13,PENAFLOR,13605,2,2,2866.7985811990075,10,0,24,0,2,13_13605_2
METROPOLITANA DE SANTIAGO,13,PENAFLOR,13605,20,20,17187.150901709796,6,0,21,0,0,13_13605_20
METROPOLITANA DE SANTIAGO,13,PENAFLOR,13605,3,3,1661.1051563147182,2,0,14,0,0,13_13605_3
METROPOLITANA DE SANTIAGO,13,PENAFLOR,13605,4,4,11322.94969127571,4,1,31,0,1,13_13605_4
METROPOLITANA DE SANTIAGO,13,PENAFLOR,13605,5,5,3797.8001998994314,5,0,12,0,1,13_13605_5
METROPOLITANA DE SANTIAGO,13,PENAFLOR,13605,6,6,11774.507489434258,4,0,26,0,0,13_13605_6
METROPOLITANA DE SANTIAGO,13,PENAFLOR,13605,7,7,24415.717698855224,8,2,50,0,4,13_13605_7
METROPOLITANA DE SANTIAGO,13,PENAFLOR,13605,8,8,36255.748893649885,15,2,54,0,4,13_13605_8
METROPOLITANA DE SANTIAGO,13,PENAFLOR,13605,SIN DEFINICION COMUNAL,NO DEF,35715.928203077565,6,0,55,0,1,13_13605_NO DEF
METROPOLITANA DE SANTIAGO,13,EL BOSQUE,13105,042,042,0.0,0,0,1,0,0,13_13105_042
METROPOLITANA DE SANTIAGO,13,EL BOSQUE,13105,041,041,4478.524234062252,2,0,14,3,0,13_13105_041
METROPOLITANA DE SANTIAGO,13,SANTIAGO,13101,28,28,0.0,1,0,1,7,0,13_13101_28
METROPOLITANA DE SANTIAGO,13,EL BOSQUE,13105,102,102,0.0,1,0,0,8,0,13_13105_102
METROPOLITANA DE SANTIAGO,13,EL BOSQUE,13105,106,106,22980.95984676913,1,0,0,1,0,13_13105_106
METROPOLITANA DE SANTIAGO,13,PUDAHUEL,13124,18,18,3543.4336781427546,0,1,0,3,2,13_13124_18
METROPOLITANA DE SANTIAGO,13,RENCA,13128,008,008,0.0,0,0,1,0,0,13_13128_008
METROPOLITANA DE SANTIAGO,13,MELIPILLA,13501,026,026,0.0,0,0,0,0,0,13_13501_026
METROPOLITANA DE SANTIAGO,13,MELIPILLA,13501,022,022,0.0,0,0,0,0,0,13_13501_022
METROPOLITANA DE SANTIAGO,13,MELIPILLA,13501,025,025,0.0,3,0,0,0,0,13_13501_025
METROPOLITANA DE SANTIAGO,13,MELIPILLA,13501,024,024,0.0,2,0,0,0,0,13_13501_024
METROPOLITANA DE SANTIAGO,13,MELIPILLA,13501,023,023,0.0,0,0,0,0,0,13_13501_023
METROPOLITANA DE SANTIAGO,13,MELIPILLA,13501,021,021,0.0,0,0,0,0,0,13_13501_021
METROPOLITANA DE SANTIAGO,13,MELIPILLA,13501,018R,018R,0.0,0,0,0,0,0,13_13501_018R
METROPOLITANA DE SANTIAGO,13,MELIPILLA,13501,023R,023R,0.0,6,0,0,0,0,13_13501_023R
METROPOLITANA DE SANTIAGO,13,MELIPILLA,13501,017,017,0.0,2,0,7,0,0,13_13501_017
METROPOLITANA DE SANTIAGO,13,MELIPILLA,13501,020,020,3965.348751436615,2,0,9,0,0,13_13501_020
METROPOLITANA DE SANTIAGO,13,MELIPILLA,13501,020R,020R,0.0,0,0,2,0,0,13_13501_020R
METROPOLITANA DE SANTIAGO,13,MELIPILLA,13501,018,018,0.0,2,0,0,0,0,13_13501_018
METROPOLITANA DE SANTIAGO,13,MELIPILLA,13501,019,019,0.0,3,0,0,0,0,13_13501_019
METROPOLITANA DE SANTIAGO,13,MELIPILLA,13501,014,014,0.0,0,0,0,0,0,13_13501_014
METROPOLITANA DE SANTIAGO,13,MELIPILLA,13501,015,015,0.0,6,0,3,0,0,13_13501_015
METROPOLITANA DE SANTIAGO,13,MELIPILLA,13501,016,016,0.0,2,0,3,0,0,13_13501_016
METROPOLITANA DE SANTIAGO,13,MELIPILLA,13501,043,043,721.1723204521898,1,0,9,0,0,13_13501_043
METROPOLITANA DE SANTIAGO,13,MELIPILLA,13501,044,044,1873.3262966875564,0,0,1,0,0,13_13501_044
METROPOLITANA DE SANTIAGO,13,MELIPILLA,13501,042,042,6426.888674462255,1,0,4,0,0,13_13501_042
METROPOLITANA DE SANTIAGO,13,MELIPILLA,13501,041,041,1309.4998657248977,2,0,4,0,0,13_13501_041
METROPOLITANA DE SANTIAGO,13,MELIPILLA,13501,040,040,3387.552044396714,0,0,7,0,0,13_13501_040
METROPOLITANA DE SANTIAGO,13,MELIPILLA,13501,039,039,37571.539436038554,4,4,10,0,2,13_13501_039
METROPOLITANA DE SANTIAGO,13,MELIPILLA,13501,038,038,30767.83492623916,5,0,20,0,0,13_13501_038
METROPOLITANA DE SANTIAGO,13,MELIPILLA,13501,012R,012R,0.0,1,0,0,0,0,13_13501_012R
METROPOLITANA DE SANTIAGO,13,MELIPILLA,13501,012,012,0.0,0,0,1,0,0,13_13501_012
METROPOLITANA DE SANTIAGO,13,MELIPILLA,13501,036,036,11699.827094082031,0,2,9,0,10,13_13501_036
METROPOLITANA DE SANTIAGO,13,MELIPILLA,13501,035,035,6743.418220475485,8,1,12,0,1,13_13501_035
METROPOLITANA DE SANTIAGO,13,MELIPILLA,13501,037,037,0.0,4,0,6,0,0,13_13501_037
METROPOLITANA DE SANTIAGO,13,MELIPILLA,13501,032,032,0.0,0,0,5,0,1,13_13501_032
METROPOLITANA DE SANTIAGO,13,MELIPILLA,13501,031,031,0.0,3,0,11,0,5,13_13501_031
METROPOLITANA DE SANTIAGO,13,MELIPILLA,13501,030,030,1078.190595131605,3,1,8,0,0,13_13501_030
METROPOLITANA DE SANTIAGO,13,MELIPILLA,13501,033,033,22109.73202849883,4,1,28,0,1,13_13501_033
METROPOLITANA DE SANTIAGO,13,MELIPILLA,13501,029,029,62280.08201819888,16,0,79,0,1,13_13501_029
METROPOLITANA DE SANTIAGO,13,MELIPILLA,13501,028,028,53535.14356608981,8,1,17,0,0,13_13501_028
METROPOLITANA DE SANTIAGO,13,MELIPILLA,13501,027,027,10456.29125899333,9,1,16,0,1,13_13501_027
METROPOLITANA DE SANTIAGO,13,MELIPILLA,13501,034,034,35264.71824566179,4,0,26,0,0,13_13501_034
METROPOLITANA DE SANTIAGO,13,MELIPILLA,13501,008,008,0.0,0,0,0,0,0,13_13501_008
METROPOLITANA DE SANTIAGO,13,MELIPILLA,13501,009,009,0.0,1,0,0,0,0,13_13501_009
METROPOLITANA DE SANTIAGO,13,MELIPILLA,13501,011,011,25703.499815922532,2,0,19,0,0,13_13501_011
METROPOLITANA DE SANTIAGO,13,MELIPILLA,13501,010,010,0.0,0,0,0,0,0,13_13501_010
METROPOLITANA DE SANTIAGO,13,MELIPILLA,13501,08R,08R,0.0,0,0,0,0,0,13_13501_08R
METROPOLITANA DE SANTIAGO,13,MELIPILLA,13501,007,007,3953.5438478763112,5,0,29,0,1,13_13501_007
METROPOLITANA DE SANTIAGO,13,MELIPILLA,13501,013,013,0.0,0,0,0,0,0,13_13501_013
METROPOLITANA DE SANTIAGO,13,MELIPILLA,13501,006,006,0.0,1,0,4,0,0,13_13501_006
METROPOLITANA DE SANTIAGO,13,MELIPILLA,13501,010R,010R,0.0,3,0,0,0,0,13_13501_010R
METROPOLITANA DE SANTIAGO,13,MELIPILLA,13501,07R,07R,3158.3293652022458,0,0,10,0,0,13_13501_07R
METROPOLITANA DE SANTIAGO,13,MELIPILLA,13501,005,005,2792.79731683554,1,0,1,0,0,13_13501_005
METROPOLITANA DE SANTIAGO,13,MELIPILLA,13501,09R,09R,0.0,0,0,0,0,0,13_13501_09R
METROPOLITANA DE SANTIAGO,13,MELIPILLA,13501,004,004,0.0,1,0,0,0,0,13_13501_004
METROPOLITANA DE SANTIAGO,13,MELIPILLA,13501,003,003,0.0,2,0,0,0,0,13_13501_003
METROPOLITANA DE SANTIAGO,13,MELIPILLA,13501,05R,05R,0.0,2,0,0,0,0,13_13501_05R
METROPOLITANA DE SANTIAGO,13,MELIPILLA,13501,002,002,0.0,0,0,0,0,0,13_13501_002
METROPOLITANA DE SANTIAGO,13,MELIPILLA,13501,001,001,13511.769302220693,5,0,0,0,2,13_13501_001
METROPOLITANA DE SANTIAGO,13,MELIPILLA,13501,01R,01R,0.0,1,0,0,0,0,13_13501_01R
METROPOLITANA DE SANTIAGO,13,MELIPILLA,13501,04R,04R,0.0,4,0,0,0,0,13_13501_04R
METROPOLITANA DE SANTIAGO,13,TALAGANTE,13601,19,19,5846.166396801898,1,0,5,0,0,13_13601_19
METROPOLITANA DE SANTIAGO,13,TALAGANTE,13601,15,15,58967.359822908584,7,1,31,0,0,13_13601_15
METROPOLITANA DE SANTIAGO,13,TALAGANTE,13601,17,17,1169.561375136938,1,0,3,0,0,13_13601_17
METROPOLITANA DE SANTIAGO,13,TALAGANTE,13601,18,18,2727.3674117197525,0,0,5,0,0,13_13601_18
METROPOLITANA DE SANTIAGO,13,TALAGANTE,13601,11,11,7971.829837504939,3,0,12,0,1,13_13601_11
METROPOLITANA DE SANTIAGO,13,TALAGANTE,13601,12,12,8077.960408570764,2,1,9,0,1,13_13601_12
METROPOLITANA DE SANTIAGO,13,TALAGANTE,13601,4,4,4299.172623193883,3,1,13,0,2,13_13601_4
METROPOLITANA DE SANTIAGO,13,TALAGANTE,13601,2,2,0.0,2,0,2,0,0,13_13601_2
METROPOLITANA DE SANTIAGO,13,TALAGANTE,13601,3,3,5238.165708123098,7,0,14,0,6,13_13601_3
METROPOLITANA DE SANTIAGO,13,TALAGANTE,13601,16,16,16985.663061297084,0,0,8,0,0,13_13601_16
METROPOLITANA DE SANTIAGO,13,TALAGANTE,13601,1,1,21025.538678811696,2,1,7,0,1,13_13601_1
METROPOLITANA DE SANTIAGO,13,TALAGANTE,13601,6,6,0.0,3,1,8,0,4,13_13601_6
METROPOLITANA DE SANTIAGO,13,TALAGANTE,13601,13,13,4994.055909091567,3,0,10,0,0,13_13601_13
METROPOLITANA DE SANTIAGO,13,TALAGANTE,13601,7,7,8160.081504048556,2,1,11,0,2,13_13601_7
METROPOLITANA DE SANTIAGO,13,TALAGANTE,13601,8,8,10872.588661026371,0,0,5,0,0,13_13601_8
METROPOLITANA DE SANTIAGO,13,TALAGANTE,13601,10,10,4002.981886392028,0,0,7,0,0,13_13601_10
METROPOLITANA DE SANTIAGO,13,TALAGANTE,13601,5,5,5821.896961458888,1,0,8,0,0,13_13601_5
METROPOLITANA DE SANTIAGO,13,TALAGANTE,13601,9,9,9474.649615503098,1,0,18,0,0,13_13601_9
METROPOLITANA DE SANTIAGO,13,TALAGANTE,13601,14,14,27569.106375853138,3,1,30,0,1,13_13601_14
METROPOLITANA DE SANTIAGO,13,TALAGANTE,13601,SIN DEFINICION COMUNAL,NO DEF,205848.8712610968,32,0,77,0,0,13_13601_NO DEF
METROPOLITANA DE SANTIAGO,13,INDEPENDENCIA,13108,26,26,29287.682501750445,3,0,19,10,0,13_13108_26
METROPOLITANA DE SANTIAGO,13,LA FLORIDA,13110,30,30,2774.615131554482,2,0,6,1,0,13_13110_30
METROPOLITANA DE SANTIAGO,13,QUINTA NORMAL,13126,1,1,0.0,2,0,26,21,1,13_13126_1
METROPOLITANA DE SANTIAGO,13,QUINTA NORMAL,13126,21,21,5340.396654293286,1,0,3,2,0,13_13126_21
METROPOLITANA DE SANTIAGO,13,COLINA,13301,SIN DEFINICION COMUNAL,NO DEF,0.0,0,0,9,0,1,13_13301_NO DEF
METROPOLITANA DE SANTIAGO,13,MELIPILLA,13501,022R,022R,0.0,0,0,0,0,0,13_13501_022R
METROPOLITANA DE SANTIAGO,13,MELIPILLA,13501,021R,021R,0.0,1,0,0,0,0,13_13501_021R
METROPOLITANA DE SANTIAGO,13,MELIPILLA,13501,SIN DEFINICION COMUNAL,NO DEF_1,26167.966377364144,1,0,52,0,0,13_13501_NO DEF_1
METROPOLITANA DE SANTIAGO,13,MELIPILLA,13501,SIN DEFINICION COMUNAL,NO DEF_2,1246.3841325783542,0,0,12,0,0,13_13501_NO DEF_2
METROPOLITANA DE SANTIAGO,13,MELIPILLA,13501,014R,014R,0.0,5,0,0,0,0,13_13501_014R
METROPOLITANA DE SANTIAGO,13,MELIPILLA,13501,03R,03R,0.0,6,0,0,0,0,13_13501_03R
METROPOLITANA DE SANTIAGO,13,SANTIAGO,13101,SIN DEFINICION COMUNAL,NO DEF_1,617973.600168023,11,0,4,10,0,13_13101_NO DEF_1
METROPOLITANA DE SANTIAGO,13,SANTIAGO,13101,SIN DEFINICION COMUNAL,NO DEF_2,0.0,1,0,3,5,0,13_13101_NO DEF_2
METROPOLITANA DE SANTIAGO,13,LO ESPEJO,13116,37C,37C,55862.07966310472,14,0,26,21,1,13_13116_37C
METROPOLITANA DE SANTIAGO,13,RECOLETA,13127,22,22,118071.4713676348,1,0,8,3,0,13_13127_22
METROPOLITANA DE SANTIAGO,13,PIRQUE,13202,CONCHA Y TORO,4,891.1383973030831,11,2,27,0,1,13_13202_4
METROPOLITANA DE SANTIAGO,13,COLINA,13301,ALGARROBAL,002,0.0,8,1,2,0,1,13_13301_002
METROPOLITANA DE SANTIAGO,13,COLINA,13301,LAS BRISAS DE CHICUREO,004,0.0,5,0,0,0,1,13_13301_004
METROPOLITANA DE SANTIAGO,13,CONCHALÍ,13104,1,1,14612.001236724076,1,0,7,7,1,13_13104_1
METROPOLITANA DE SANTIAGO,13,CONCHALÍ,13104,2,2,664.1318142710236,0,0,10,4,0,13_13104_2
METROPOLITANA DE SANTIAGO,13,CONCHALÍ,13104,4,4,1321.030486717727,2,0,7,4,0,13_13104_4
METROPOLITANA DE SANTIAGO,13,CONCHALÍ,13104,5,5,5446.631209864748,1,0,16,9,0,13_13104_5
METROPOLITANA DE SANTIAGO,13,CONCHALÍ,13104,6,6,9071.196499849177,2,1,13,3,0,13_13104_6
METROPOLITANA DE SANTIAGO,13,CONCHALÍ,13104,10,10,14113.86237324796,3,0,27,9,1,13_13104_10
METROPOLITANA DE SANTIAGO,13,CONCHALÍ,13104,40,40,3036.92890677497,0,1,7,6,1,13_13104_40
METROPOLITANA DE SANTIAGO,13,CONCHALÍ,13104,9,9,21791.666241435327,6,4,25,19,5,13_13104_9
METROPOLITANA DE SANTIAGO,13,CONCHALÍ,13104,11,11,0.0,3,0,11,3,0,13_13104_11
METROPOLITANA DE SANTIAGO,13,CONCHALÍ,13104,15,15,3869.8285076580923,1,0,4,4,0,13_13104_15
METROPOLITANA DE SANTIAGO,13,CONCHALÍ,13104,16,16,9496.607913813661,2,0,5,3,0,13_13104_16
METROPOLITANA DE SANTIAGO,13,CONCHALÍ,13104,14,14,26996.475787643056,1,0,13,25,0,13_13104_14
METROPOLITANA DE SANTIAGO,13,CONCHALÍ,13104,12,12,2162.1756093723757,2,0,12,12,1,13_13104_12
METROPOLITANA DE SANTIAGO,13,CONCHALÍ,13104,3,3,12847.572319457935,2,1,4,6,0,13_13104_3
METROPOLITANA DE SANTIAGO,13,CONCHALÍ,13104,36,36,21438.020460212854,1,0,8,2,0,13_13104_36
METROPOLITANA DE SANTIAGO,13,CONCHALÍ,13104,37,37,7889.053093211344,1,0,10,7,0,13_13104_37
METROPOLITANA DE SANTIAGO,13,CONCHALÍ,13104,7,7,3636.909452541,1,0,13,2,1,13_13104_7
METROPOLITANA DE SANTIAGO,13,CONCHALÍ,13104,8,8,9109.074870416322,4,0,14,10,0,13_13104_8
METROPOLITANA DE SANTIAGO,13,CONCHALÍ,13104,31,31,8165.823788908067,3,0,9,6,0,13_13104_31
METROPOLITANA DE SANTIAGO,13,CONCHALÍ,13104,32,32,5034.951541208851,1,1,13,6,0,13_13104_32
METROPOLITANA DE SANTIAGO,13,CONCHALÍ,13104,33,33,4277.386551511146,1,0,4,1,0,13_13104_33
METROPOLITANA DE SANTIAGO,13,CONCHALÍ,13104,34,34,0.0,1,0,4,1,1,13_13104_34
METROPOLITANA DE SANTIAGO,13,CONCHALÍ,13104,35,35,63265.7120359823,3,0,22,9,0,13_13104_35
METROPOLITANA DE SANTIAGO,13,CONCHALÍ,13104,20,20,8700.825283091908,4,0,9,9,2,13_13104_20
METROPOLITANA DE SANTIAGO,13,CONCHALÍ,13104,28,28,19469.249885845602,7,1,15,15,2,13_13104_28
METROPOLITANA DE SANTIAGO,13,CONCHALÍ,13104,30,30,28951.51035045523,4,0,21,19,1,13_13104_30
METROPOLITANA DE SANTIAGO,13,CONCHALÍ,13104,29,29,18359.05958028208,1,1,16,12,1,13_13104_29
METROPOLITANA DE SANTIAGO,13,CONCHALÍ,13104,26,26,20658.479224161423,4,0,14,10,3,13_13104_26
METROPOLITANA DE SANTIAGO,13,CONCHALÍ,13104,27,27,7201.405295110852,5,0,12,8,0,13_13104_27
METROPOLITANA DE SANTIAGO,13,CONCHALÍ,13104,25,25,6562.992407846984,3,0,11,15,1,13_13104_25
METROPOLITANA DE SANTIAGO,13,CONCHALÍ,13104,17,17,6402.033357839399,4,0,15,14,0,13_13104_17
METROPOLITANA DE SANTIAGO,13,CONCHALÍ,13104,18,18,1263.9599117101798,0,0,7,11,0,13_13104_18
METROPOLITANA DE SANTIAGO,13,CONCHALÍ,13104,39,39,672.9129721443629,0,0,3,5,0,13_13104_39
METROPOLITANA DE SANTIAGO,13,CONCHALÍ,13104,13,13,4392.550138288036,2,0,7,5,0,13_13104_13
METROPOLITANA DE SANTIAGO,13,CONCHALÍ,13104,21,21,852.2354440545028,1,0,8,7,0,13_13104_21
METROPOLITANA DE SANTIAGO,13,CONCHALÍ,13104,23,23,11597.126188310165,2,0,8,5,0,13_13104_23
METROPOLITANA DE SANTIAGO,13,CONCHALÍ,13104,24,24,0.0,2,0,3,3,0,13_13104_24
METROPOLITANA DE SANTIAGO,13,CONCHALÍ,13104,19,19,5052.024908472825,1,0,5,3,0,13_13104_19
METROPOLITANA DE SANTIAGO,13,CONCHALÍ,13104,22,22,2229.410337532999,3,0,8,5,0,13_13104_22
METROPOLITANA DE SANTIAGO,13,CONCHALÍ,13104,38,38,26916.481780502025,2,0,8,9,1,13_13104_38
METROPOLITANA DE SANTIAGO,13,SAN JOSÉ DE MAIPO,13203,LA OBRA,1,1193.9311440096078,0,0,6,0,0,13_13203_1
METROPOLITANA DE SANTIAGO,13,SAN JOSÉ DE MAIPO,13203,LAS VERTIENTES,2,6903.86696299329,1,0,17,0,0,13_13203_2
METROPOLITANA DE SANTIAGO,13,SAN JOSÉ DE MAIPO,13203,EL CANELO,3,845.9499782171495,0,0,6,0,0,13_13203_3
METROPOLITANA DE SANTIAGO,13,SAN JOSÉ DE MAIPO,13203,EL MANZANO,4,0.0,1,0,0,0,0,13_13203_4
METROPOLITANA DE SANTIAGO,13,SAN JOSÉ DE MAIPO,13203,LOS MAITENES,5R,0.0,4,0,0,0,0,13_13203_5R
METROPOLITANA DE SANTIAGO,13,SAN JOSÉ DE MAIPO,13203,GUAYACÁN,6,0.0,1,0,3,0,0,13_13203_6
METROPOLITANA DE SANTIAGO,13,SAN JOSÉ DE MAIPO,13203,VICTORIA,7,3467.5947040811698,2,0,5,0,0,13_13203_7
METROPOLITANA DE SANTIAGO,13,SAN JOSÉ DE MAIPO,13203,CLAUDIO ARRAU - EL ESFUERZO - VILLA ESTACIÓN,8,413.182281144077,2,0,15,0,0,13_13203_8
METROPOLITANA DE SANTIAGO,13,SAN JOSÉ DE MAIPO,13203,SAN JOSÉ DE MAIPO,9,22129.26225014753,5,1,23,0,2,13_13203_9
METROPOLITANA DE SANTIAGO,13,SAN JOSÉ DE MAIPO,13203,EL TOYO - LAS ARAÑAS - SAN JOSÉ ALTO,10R,0.0,0,0,4,0,0,13_13203_10R
METROPOLITANA DE SANTIAGO,13,SAN JOSÉ DE MAIPO,13203,EL MELOCOTÓN,11,0.0,1,0,0,0,0,13_13203_11
METROPOLITANA DE SANTIAGO,13,SAN JOSÉ DE MAIPO,13203,SAN ALFONSO,12,2804.2551288387403,0,0,0,0,0,13_13203_12
METROPOLITANA DE SANTIAGO,13,SAN JOSÉ DE MAIPO,13203,EL INGENIO - SAN GABRIEL,13R,0.0,4,0,7,0,0,13_13203_13R
METROPOLITANA DE SANTIAGO,13,SAN JOSÉ DE MAIPO,13203,LOS CHACAYES,14,0.0,0,0,0,0,0,13_13203_14
METROPOLITANA DE SANTIAGO,13,SAN JOSÉ DE MAIPO,13203,EL VOLCÁN,15R,0.0,0,0,1,0,0,13_13203_15R
METROPOLITANA DE SANTIAGO,13,SAN JOSÉ DE MAIPO,13203,BAÑOS MORALES,16R,0.0,0,0,0,0,0,13_13203_16R
METROPOLITANA DE SANTIAGO,13,HUECHURABA,13107,1,1,10191.788985239717,6,1,30,4,1,13_13107_1
METROPOLITANA DE SANTIAGO,13,HUECHURABA,13107,2,2,3463.1338431529975,7,0,7,5,0,13_13107_2
METROPOLITANA DE SANTIAGO,13,HUECHURABA,13107,3,3,8383.020717386771,4,0,19,11,2,13_13107_3
METROPOLITANA DE SANTIAGO,13,HUECHURABA,13107,4,4,3920.238407816051,2,0,10,4,0,13_13107_4
METROPOLITANA DE SANTIAGO,13,HUECHURABA,13107,5,5,1125.9439747589104,0,0,5,1,0,13_13107_5
METROPOLITANA DE SANTIAGO,13,HUECHURABA,13107,6,6,9979.938472986927,2,0,13,2,0,13_13107_6
METROPOLITANA DE SANTIAGO,13,HUECHURABA,13107,7,7,451.43375007274994,1,0,10,2,0,13_13107_7
METROPOLITANA DE SANTIAGO,13,HUECHURABA,13107,8,8,9579.23919917169,2,0,13,6,0,13_13107_8
METROPOLITANA DE SANTIAGO,13,HUECHURABA,13107,9,9,2310.175721210815,3,0,9,3,0,13_13107_9
METROPOLITANA DE SANTIAGO,13,HUECHURABA,13107,10,10,27435.804103702583,3,0,14,7,2,13_13107_10
METROPOLITANA DE SANTIAGO,13,HUECHURABA,13107,11,11,0.0,0,0,5,7,0,13_13107_11
METROPOLITANA DE SANTIAGO,13,HUECHURABA,13107,12,12,6456.297035514088,4,0,14,11,0,13_13107_12
METROPOLITANA DE SANTIAGO,13,HUECHURABA,13107,13,13,11684.890904870768,2,0,18,2,0,13_13107_13
METROPOLITANA DE SANTIAGO,13,HUECHURABA,13107,14,14,684071.1244773853,5,2,30,23,4,13_13107_14
METROPOLITANA DE SANTIAGO,13,HUECHURABA,13107,15,15,557.0637498089532,0,0,9,13,0,13_13107_15
METROPOLITANA DE SANTIAGO,13,HUECHURABA,13107,16,16,1012.4853645364395,1,0,22,17,0,13_13107_16
METROPOLITANA DE SANTIAGO,13,HUECHURABA,13107,17,17,12941.498301509833,0,0,13,5,0,13_13107_17
METROPOLITANA DE SANTIAGO,13,HUECHURABA,13107,18,18,17070.11481208865,5,1,46,3,2,13_13107_18
METROPOLITANA DE SANTIAGO,13,HUECHURABA,13107,19,19,47447.45738716681,2,1,76,3,7,13_13107_19
METROPOLITANA DE SANTIAGO,13,HUECHURABA,13107,20,20,61563.46549056778,5,1,49,7,0,13_13107_20
METROPOLITANA DE SANTIAGO,13,HUECHURABA,13107,21,21,9976.749283689862,5,0,20,10,1,13_13107_21
METROPOLITANA DE SANTIAGO,13,HUECHURABA,13107,22,22,0.0,3,1,10,10,5,13_13107_22
METROPOLITANA DE SANTIAGO,13,HUECHURABA,13107,23,23,15698.993460190744,0,1,26,5,1,13_13107_23
METROPOLITANA DE SANTIAGO,13,HUECHURABA,13107,24,24,22499.86382934373,2,0,14,7,0,13_13107_24
METROPOLITANA DE SANTIAGO,13,HUECHURABA,13107,25,25,22428.528781785077,1,0,13,17,1,13_13107_25
METROPOLITANA DE SANTIAGO,13,HUECHURABA,13107,SIN DEFINICION COMUNAL,NO DEF,75945.15386012803,8,0,11,1,0,13_13107_NO DEF
METROPOLITANA DE SANTIAGO,13,SAN RAMÓN,13131,001,001,27282.973310852234,4,0,15,11,1,13_13131_001
METROPOLITANA DE SANTIAGO,13,SAN RAMÓN,13131,002,002,23396.522809856808,3,1,8,8,3,13_13131_002
METROPOLITANA DE SANTIAGO,13,SAN RAMÓN,13131,003,003,14946.355344672918,11,0,13,7,0,13_13131_003
METROPOLITANA DE SANTIAGO,13,SAN RAMÓN,13131,004,004,16533.987654772398,3,0,11,4,0,13_13131_004
METROPOLITANA DE SANTIAGO,13,SAN RAMÓN,13131,005,005,13503.858477533124,5,0,9,4,1,13_13131_005
METROPOLITANA DE SANTIAGO,13,SAN RAMÓN,13131,006,006,9966.390919329871,2,0,4,2,0,13_13131_006
METROPOLITANA DE SANTIAGO,13,SAN RAMÓN,13131,007,007,13573.974112182703,9,0,12,10,0,13_13131_007
METROPOLITANA DE SANTIAGO,13,SAN RAMÓN,13131,009,009,23594.871632359787,7,0,9,10,1,13_13131_009
METROPOLITANA DE SANTIAGO,13,SAN RAMÓN,13131,010,010,15464.72498459454,3,0,5,7,3,13_13131_010
METROPOLITANA DE SANTIAGO,13,SAN RAMÓN,13131,011,011,113876.58712329302,1,0,9,11,0,13_13131_011
METROPOLITANA DE SANTIAGO,13,SAN RAMÓN,13131,025,025,11593.933704148258,2,0,5,6,0,13_13131_025
METROPOLITANA DE SANTIAGO,13,SAN RAMÓN,13131,012,012,4132.705272350438,0,0,11,3,0,13_13131_012
METROPOLITANA DE SANTIAGO,13,SAN RAMÓN,13131,013,013,14443.011084978249,6,0,13,8,1,13_13131_013
METROPOLITANA DE SANTIAGO,13,SAN RAMÓN,13131,014,014,0.0,1,0,1,2,0,13_13131_014
METROPOLITANA DE SANTIAGO,13,SAN RAMÓN,13131,015,015,6640.083012231886,2,0,10,8,0,13_13131_015
METROPOLITANA DE SANTIAGO,13,SAN RAMÓN,13131,016,016,0.0,1,0,9,9,0,13_13131_016
METROPOLITANA DE SANTIAGO,13,SAN RAMÓN,13131,017,017,0.0,1,0,8,12,2,13_13131_017
METROPOLITANA DE SANTIAGO,13,SAN RAMÓN,13131,018,018,1448.35359726672,2,0,18,10,3,13_13131_018
METROPOLITANA DE SANTIAGO,13,SAN RAMÓN,13131,019,019,7816.573348014883,4,0,7,5,0,13_13131_019
METROPOLITANA DE SANTIAGO,13,SAN RAMÓN,13131,020,020,37312.39655282639,1,0,11,12,0,13_13131_020
METROPOLITANA DE SANTIAGO,13,SAN RAMÓN,13131,021,021,2393.176404141917,2,0,12,12,0,13_13131_021
METROPOLITANA DE SANTIAGO,13,SAN RAMÓN,13131,022,022,1865.6233680958767,0,0,14,7,0,13_13131_022
METROPOLITANA DE SANTIAGO,13,SAN RAMÓN,13131,023,023,0.0,6,0,10,11,0,13_13131_023
METROPOLITANA DE SANTIAGO,13,SAN RAMÓN,13131,008,008,17364.961459418988,2,0,8,17,1,13_13131_008
METROPOLITANA DE SANTIAGO,13,SAN RAMÓN,13131,024,024,5601.8065371424655,1,0,2,5,0,13_13131_024
METROPOLITANA DE SANTIAGO,13,LAMPA,13302,1,1,2571.066281795993,0,0,5,0,0,13_13302_1
METROPOLITANA DE SANTIAGO,13,LAMPA,13302,2,2,1995.2268631061038,0,0,17,0,0,13_13302_2
METROPOLITANA DE SANTIAGO,13,LAMPA,13302,3,3,5624.779245081282,1,0,8,0,0,13_13302_3
METROPOLITANA DE SANTIAGO,13,LAMPA,13302,4,4,12834.897446888346,1,1,13,0,0,13_13302_4
METROPOLITANA DE SANTIAGO,13,LAMPA,13302,5,5,44678.23977458822,9,1,48,0,0,13_13302_5
METROPOLITANA DE SANTIAGO,13,LAMPA,13302,6,6,12052.884548483398,5,0,20,0,2,13_13302_6
METROPOLITANA DE SANTIAGO,13,LAMPA,13302,7,7,32488.393518971134,4,1,47,0,5,13_13302_7
METROPOLITANA DE SANTIAGO,13,LAMPA,13302,8,8,1983.5654312327265,1,0,10,0,0,13_13302_8
METROPOLITANA DE SANTIAGO,13,LAMPA,13302,9,9,114960.04874271815,5,0,70,0,0,13_13302_9
METROPOLITANA DE SANTIAGO,13,LAMPA,13302,10,10,0.0,1,0,0,0,0,13_13302_10
METROPOLITANA DE SANTIAGO,13,LAMPA,13302,11,11,0.0,1,0,0,0,0,13_13302_11
METROPOLITANA DE SANTIAGO,13,LAMPA,13302,12,12,236431.4074441599,4,1,128,1,2,13_13302_12
METROPOLITANA DE SANTIAGO,13,LAMPA,13302,13,13,24710.242441986156,1,0,28,0,0,13_13302_13
METROPOLITANA DE SANTIAGO,13,LAMPA,13302,14,14,44268.942606608056,4,0,24,0,0,13_13302_14
METROPOLITANA DE SANTIAGO,13,LAMPA,13302,15,15,0.0,1,0,2,0,0,13_13302_15
METROPOLITANA DE SANTIAGO,13,LAMPA,13302,16,16,6263.181228787249,4,0,0,0,0,13_13302_16
METROPOLITANA DE SANTIAGO,13,LAMPA,13302,17,17,0.0,1,2,5,0,1,13_13302_17
METROPOLITANA DE SANTIAGO,13,LAMPA,13302,18,18,12938.876670450418,3,0,0,0,0,13_13302_18
METROPOLITANA DE SANTIAGO,13,LAMPA,13302,19,19,0.0,4,0,0,0,0,13_13302_19
METROPOLITANA DE SANTIAGO,13,LAMPA,13302,20,20,0.0,5,0,0,0,0,13_13302_20
METROPOLITANA DE SANTIAGO,13,LAMPA,13302,21,21,14079.36153370083,1,0,0,0,0,13_13302_21
METROPOLITANA DE SANTIAGO,13,LAMPA,13302,22,22,0.0,1,0,0,0,0,13_13302_22
METROPOLITANA DE SANTIAGO,13,LAMPA,13302,23,23,0.0,1,0,0,0,0,13_13302_23
METROPOLITANA DE SANTIAGO,13,LAMPA,13302,24,24,0.0,1,0,1,0,0,13_13302_24
METROPOLITANA DE SANTIAGO,13,SAN BERNARDO,13401,001,001,63417.16373842608,0,0,38,14,0,13_13401_001
METROPOLITANA DE SANTIAGO,13,SAN BERNARDO,13401,002,002,9394.81276952361,2,0,30,13,1,13_13401_002
METROPOLITANA DE SANTIAGO,13,SAN BERNARDO,13401,003,003,15603.272499612265,0,1,22,9,1,13_13401_003
METROPOLITANA DE SANTIAGO,13,SAN BERNARDO,13401,004,004,3604.237495585102,0,0,16,3,0,13_13401_004
METROPOLITANA DE SANTIAGO,13,SAN BERNARDO,13401,005,005,71415.82025261868,0,0,9,3,0,13_13401_005
METROPOLITANA DE SANTIAGO,13,SAN BERNARDO,13401,006,006,46894.22107945023,0,0,37,19,0,13_13401_006
METROPOLITANA DE SANTIAGO,13,SAN BERNARDO,13401,007,007,951.8900881575605,1,0,1,3,0,13_13401_007
METROPOLITANA DE SANTIAGO,13,SAN BERNARDO,13401,008,008,4835.622322847972,2,0,4,2,0,13_13401_008
METROPOLITANA DE SANTIAGO,13,SAN BERNARDO,13401,009,009,2325.150803626282,2,0,7,2,0,13_13401_009
METROPOLITANA DE SANTIAGO,13,SAN BERNARDO,13401,010,010,3389.7117361995083,4,0,5,3,0,13_13401_010
METROPOLITANA DE SANTIAGO,13,SAN BERNARDO,13401,011,011,29542.24785483159,5,0,23,14,1,13_13401_011
METROPOLITANA DE SANTIAGO,13,SAN BERNARDO,13401,012,012,6097.21479308382,4,0,19,7,0,13_13401_012
METROPOLITANA DE SANTIAGO,13,SAN BERNARDO,13401,013,013,9203.829879253348,2,0,10,8,1,13_13401_013
METROPOLITANA DE SANTIAGO,13,SAN BERNARDO,13401,014,014,8359.715367372784,2,0,7,3,0,13_13401_014
METROPOLITANA DE SANTIAGO,13,SAN BERNARDO,13401,015,015,5381.593738454168,1,0,5,1,0,13_13401_015
METROPOLITANA DE SANTIAGO,13,SAN BERNARDO,13401,016,016,8336.037666313208,1,0,9,1,0,13_13401_016
METROPOLITANA DE SANTIAGO,13,SAN BERNARDO,13401,017,017,137898.24215241073,32,1,127,27,1,13_13401_017
METROPOLITANA DE SANTIAGO,13,SAN BERNARDO,13401,018,018,4822.749973465824,2,0,8,3,0,13_13401_018
METROPOLITANA DE SANTIAGO,13,SAN BERNARDO,13401,019,019,5488.279858077561,4,0,10,4,0,13_13401_019
METROPOLITANA DE SANTIAGO,13,SAN BERNARDO,13401,020,020,1976.3585623408053,3,0,6,3,0,13_13401_020
METROPOLITANA DE SANTIAGO,13,SAN BERNARDO,13401,021,021,2863.1081437547987,2,0,9,4,0,13_13401_021
METROPOLITANA DE SANTIAGO,13,SAN BERNARDO,13401,022,022,13723.464778134821,4,1,25,3,0,13_13401_022
METROPOLITANA DE SANTIAGO,13,SAN BERNARDO,13401,023,023,4900.756070063556,3,0,5,4,0,13_13401_023
METROPOLITANA DE SANTIAGO,13,SAN BERNARDO,13401,024,024,678.8350653994544,1,0,16,4,1,13_13401_024
METROPOLITANA DE SANTIAGO,13,SAN BERNARDO,13401,025,025,0.0,0,0,4,2,0,13_13401_025
METROPOLITANA DE SANTIAGO,13,SAN BERNARDO,13401,026,026,1621.4223675125209,0,0,8,4,0,13_13401_026
METROPOLITANA DE SANTIAGO,13,SAN BERNARDO,13401,027,027,2528.1452314378926,0,0,8,1,0,13_13401_027
METROPOLITANA DE SANTIAGO,13,SAN BERNARDO,13401,029,029,40837.51635774559,2,0,27,8,0,13_13401_029
METROPOLITANA DE SANTIAGO,13,SAN BERNARDO,13401,030,030,6294.016944555406,1,0,4,3,0,13_13401_030
METROPOLITANA DE SANTIAGO,13,SAN BERNARDO,13401,031,031,8568.346281675662,0,0,5,2,0,13_13401_031
METROPOLITANA DE SANTIAGO,13,SAN BERNARDO,13401,032,032,18326.24097340606,1,0,6,3,0,13_13401_032
METROPOLITANA DE SANTIAGO,13,SAN BERNARDO,13401,033,033,6785.155585114675,2,0,5,5,0,13_13401_033
METROPOLITANA DE SANTIAGO,13,SAN BERNARDO,13401,034,034,28188.407094228074,1,0,8,2,0,13_13401_034
METROPOLITANA DE SANTIAGO,13,SAN BERNARDO,13401,035,035,15109.0180121539,0,0,5,2,0,13_13401_035
METROPOLITANA DE SANTIAGO,13,SAN BERNARDO,13401,036,036,5874.844168836642,0,0,3,2,0,13_13401_036
METROPOLITANA DE SANTIAGO,13,SAN BERNARDO,13401,037,037,3648.385768414329,4,0,7,3,0,13_13401_037
METROPOLITANA DE SANTIAGO,13,SAN BERNARDO,13401,038,038,15708.599297929046,7,1,12,16,2,13_13401_038
METROPOLITANA DE SANTIAGO,13,SAN BERNARDO,13401,039,039,3709.455227098829,1,0,6,3,0,13_13401_039
METROPOLITANA DE SANTIAGO,13,SAN BERNARDO,13401,040,040,10588.56242176349,2,0,8,3,0,13_13401_040
METROPOLITANA DE SANTIAGO,13,SAN BERNARDO,13401,041,041,3080.9110826888905,1,0,7,5,0,13_13401_041
METROPOLITANA DE SANTIAGO,13,SAN BERNARDO,13401,042,042,4608.5715617124915,0,1,11,8,1,13_13401_042
METROPOLITANA DE SANTIAGO,13,SAN BERNARDO,13401,043,043,8610.358470726644,0,0,10,2,0,13_13401_043
METROPOLITANA DE SANTIAGO,13,SAN BERNARDO,13401,044,044,10837.394560236382,3,0,5,4,0,13_13401_044
METROPOLITANA DE SANTIAGO,13,SAN BERNARDO,13401,045,045,54158.57460701457,6,1,81,19,2,13_13401_045
METROPOLITANA DE SANTIAGO,13,SAN BERNARDO,13401,046,046,16428.529458266945,6,5,28,22,21,13_13401_046
METROPOLITANA DE SANTIAGO,13,SAN BERNARDO,13401,047,047,52718.96513663447,0,0,17,5,0,13_13401_047
METROPOLITANA DE SANTIAGO,13,SAN BERNARDO,13401,048,048,0.0,10,1,17,10,2,13_13401_048
METROPOLITANA DE SANTIAGO,13,SAN BERNARDO,13401,049,049,29872.513806600844,3,1,25,9,2,13_13401_049
METROPOLITANA DE SANTIAGO,13,SAN BERNARDO,13401,050,050,13344.370567765603,0,0,9,6,0,13_13401_050
METROPOLITANA DE SANTIAGO,13,SAN BERNARDO,13401,051,051,9605.742045927907,3,0,15,12,0,13_13401_051
METROPOLITANA DE SANTIAGO,13,SAN BERNARDO,13401,052,052,23732.72569180427,0,0,13,5,0,13_13401_052
METROPOLITANA DE SANTIAGO,13,SAN BERNARDO,13401,053,053,21497.188047388983,0,0,5,3,0,13_13401_053
METROPOLITANA DE SANTIAGO,13,SAN BERNARDO,13401,054,054,0.0,0,0,17,4,0,13_13401_054
METROPOLITANA DE SANTIAGO,13,SAN BERNARDO,13401,055,055,2330.3192679022586,1,0,5,0,0,13_13401_055
METROPOLITANA DE SANTIAGO,13,SAN BERNARDO,13401,056,056,13.43200380531218,0,0,16,5,0,13_13401_056
METROPOLITANA DE SANTIAGO,13,SAN BERNARDO,13401,057,057,1830.3842885294607,1,2,28,15,2,13_13401_057
METROPOLITANA DE SANTIAGO,13,SAN BERNARDO,13401,058,058,125848.24063881658,11,3,114,39,9,13_13401_058
METROPOLITANA DE SANTIAGO,13,SAN BERNARDO,13401,059,059,37468.81011672429,3,0,55,16,1,13_13401_059
METROPOLITANA DE SANTIAGO,13,SAN BERNARDO,13401,060,060,0.0,0,0,1,0,0,13_13401_060
METROPOLITANA DE SANTIAGO,13,SAN BERNARDO,13401,061,061,18465.074271471178,0,0,73,24,1,13_13401_061
METROPOLITANA DE SANTIAGO,13,SAN BERNARDO,13401,062,062,2465.4903633992985,1,0,4,2,0,13_13401_062
METROPOLITANA DE SANTIAGO,13,SAN BERNARDO,13401,063,063,0.0,0,0,4,2,0,13_13401_063
METROPOLITANA DE SANTIAGO,13,SAN BERNARDO,13401,064,064,1708.669256079119,0,1,7,5,0,13_13401_064
METROPOLITANA DE SANTIAGO,13,SAN BERNARDO,13401,065,065,15251.092406613203,2,0,24,8,0,13_13401_065
METROPOLITANA DE SANTIAGO,13,SAN BERNARDO,13401,066,066,71005.91892870938,2,0,73,34,0,13_13401_066
METROPOLITANA DE SANTIAGO,13,SAN BERNARDO,13401,067,067,43592.895696078296,1,1,60,14,0,13_13401_067
METROPOLITANA DE SANTIAGO,13,SAN BERNARDO,13401,028,028,4880.399137236629,1,0,5,1,0,13_13401_028
METROPOLITANA DE SANTIAGO,13,SAN JOSÉ DE MAIPO,13203,SIN DEFINICION COMUNAL,NO DEF,6202.544114044547,9,0,5,0,0,13_13203_NO DEF
LIBERTADOR GENERAL BERNARDO OHIGGINS,6,REQUINOA,6116,LAS ROSAS,001R,0.0,9,0,0,0,0,6_6116_001R
LIBERTADOR GENERAL BERNARDO OHIGGINS,6,REQUINOA,6116,LOS LIRIOS,002R,7465.518356091964,5,0,0,17,0,6_6116_002R
LIBERTADOR GENERAL BERNARDO OHIGGINS,6,REQUINOA,6116,LAS CABRAS,003R,0.0,5,0,2,0,0,6_6116_003R
LIBERTADOR GENERAL BERNARDO OHIGGINS,6,REQUINOA,6116,LOS QUILLAYES,004R,0.0,2,0,0,0,0,6_6116_004R
LIBERTADOR GENERAL BERNARDO OHIGGINS,6,REQUINOA,6116,REQUINOA,005,30967.37619179582,14,2,47,0,4,6_6116_005
LIBERTADOR GENERAL BERNARDO OHIGGINS,6,REQUINOA,6116,LOS PERALES,006,6284.57547489393,2,0,11,0,0,6_6116_006
LIBERTADOR GENERAL BERNARDO OHIGGINS,6,REQUINOA,6116,007,007,14063.788963491457,2,0,23,0,0,6_6116_007
LIBERTADOR GENERAL BERNARDO OHIGGINS,6,REQUINOA,6116,PICHIGUAO,008R,0.0,2,0,0,0,0,6_6116_008R
LIBERTADOR GENERAL BERNARDO OHIGGINS,6,REQUINOA,6116,TOTIHUE,009R,0.0,4,0,0,0,0,6_6116_009R
LIBERTADOR GENERAL BERNARDO OHIGGINS,6,REQUINOA,6116,LOS COLIHUES,010R,0.0,1,0,0,0,0,6_6116_010R
LIBERTADOR GENERAL BERNARDO OHIGGINS,6,MACHALÍ,6108,ARTURO PRAT,3,943.7934069146493,1,0,8,0,0,6_6108_3
LIBERTADOR GENERAL BERNARDO OHIGGINS,6,MACHALÍ,6108,CALICANTO,7,17795.94766479711,0,0,13,0,0,6_6108_7
LIBERTADOR GENERAL BERNARDO OHIGGINS,6,MACHALÍ,6108,EL MAITÉN,14,12933.494368093643,3,0,11,0,0,6_6108_14
LIBERTADOR GENERAL BERNARDO OHIGGINS,6,MACHALÍ,6108,LA HACIENDA,18,0.0,0,0,9,0,0,6_6108_18
LIBERTADOR GENERAL BERNARDO OHIGGINS,6,MACHALÍ,6108,CENTRO,2,8225.544732132188,1,1,19,0,4,6_6108_2
LIBERTADOR GENERAL BERNARDO OHIGGINS,6,MACHALÍ,6108,SAN JUAN,1,14116.146866491456,6,0,10,0,1,6_6108_1
LIBERTADOR GENERAL BERNARDO OHIGGINS,6,MACHALÍ,6108,MIRAFLORES,5,9785.114092086764,2,0,12,0,0,6_6108_5
LIBERTADOR GENERAL BERNARDO OHIGGINS,6,MACHALÍ,6108,BARRIO COLONIAL,28,12466.349597639935,1,1,27,0,2,6_6108_28
LIBERTADOR GENERAL BERNARDO OHIGGINS,6,MACHALÍ,6108,CERRITO SAN JUAN,8,186759.0388274182,2,0,4,0,0,6_6108_8
LIBERTADOR GENERAL BERNARDO OHIGGINS,6,MACHALÍ,6108,ALTO LO CASTILLO,26,23810.036641394207,2,0,19,2,0,6_6108_26
LIBERTADOR GENERAL BERNARDO OHIGGINS,6,MACHALÍ,6108,PLAZAS DEL CAMPO,24,4894.782790360124,0,0,11,1,0,6_6108_24
LIBERTADOR GENERAL BERNARDO OHIGGINS,6,MACHALÍ,6108,LAS PIRCAS,23,11497.016654048948,0,0,15,0,0,6_6108_23
LIBERTADOR GENERAL BERNARDO OHIGGINS,6,MACHALÍ,6108,SANTA AURORA,20,0.0,0,0,3,0,0,6_6108_20
LIBERTADOR GENERAL BERNARDO OHIGGINS,6,MACHALÍ,6108,LOS PORTONES,19,15466.69863354171,0,0,14,0,0,6_6108_19
LIBERTADOR GENERAL BERNARDO OHIGGINS,6,MACHALÍ,6108,PARQUE SAN JUAN,17,6360.37892158485,0,1,8,0,1,6_6108_17
LIBERTADOR GENERAL BERNARDO OHIGGINS,6,MACHALÍ,6108,PARQUE SAN ANDRÉS,21,10477.35247113226,0,0,5,0,0,6_6108_21
LIBERTADOR GENERAL BERNARDO OHIGGINS,6,MACHALÍ,6108,HARAS DE MACHALÍ,22,21628.29181707211,0,0,13,0,1,6_6108_22
LIBERTADOR GENERAL BERNARDO OHIGGINS,6,MACHALÍ,6108,SAN MARCELINO,25,15902.700374340277,0,0,20,5,0,6_6108_25
LIBERTADOR GENERAL BERNARDO OHIGGINS,6,MACHALÍ,6108,SANTA TERESA,27,2035.6386943051448,5,0,16,8,1,6_6108_27
LIBERTADOR GENERAL BERNARDO OHIGGINS,6,MACHALÍ,6108,ESCRIVÁ DE BALAGUER,29,17308.832355741146,0,0,1,0,0,6_6108_29
LIBERTADOR GENERAL BERNARDO OHIGGINS,6,MACHALÍ,6108,LA RESERVA,30,14416.043236768735,1,0,14,1,0,6_6108_30
LIBERTADOR GENERAL BERNARDO OHIGGINS,6,MACHALÍ,6108,EL REMANSO,31,2638.249864352166,0,0,2,0,0,6_6108_31
LIBERTADOR GENERAL BERNARDO OHIGGINS,6,MACHALÍ,6108,EL POLO,32,58835.26888885493,0,0,38,0,0,6_6108_32
LIBERTADOR GENERAL BERNARDO OHIGGINS,6,MACHALÍ,6108,EL POLO B,33,0.0,0,0,5,0,0,6_6108_33
LIBERTADOR GENERAL BERNARDO OHIGGINS,6,MACHALÍ,6108,SIN DEFINICION COMUNAL,NO DEF_1,0.0,1,0,0,0,0,6_6108_NO DEF_1
LIBERTADOR GENERAL BERNARDO OHIGGINS,6,MACHALÍ,6108,NOGALES NORTE,36,39994.55043739749,0,0,13,0,0,6_6108_36
LIBERTADOR GENERAL BERNARDO OHIGGINS,6,MACHALÍ,6108,NOGALES SUR,38,14745.54100698425,0,0,14,0,0,6_6108_38
LIBERTADOR GENERAL BERNARDO OHIGGINS,6,MACHALÍ,6108,NOGALES PONIENTE,37,8758.82245008858,0,0,13,0,0,6_6108_37
LIBERTADOR GENERAL BERNARDO OHIGGINS,6,MACHALÍ,6108,RECREO,16,15083.102843942099,0,0,9,0,0,6_6108_16
LIBERTADOR GENERAL BERNARDO OHIGGINS,6,MACHALÍ,6108,MIRADOR ANDINO,15,5581.233973821279,0,0,12,0,0,6_6108_15
LIBERTADOR GENERAL BERNARDO OHIGGINS,6,MACHALÍ,6108,LAS LOMAS,13,24202.52828053571,0,0,10,0,0,6_6108_13
LIBERTADOR GENERAL BERNARDO OHIGGINS,6,MACHALÍ,6108,SALVADOR ALLENDE,11,10793.015923723717,3,0,11,0,0,6_6108_11
LIBERTADOR GENERAL BERNARDO OHIGGINS,6,MACHALÍ,6108,DESCUBRIDORES,10,6907.140425430727,1,0,7,0,0,6_6108_10
LIBERTADOR GENERAL BERNARDO OHIGGINS,6,MACHALÍ,6108,VALLE NORORIENTE,12,30955.718062456453,3,0,11,0,0,6_6108_12
LIBERTADOR GENERAL BERNARDO OHIGGINS,6,MACHALÍ,6108,EL ÁLAMO,6,18407.16694355613,1,0,11,0,0,6_6108_6
LIBERTADOR GENERAL BERNARDO OHIGGINS,6,MACHALÍ,6108,LA VINILLA,4,1644.3884452269895,0,0,9,0,0,6_6108_4
LIBERTADOR GENERAL BERNARDO OHIGGINS,6,MACHALÍ,6108,EL GUINDAL,35,0.0,1,0,0,0,0,6_6108_35
LIBERTADOR GENERAL BERNARDO OHIGGINS,6,MACHALÍ,6108,EL CAJON,34,1261.3937045450036,2,0,0,0,0,6_6108_34
LIBERTADOR GENERAL BERNARDO OHIGGINS,6,MACHALÍ,6108,LAS HIGUERAS,9,1229.808130474409,2,0,10,0,0,6_6108_9
LIBERTADOR GENERAL BERNARDO OHIGGINS,6,MACHALÍ,6108,HUINGANES,42,0.0,1,0,0,0,0,6_6108_42
LIBERTADOR GENERAL BERNARDO OHIGGINS,6,MACHALÍ,6108,SAN JOAQUÍN DE LOS MAYOS,41,0.0,13,0,0,0,0,6_6108_41
LIBERTADOR GENERAL BERNARDO OHIGGINS,6,MACHALÍ,6108,SIN DEFINICION COMUNAL,NO DEF_2,0.0,2,0,3,0,0,6_6108_NO DEF_2
LIBERTADOR GENERAL BERNARDO OHIGGINS,6,MACHALÍ,6108,LOS CIPRECES,40,8499.273738261805,3,0,0,0,0,6_6108_40
LIBERTADOR GENERAL BERNARDO OHIGGINS,6,MACHALÍ,6108,CHACAYES,43,0.0,2,0,0,0,0,6_6108_43
LIBERTADOR GENERAL BERNARDO OHIGGINS,6,MACHALÍ,6108,BELLAVISTA,39,40926.00774294835,7,0,23,0,0,6_6108_39
LIBERTADOR GENERAL BERNARDO OHIGGINS,6,PICHILEMU,6201,LA PALMILLA,5,0.0,0,0,0,0,0,6_6201_5
LIBERTADOR GENERAL BERNARDO OHIGGINS,6,PICHILEMU,6201,LA VILLA,7,0.0,0,0,0,0,0,6_6201_7
LIBERTADOR GENERAL BERNARDO OHIGGINS,6,PICHILEMU,6201,ESPINILLO,6,0.0,0,0,0,0,0,6_6201_6
LIBERTADOR GENERAL BERNARDO OHIGGINS,6,PICHILEMU,6201,BARRANCAS,13,0.0,0,0,0,0,0,6_6201_13
LIBERTADOR GENERAL BERNARDO OHIGGINS,6,PICHILEMU,6201,PANUL,10,0.0,2,0,0,0,0,6_6201_10
LIBERTADOR GENERAL BERNARDO OHIGGINS,6,PICHILEMU,6201,LAS PALMAS,17,0.0,0,0,0,0,0,6_6201_17
LIBERTADOR GENERAL BERNARDO OHIGGINS,6,PICHILEMU,6201,CAHUIL,3,0.0,2,0,0,0,0,6_6201_3
LIBERTADOR GENERAL BERNARDO OHIGGINS,6,PICHILEMU,6201,LAS COMILLAS,8,0.0,0,0,0,0,0,6_6201_8
LIBERTADOR GENERAL BERNARDO OHIGGINS,6,PICHILEMU,6201,NUEVO REINO,9,0.0,0,0,0,0,0,6_6201_9
LIBERTADOR GENERAL BERNARDO OHIGGINS,6,PICHILEMU,6201,CIRUELOS,4,0.0,0,0,0,0,0,6_6201_4
LIBERTADOR GENERAL BERNARDO OHIGGINS,6,PICHILEMU,6201,PICHILEMU,11,0.0,1,0,0,0,0,6_6201_11
LIBERTADOR GENERAL BERNARDO OHIGGINS,6,PICHILEMU,6201,QUEBRADA DEL NUEVO REINO,12,0.0,1,0,0,0,0,6_6201_12
LIBERTADOR GENERAL BERNARDO OHIGGINS,6,PICHILEMU,6201,BUENOS AIRES,1,168574.05676759992,15,3,204,0,6,6_6201_1
LIBERTADOR GENERAL BERNARDO OHIGGINS,6,PICHILEMU,6201,SAN ANTONIO DE PETREL,16,0.0,1,0,0,0,0,6_6201_16
LIBERTADOR GENERAL BERNARDO OHIGGINS,6,PICHILEMU,6201,LOS ROBLES,14,0.0,0,0,0,0,0,6_6201_14
LIBERTADOR GENERAL BERNARDO OHIGGINS,6,PICHILEMU,6201,LOS VALLES,15,0.0,0,0,0,0,0,6_6201_15
LIBERTADOR GENERAL BERNARDO OHIGGINS,6,PICHILEMU,6201,CARDONAL DE PANILONCO,18,0.0,2,0,0,0,0,6_6201_18
LIBERTADOR GENERAL BERNARDO OHIGGINS,6,PICHILEMU,6201,ALTO COLORADO,2,0.0,4,0,0,0,0,6_6201_2
LIBERTADOR GENERAL BERNARDO OHIGGINS,6,OLIVAR,6111,OLIVAR BAJO,1,1766.1142649414635,2,0,0,0,0,6_6111_1
LIBERTADOR GENERAL BERNARDO OHIGGINS,6,OLIVAR,6111,OLIVAR ALTO,11,0.0,2,0,7,0,0,6_6111_11
LIBERTADOR GENERAL BERNARDO OHIGGINS,6,OLIVAR,6111,CHORRO,2,0.0,1,0,10,0,0,6_6111_2
LIBERTADOR GENERAL BERNARDO OHIGGINS,6,OLIVAR,6111,OLIVAR ALTO,3,17421.712264280377,8,0,58,0,0,6_6111_3
LIBERTADOR GENERAL BERNARDO OHIGGINS,6,OLIVAR,6111,GULTRO,4,9815.675492029592,5,0,0,5,0,6_6111_4
LIBERTADOR GENERAL BERNARDO OHIGGINS,6,OLIVAR,6111,LAS BRISAS,5,0.0,0,0,0,0,0,6_6111_5
LIBERTADOR GENERAL BERNARDO OHIGGINS,6,OLIVAR,6111,GULTRO,8,12618.018685431969,9,0,0,20,0,6_6111_8
LIBERTADOR GENERAL BERNARDO OHIGGINS,6,OLIVAR,6111,LOS CRUCEROS,9,4531.435499448521,0,0,0,0,0,6_6111_9
LIBERTADOR GENERAL BERNARDO OHIGGINS,6,SAN FERNANDO,6301,22,22,3451.0906512242445,6,0,44,0,0,6_6301_22
LIBERTADOR GENERAL BERNARDO OHIGGINS,6,SAN FERNANDO,6301,29,29,136.34524876035124,0,0,0,0,0,6_6301_29
LIBERTADOR GENERAL BERNARDO OHIGGINS,6,SAN FERNANDO,6301,26,26,0.0,2,0,7,0,0,6_6301_26
LIBERTADOR GENERAL BERNARDO OHIGGINS,6,SAN FERNANDO,6301,2,2,5030.540662274553,5,0,11,0,0,6_6301_2
LIBERTADOR GENERAL BERNARDO OHIGGINS,6,SAN FERNANDO,6301,3,3,450.4918640759166,0,0,6,0,0,6_6301_3
LIBERTADOR GENERAL BERNARDO OHIGGINS,6,SAN FERNANDO,6301,8,8,32768.08107530139,7,1,45,0,0,6_6301_8
LIBERTADOR GENERAL BERNARDO OHIGGINS,6,SAN FERNANDO,6301,1,1,14300.882150616804,2,0,25,0,0,6_6301_1
LIBERTADOR GENERAL BERNARDO OHIGGINS,6,SAN FERNANDO,6301,7,7,2145.6931855095586,2,3,13,0,4,6_6301_7
LIBERTADOR GENERAL BERNARDO OHIGGINS,6,SAN FERNANDO,6301,15,15,0.0,2,0,6,0,0,6_6301_15
LIBERTADOR GENERAL BERNARDO OHIGGINS,6,SAN FERNANDO,6301,16,16,0.0,2,0,6,0,0,6_6301_16
LIBERTADOR GENERAL BERNARDO OHIGGINS,6,SAN FERNANDO,6301,14,14,2797.6645859516234,2,4,7,0,4,6_6301_14
LIBERTADOR GENERAL BERNARDO OHIGGINS,6,SAN FERNANDO,6301,4,4,14664.743196380514,3,1,14,0,0,6_6301_4
LIBERTADOR GENERAL BERNARDO OHIGGINS,6,SAN FERNANDO,6301,12,12,14199.068094442771,2,1,5,0,1,6_6301_12
LIBERTADOR GENERAL BERNARDO OHIGGINS,6,SAN FERNANDO,6301,10,10,1354.697417811974,4,0,9,0,0,6_6301_10
LIBERTADOR GENERAL BERNARDO OHIGGINS,6,SAN FERNANDO,6301,5,5,1371.2078386152778,1,2,4,0,0,6_6301_5
LIBERTADOR GENERAL BERNARDO OHIGGINS,6,SAN FERNANDO,6301,13,13,5954.811550064031,7,0,11,0,0,6_6301_13
LIBERTADOR GENERAL BERNARDO OHIGGINS,6,SAN FERNANDO,6301,11,11,4608.367598613277,2,0,11,0,0,6_6301_11
LIBERTADOR GENERAL BERNARDO OHIGGINS,6,SAN FERNANDO,6301,32,32,53371.344313745016,5,0,53,0,0,6_6301_32
LIBERTADOR GENERAL BERNARDO OHIGGINS,6,SAN FERNANDO,6301,23,23,0.0,2,0,0,0,0,6_6301_23
LIBERTADOR GENERAL BERNARDO OHIGGINS,6,SAN FERNANDO,6301,33,33,11731.555419317861,2,0,12,0,1,6_6301_33
LIBERTADOR GENERAL BERNARDO OHIGGINS,6,SAN FERNANDO,6301,9,9,57171.61332791531,6,0,51,0,0,6_6301_9
LIBERTADOR GENERAL BERNARDO OHIGGINS,6,SAN FERNANDO,6301,27,27,1758.2569481083187,3,0,0,0,0,6_6301_27
LIBERTADOR GENERAL BERNARDO OHIGGINS,6,SAN FERNANDO,6301,34,34,89714.39100499162,10,0,38,0,0,6_6301_34
LIBERTADOR GENERAL BERNARDO OHIGGINS,6,SAN FERNANDO,6301,28,28,9692.814296573264,4,0,2,0,0,6_6301_28
LIBERTADOR GENERAL BERNARDO OHIGGINS,6,SAN FERNANDO,6301,30,30,98910.2031013725,13,1,27,0,0,6_6301_30
LIBERTADOR GENERAL BERNARDO OHIGGINS,6,SAN FERNANDO,6301,24,24,1680.4245008772277,14,0,2,0,0,6_6301_24
LIBERTADOR GENERAL BERNARDO OHIGGINS,6,SAN FERNANDO,6301,25,25,0.0,2,0,0,0,0,6_6301_25
LIBERTADOR GENERAL BERNARDO OHIGGINS,6,SAN FERNANDO,6301,6,6,1461.4955510675468,0,0,4,0,4,6_6301_6
LIBERTADOR GENERAL BERNARDO OHIGGINS,6,RANCAGUA,6101,LA LEONERA,1,15806.258550187331,8,0,23,22,1,6_6101_1
LIBERTADOR GENERAL BERNARDO OHIGGINS,6,RANCAGUA,6101,2,2,9469.161125472343,3,0,7,2,0,6_6101_2
LIBERTADOR GENERAL BERNARDO OHIGGINS,6,RANCAGUA,6101,3,3,13345.57849125083,2,6,24,14,9,6_6101_3
LIBERTADOR GENERAL BERNARDO OHIGGINS,6,RANCAGUA,6101,4,4,30028.378305100214,1,0,30,8,0,6_6101_4
LIBERTADOR GENERAL BERNARDO OHIGGINS,6,RANCAGUA,6101,5,5,21180.214880313073,3,2,24,6,1,6_6101_5
LIBERTADOR GENERAL BERNARDO OHIGGINS,6,RANCAGUA,6101,6,6,12524.858583645382,0,0,8,9,0,6_6101_6
LIBERTADOR GENERAL BERNARDO OHIGGINS,6,RANCAGUA,6101,7,7,8520.41311728835,1,0,11,3,0,6_6101_7
LIBERTADOR GENERAL BERNARDO OHIGGINS,6,RANCAGUA,6101,8,8,14316.54411244758,2,0,19,7,0,6_6101_8
LIBERTADOR GENERAL BERNARDO OHIGGINS,6,RANCAGUA,6101,9,9,47354.363570147354,5,0,37,34,0,6_6101_9
LIBERTADOR GENERAL BERNARDO OHIGGINS,6,RANCAGUA,6101,10,10,15671.934379017168,1,0,18,24,0,6_6101_10
LIBERTADOR GENERAL BERNARDO OHIGGINS,6,RANCAGUA,6101,11,11,10352.566594830678,5,0,16,13,1,6_6101_11
LIBERTADOR GENERAL BERNARDO OHIGGINS,6,RANCAGUA,6101,12,12,67690.23731697488,7,1,23,15,1,6_6101_12
LIBERTADOR GENERAL BERNARDO OHIGGINS,6,RANCAGUA,6101,13,13,24867.600745863303,0,0,11,7,0,6_6101_13
LIBERTADOR GENERAL BERNARDO OHIGGINS,6,RANCAGUA,6101,14,14,40283.25199298896,6,0,18,15,1,6_6101_14
LIBERTADOR GENERAL BERNARDO OHIGGINS,6,RANCAGUA,6101,15,15,44176.27721919118,3,0,22,17,0,6_6101_15
LIBERTADOR GENERAL BERNARDO OHIGGINS,6,RANCAGUA,6101,16,16,87869.76409878439,14,0,66,37,0,6_6101_16
LIBERTADOR GENERAL BERNARDO OHIGGINS,6,RANCAGUA,6101,17,17,27302.071548151536,5,1,38,14,1,6_6101_17
LIBERTADOR GENERAL BERNARDO OHIGGINS,6,RANCAGUA,6101,18,18,10095.038406427811,5,1,20,15,1,6_6101_18
LIBERTADOR GENERAL BERNARDO OHIGGINS,6,RANCAGUA,6101,19,19,77744.99681731782,7,0,38,25,2,6_6101_19
LIBERTADOR GENERAL BERNARDO OHIGGINS,6,RANCAGUA,6101,20,20,181638.85902928148,5,1,21,18,4,6_6101_20
LIBERTADOR GENERAL BERNARDO OHIGGINS,6,RANCAGUA,6101,21,21,62872.163505920944,4,1,26,37,0,6_6101_21
LIBERTADOR GENERAL BERNARDO OHIGGINS,6,RANCAGUA,6101,22,22,7155.230402814124,2,0,12,11,0,6_6101_22
LIBERTADOR GENERAL BERNARDO OHIGGINS,6,RANCAGUA,6101,23,23,17587.522974245396,2,1,10,7,1,6_6101_23
LIBERTADOR GENERAL BERNARDO OHIGGINS,6,RANCAGUA,6101,24,24,38130.40481731486,5,0,34,14,0,6_6101_24
LIBERTADOR GENERAL BERNARDO OHIGGINS,6,RANCAGUA,6101,25,25,18429.64911226811,2,0,28,24,0,6_6101_25
LIBERTADOR GENERAL BERNARDO OHIGGINS,6,RANCAGUA,6101,26,26,51439.223726413795,7,0,23,8,0,6_6101_26
LIBERTADOR GENERAL BERNARDO OHIGGINS,6,RANCAGUA,6101,27,27,109511.07681025406,11,1,70,71,0,6_6101_27
LIBERTADOR GENERAL BERNARDO OHIGGINS,6,RANCAGUA,6101,28,28,70796.54863382032,7,1,41,46,2,6_6101_28
LIBERTADOR GENERAL BERNARDO OHIGGINS,6,RANCAGUA,6101,29,29,51763.73528690702,1,0,23,2,0,6_6101_29
LIBERTADOR GENERAL BERNARDO OHIGGINS,6,RANCAGUA,6101,30,30,37562.97104771072,2,1,8,5,2,6_6101_30
LIBERTADOR GENERAL BERNARDO OHIGGINS,6,RANCAGUA,6101,31,31,35928.670511163844,2,0,26,12,0,6_6101_31
LIBERTADOR GENERAL BERNARDO OHIGGINS,6,RANCAGUA,6101,32,32,60782.35397786997,12,1,92,72,2,6_6101_32
LIBERTADOR GENERAL BERNARDO OHIGGINS,6,RANCAGUA,6101,33,33,88369.33583100486,4,1,93,59,1,6_6101_33
LIBERTADOR GENERAL BERNARDO OHIGGINS,6,RANCAGUA,6101,34,34,42751.98699723225,1,0,12,6,0,6_6101_34
LIBERTADOR GENERAL BERNARDO OHIGGINS,6,RANCAGUA,6101,35,35,28364.487672308962,2,0,28,11,0,6_6101_35
LIBERTADOR GENERAL BERNARDO OHIGGINS,6,RANCAGUA,6101,36,36,171174.2570846668,5,0,76,72,1,6_6101_36
LIBERTADOR GENERAL BERNARDO OHIGGINS,6,RANCAGUA,6101,37,37,599.9264968365736,7,0,6,5,0,6_6101_37
LIBERTADOR GENERAL BERNARDO OHIGGINS,6,RANCAGUA,6101,38,38,1404.0748037568867,2,0,9,9,0,6_6101_38
LIBERTADOR GENERAL BERNARDO OHIGGINS,6,RANCAGUA,6101,39,39,36354.36410607974,3,1,31,29,0,6_6101_39
LIBERTADOR GENERAL BERNARDO OHIGGINS,6,RANCAGUA,6101,40,40,60666.70201816897,9,0,52,28,0,6_6101_40
LIBERTADOR GENERAL BERNARDO OHIGGINS,6,RANCAGUA,6101,41,41,63692.87877484793,3,1,35,29,4,6_6101_41
LIBERTADOR GENERAL BERNARDO OHIGGINS,6,RANCAGUA,6101,42,42,20546.979575535424,7,2,30,16,17,6_6101_42
LIBERTADOR GENERAL BERNARDO OHIGGINS,6,RANCAGUA,6101,43,43,93891.70553161787,1,0,54,13,0,6_6101_43
LIBERTADOR GENERAL BERNARDO OHIGGINS,6,RANCAGUA,6101,44,44,17031.796761886588,4,0,11,3,0,6_6101_44
LIBERTADOR GENERAL BERNARDO OHIGGINS,6,RANCAGUA,6101,45,45,121653.17669601418,3,0,34,19,0,6_6101_45
LIBERTADOR GENERAL BERNARDO OHIGGINS,6,RANCAGUA,6101,46,46,40266.5124912511,2,0,31,5,1,6_6101_46
LIBERTADOR GENERAL BERNARDO OHIGGINS,6,RANCAGUA,6101,CHANCON,103,0.0,4,0,0,0,0,6_6101_103
LIBERTADOR GENERAL BERNARDO OHIGGINS,6,RANCAGUA,6101,EL COBRE - LAS PALMERAS,101,0.0,2,0,3,1,0,6_6101_101
LIBERTADOR GENERAL BERNARDO OHIGGINS,6,RANCAGUA,6101,DON SERGIO,104,0.0,1,0,1,0,0,6_6101_104
LIBERTADOR GENERAL BERNARDO OHIGGINS,6,RANCAGUA,6101,LA LUNA,106,7563.878050174424,0,1,5,25,0,6_6101_106
LIBERTADOR GENERAL BERNARDO OHIGGINS,6,RANCAGUA,6101,MILLANTUN - EUCALIPTUS,105,11693.39173713689,4,0,2,10,0,6_6101_105
ANTOFAGASTA,2,CALAMA,2201,13,13,43189.97172400719,12,0,47,0,0,2_2201_13
ANTOFAGASTA,2,CALAMA,2201,24,24,74322.47666005239,8,0,10,0,0,2_2201_24
ANTOFAGASTA,2,CALAMA,2201,12,12,2788.4872380191946,6,2,33,0,6,2_2201_12
ANTOFAGASTA,2,CALAMA,2201,11,11,3822.3957402854658,5,0,15,1,0,2_2201_11
ANTOFAGASTA,2,CALAMA,2201,10,10,11704.880212069927,2,0,19,1,0,2_2201_10
ANTOFAGASTA,2,CALAMA,2201,22,22,0.0,0,0,4,0,0,2_2201_22
ANTOFAGASTA,2,CALAMA,2201,9,9,12249.366787878327,7,0,33,5,0,2_2201_9
ANTOFAGASTA,2,CALAMA,2201,8,8,0.0,2,1,12,2,0,2_2201_8
ANTOFAGASTA,2,CALAMA,2201,7,7,4204.68175243121,6,0,18,11,1,2_2201_7
ANTOFAGASTA,2,CALAMA,2201,18,18,9853.837636495173,7,1,21,22,14,2_2201_18
ANTOFAGASTA,2,CALAMA,2201,21,21,0.0,1,0,4,0,0,2_2201_21
ANTOFAGASTA,2,CALAMA,2201,16,16,3866.793812418945,4,0,6,5,0,2_2201_16
ANTOFAGASTA,2,CALAMA,2201,4,4,18534.140503836126,3,1,18,19,0,2_2201_4
ANTOFAGASTA,2,CALAMA,2201,17,17,0.0,3,3,3,9,7,2_2201_17
ANTOFAGASTA,2,CALAMA,2201,20,20,16160.61810496174,4,0,17,3,0,2_2201_20
ANTOFAGASTA,2,CALAMA,2201,5,5,3771.892909388985,1,0,11,4,0,2_2201_5
ANTOFAGASTA,2,CALAMA,2201,6,6,51492.694376875144,16,0,88,51,0,2_2201_6
ANTOFAGASTA,2,CALAMA,2201,3,3,9512.488812404265,4,0,18,13,0,2_2201_3
ANTOFAGASTA,2,CALAMA,2201,15,15,4649.260156834438,3,2,22,15,1,2_2201_15
ANTOFAGASTA,2,CALAMA,2201,2,2,7422.576109120811,7,0,37,26,1,2_2201_2
ANTOFAGASTA,2,CALAMA,2201,19,19,17313.873852096505,13,1,19,10,1,2_2201_19
ANTOFAGASTA,2,CALAMA,2201,1,1,12840.30458569358,5,0,16,18,0,2_2201_1
ANTOFAGASTA,2,CALAMA,2201,14,14,122132.40688427324,18,0,75,4,1,2_2201_14
ANTOFAGASTA,2,CALAMA,2201,34,34,0.0,1,0,0,0,0,2_2201_34
ANTOFAGASTA,2,CALAMA,2201,SIN DEFINICION COMUNAL,NO DEF,205187.59742564097,31,0,91,1,0,2_2201_NO DEF
ANTOFAGASTA,2,CALAMA,2201,23,23,22008.350154516265,17,0,30,0,0,2_2201_23
ANTOFAGASTA,2,TOCOPILLA,2301,1,1,6220.21508496103,11,1,27,0,0,2_2301_1
ANTOFAGASTA,2,TOCOPILLA,2301,16,16,8553.584552394039,2,0,5,0,2,2_2301_16
ANTOFAGASTA,2,TOCOPILLA,2301,17,17,0.0,0,0,2,0,0,2_2301_17
ANTOFAGASTA,2,TOCOPILLA,2301,7,7,0.0,0,0,4,0,0,2_2301_7
ANTOFAGASTA,2,TOCOPILLA,2301,23,23,856.8114066087941,0,0,4,0,0,2_2301_23
ANTOFAGASTA,2,TOCOPILLA,2301,6,6,4096.316947204066,4,0,5,0,0,2_2301_6
ANTOFAGASTA,2,TOCOPILLA,2301,8,8,0.0,0,0,3,0,0,2_2301_8
ANTOFAGASTA,2,TOCOPILLA,2301,19,19,4552.663269095236,0,0,3,0,0,2_2301_19
ANTOFAGASTA,2,TOCOPILLA,2301,12,12,5686.9714910391995,2,0,9,0,0,2_2301_12
ANTOFAGASTA,2,TOCOPILLA,2301,11,11,0.0,0,0,4,0,0,2_2301_11
ANTOFAGASTA,2,TOCOPILLA,2301,20,20,466.41954419282706,0,0,4,0,0,2_2301_20
ANTOFAGASTA,2,TOCOPILLA,2301,21,21,0.0,5,0,6,0,0,2_2301_21
ANTOFAGASTA,2,TOCOPILLA,2301,22,22,0.0,4,0,0,0,0,2_2301_22
ANTOFAGASTA,2,TOCOPILLA,2301,15,15,5726.542387303063,2,0,9,0,0,2_2301_15
ANTOFAGASTA,2,TOCOPILLA,2301,10,10,3903.6074472492305,2,0,11,0,0,2_2301_10
ANTOFAGASTA,2,TOCOPILLA,2301,13,13,0.0,2,0,5,0,0,2_2301_13
ANTOFAGASTA,2,TOCOPILLA,2301,4,4,0.0,4,1,7,0,0,2_2301_4
ANTOFAGASTA,2,TOCOPILLA,2301,5,5,1835.2543165518855,1,0,12,0,2,2_2301_5
ANTOFAGASTA,2,TOCOPILLA,2301,14,14,3775.528221521571,1,0,4,0,0,2_2301_14
ANTOFAGASTA,2,TOCOPILLA,2301,3,3,0.0,0,0,2,0,0,2_2301_3
ANTOFAGASTA,2,TOCOPILLA,2301,2,2,498.1344334324065,4,0,11,0,0,2_2301_2
ANTOFAGASTA,2,TOCOPILLA,2301,18,18,0.0,1,0,3,0,0,2_2301_18
ANTOFAGASTA,2,ANTOFAGASTA,2101,JARDINES DEL SUR,1,32388.655530775275,4,0,75,12,1,2_2101_1
ANTOFAGASTA,2,ANTOFAGASTA,2101,VIENTOS DEL SUR,2,13433.427833686006,5,1,55,14,2,2_2101_2
ANTOFAGASTA,2,ANTOFAGASTA,2101,EQUIPAMIENTO MILITAR N1,3,7016.479384589842,5,1,8,12,2,2_2101_3
ANTOFAGASTA,2,ANTOFAGASTA,2101,GRAN VIA,4,7657.066074207894,2,1,30,14,0,2_2101_4
ANTOFAGASTA,2,ANTOFAGASTA,2101,PLAYA BLANCA,5,1916.8385080341247,3,1,15,7,1,2_2101_5
ANTOFAGASTA,2,ANTOFAGASTA,2101,ZONA EQUIPAMIENTO MILITAR N2,6,0.0,0,0,4,0,0,2_2101_6
ANTOFAGASTA,2,ANTOFAGASTA,2101,COVADONGA,7,752.6878415970913,0,0,10,4,0,2_2101_7
ANTOFAGASTA,2,ANTOFAGASTA,2101,FAVORECEDORA,8,2334.403145643418,1,0,8,4,0,2_2101_8
ANTOFAGASTA,2,ANTOFAGASTA,2101,ESTADIO REGIONAL,9,54668.73882697789,14,2,34,39,10,2_2101_9
ANTOFAGASTA,2,ANTOFAGASTA,2101,CONSTANCIA,10,0.0,1,0,3,0,0,2_2101_10
ANTOFAGASTA,2,ANTOFAGASTA,2101,ESMERALDA,11,0.0,1,0,9,0,0,2_2101_11
ANTOFAGASTA,2,ANTOFAGASTA,2101,HOSPITAL SUR,12,1615.2294825719048,1,0,12,11,0,2_2101_12
ANTOFAGASTA,2,ANTOFAGASTA,2101,RICARDO MORA,13,2904.0710112062184,2,0,6,0,0,2_2101_13
ANTOFAGASTA,2,ANTOFAGASTA,2101,CHANGO LOPEZ,14,0.0,1,0,6,0,0,2_2101_14
ANTOFAGASTA,2,ANTOFAGASTA,2101,VISTA HERMOSA,15,0.0,2,0,6,0,0,2_2101_15
ANTOFAGASTA,2,ANTOFAGASTA,2101,OSVALDO MENDOZA,16,532.602389469924,1,0,2,0,0,2_2101_16
ANTOFAGASTA,2,ANTOFAGASTA,2101,MIRAMAR SUR,17,0.0,1,0,10,1,0,2_2101_17
ANTOFAGASTA,2,ANTOFAGASTA,2101,HOSPITAL CENTRO,18,1241.0858195228036,4,0,16,3,0,2_2101_18
ANTOFAGASTA,2,ANTOFAGASTA,2101,CENTRO,19,27160.55135782532,32,6,43,72,33,2_2101_19
ANTOFAGASTA,2,ANTOFAGASTA,2101,RENE SCHNEIDER,20,0.0,1,0,13,0,0,2_2101_20
ANTOFAGASTA,2,ANTOFAGASTA,2101,MIRAMAR CENTRAL,21,0.0,0,0,10,1,0,2_2101_21
ANTOFAGASTA,2,ANTOFAGASTA,2101,MIRAMAR NORTE,22,1308.9734862841954,1,0,10,1,0,2_2101_22
ANTOFAGASTA,2,ANTOFAGASTA,2101,HOSPITAL NORTE,23,0.0,3,0,9,2,0,2_2101_23
ANTOFAGASTA,2,ANTOFAGASTA,2101,TENIENTE MERINO,24,604.9335667682841,1,0,5,1,0,2_2101_24
ANTOFAGASTA,2,ANTOFAGASTA,2101,JUAN PAPIC,25,1370.3773288067405,0,0,3,1,0,2_2101_25
ANTOFAGASTA,2,ANTOFAGASTA,2101,MANUEL ANTONIO MATTA,26,2112.298362355263,1,0,11,2,0,2_2101_26
ANTOFAGASTA,2,ANTOFAGASTA,2101,ESTACION,27,1127.4696752112784,8,0,12,8,0,2_2101_27
ANTOFAGASTA,2,ANTOFAGASTA,2101,CHUQUICAMATA,28,3244.4432123730753,1,0,8,3,0,2_2101_28
ANTOFAGASTA,2,ANTOFAGASTA,2101,EL ANCLA,29,0.0,0,0,2,0,0,2_2101_29
ANTOFAGASTA,2,ANTOFAGASTA,2101,CERRO TOPATER,30,0.0,2,0,8,1,0,2_2101_30
ANTOFAGASTA,2,ANTOFAGASTA,2101,ORIENTE,31,0.0,3,0,11,4,0,2_2101_31
ANTOFAGASTA,2,ANTOFAGASTA,2101,BELLAVISTA,32,46.74078928011804,3,0,11,10,0,2_2101_32
ANTOFAGASTA,2,ANTOFAGASTA,2101,EL SALTO,33,0.0,2,0,5,0,0,2_2101_33
ANTOFAGASTA,2,ANTOFAGASTA,2101,BAQUEDANO,34,2786.8822203339614,2,0,11,1,0,2_2101_34
ANTOFAGASTA,2,ANTOFAGASTA,2101,SOR A SIGLIA Z,35,2473.9488387049264,1,0,3,1,0,2_2101_35
ANTOFAGASTA,2,ANTOFAGASTA,2101,SALAR DEL CARMEN,36,4997.578014471564,2,0,7,14,0,2_2101_36
ANTOFAGASTA,2,ANTOFAGASTA,2101,P. KRUGER,37,0.0,2,0,4,5,0,2_2101_37
ANTOFAGASTA,2,ANTOFAGASTA,2101,NORTE,38,21665.85992606261,3,0,10,8,0,2_2101_38
ANTOFAGASTA,2,ANTOFAGASTA,2101,AMERICA,39,1555.1213421074917,3,0,4,2,0,2_2101_39
ANTOFAGASTA,2,ANTOFAGASTA,2101,LOS CONDORES,40,0.0,1,0,9,0,0,2_2101_40
ANTOFAGASTA,2,ANTOFAGASTA,2101,CORVALUIS,41,9543.940341784528,5,0,8,3,0,2_2101_41
ANTOFAGASTA,2,ANTOFAGASTA,2101,LAUTARO,42,2650.9759495263047,8,1,24,14,1,2_2101_42
ANTOFAGASTA,2,ANTOFAGASTA,2101,EL GOLF,43,1149.9301422120466,2,0,6,9,2,2_2101_43
ANTOFAGASTA,2,ANTOFAGASTA,2101,BARRIO INDUSTRIAL 1,44,0.0,0,1,13,5,1,2_2101_44
ANTOFAGASTA,2,ANTOFAGASTA,2101,18 DE SEPTIEMBRE,45,0.0,0,0,4,0,0,2_2101_45
ANTOFAGASTA,2,ANTOFAGASTA,2101,ARTURO PRAT B,46,0.0,3,0,11,3,0,2_2101_46
ANTOFAGASTA,2,ANTOFAGASTA,2101,OHIGGINS,47,1312.121369945723,3,0,14,10,0,2_2101_47
ANTOFAGASTA,2,ANTOFAGASTA,2101,MANUEL RODRIGUEZ,48,3044.670410896045,4,0,11,6,0,2_2101_48
ANTOFAGASTA,2,ANTOFAGASTA,2101,PEDRO AGUIRRE CERDA,49,0.0,2,0,6,0,0,2_2101_49
ANTOFAGASTA,2,ANTOFAGASTA,2101,ARTURO PRAT A,50,0.0,2,0,9,4,0,2_2101_50
ANTOFAGASTA,2,ANTOFAGASTA,2101,EMPLAME,51,5476.42003168476,1,0,7,2,0,2_2101_51
ANTOFAGASTA,2,ANTOFAGASTA,2101,OSVALDO MUNOZ,52,0.0,1,0,3,1,0,2_2101_52
ANTOFAGASTA,2,ANTOFAGASTA,2101,VILLA FREI,53,3637.2387329743697,1,0,7,5,0,2_2101_53
ANTOFAGASTA,2,ANTOFAGASTA,2101,JOSE MIGUEL CARRERA,54,0.0,1,0,14,1,0,2_2101_54
ANTOFAGASTA,2,ANTOFAGASTA,2101,LIBERTAD,55,12694.62273875215,4,0,16,12,0,2_2101_55
ANTOFAGASTA,2,ANTOFAGASTA,2101,SALITRERAS UNIDAS,56,3085.6016520175217,2,0,4,1,0,2_2101_56
ANTOFAGASTA,2,ANTOFAGASTA,2101,SALITRE BAJO,57,6718.060682078499,1,0,2,0,0,2_2101_57
ANTOFAGASTA,2,ANTOFAGASTA,2101,BARRIO INDUSTRIAL 2,58,3325.08577586496,4,0,26,18,1,2_2101_58
ANTOFAGASTA,2,ANTOFAGASTA,2101,LOS PINARES,59,3275.01430888077,2,0,9,3,0,2_2101_59
ANTOFAGASTA,2,ANTOFAGASTA,2101,BALMACEDA,60,0.0,3,0,18,1,0,2_2101_60
ANTOFAGASTA,2,ANTOFAGASTA,2101,GABRIELA MISTRAL,61,0.0,2,0,16,11,0,2_2101_61
ANTOFAGASTA,2,ANTOFAGASTA,2101,LA PORTADA,62,6280.820244541515,3,0,11,6,1,2_2101_62
ANTOFAGASTA,2,ANTOFAGASTA,2101,LOS HEROES,63,5526.31955874606,0,0,8,6,1,2_2101_63
ANTOFAGASTA,2,ANTOFAGASTA,2101,RUBEN INFANTE,64,0.0,1,0,7,3,0,2_2101_64
ANTOFAGASTA,2,ANTOFAGASTA,2101,ALEMANIA,65,0.0,2,0,2,5,0,2_2101_65
ANTOFAGASTA,2,ANTOFAGASTA,2101,VICTORIA,66,0.0,2,0,2,1,0,2_2101_66
ANTOFAGASTA,2,ANTOFAGASTA,2101,1 DE MAYO,67,5997.504063185543,2,0,4,1,0,2_2101_67
ANTOFAGASTA,2,ANTOFAGASTA,2101,MEXICO,68,14146.076310203167,3,0,7,5,0,2_2101_68
ANTOFAGASTA,2,ANTOFAGASTA,2101,CAROL URZUA,69,0.0,4,0,7,2,0,2_2101_69
ANTOFAGASTA,2,ANTOFAGASTA,2101,OSCAR BONILLA 1,70,2489.9326704866626,4,1,11,2,1,2_2101_70
ANTOFAGASTA,2,ANTOFAGASTA,2101,OSCAR BONILLA,71,0.0,6,0,9,2,0,2_2101_71
ANTOFAGASTA,2,ANTOFAGASTA,2101,CHILE NUEVO,72,14408.660364588519,9,2,31,10,4,2_2101_72
ANTOFAGASTA,2,ANTOFAGASTA,2101,LAS ROCAS TROCADERO,73,34224.55337254569,6,0,24,12,0,2_2101_73
ANTOFAGASTA,2,ANTOFAGASTA,2101,VALDIVIESO,74,0.0,1,0,10,2,0,2_2101_74
ANTOFAGASTA,2,ANTOFAGASTA,2101,LOS LIBERTADORES,75,36868.28005984024,5,1,28,9,3,2_2101_75
ANTOFAGASTA,2,ANTOFAGASTA,2101,LUIS CRUZ MARTINEZ,76,1544.1111268464642,7,0,19,8,2,2_2101_76
ANTOFAGASTA,2,ANTOFAGASTA,2101,EL VERGEL,77,90949.46154114188,21,2,84,36,3,2_2101_77
ANTOFAGASTA,2,ANTOFAGASTA,2101,LOS CONDORES,78,95994.42609003026,10,1,81,52,4,2_2101_78
ANTOFAGASTA,2,ANTOFAGASTA,2101,ESPERANZA,99,61628.61585280113,7,0,9,6,1,2_2101_99
ANTOFAGASTA,2,ANTOFAGASTA,2101,SIN DEFINICION COMUNAL,NO DEF,229002.44974577273,22,2,29,29,9,2_2101_NO DEF
ANTOFAGASTA,2,TOCOPILLA,2301,9,9,7453.000199624588,3,0,3,0,0,2_2301_9
MAULE,7,TALCA,7101,PIDUCO,0001,41573.32622816219,8,0,28,9,0,7_7101_0001
MAULE,7,TALCA,7101,ESTACION,0002,8720.150403027521,5,0,14,5,0,7_7101_0002
MAULE,7,TALCA,7101,PLAZA DE ARMAS,0003,42762.33549755739,4,0,15,14,3,7_7101_0003
MAULE,7,TALCA,7101,MERCADO,0004,30264.18597057042,2,1,15,4,10,7_7101_0004
MAULE,7,TALCA,7101,LA VEGA,0005,36271.560948870734,4,4,22,11,14,7_7101_0005
MAULE,7,TALCA,7101,GENERAL URRUTIA,0006,13391.857700481167,3,0,11,10,0,7_7101_0006
MAULE,7,TALCA,7101,LAS HERAS,0007,15287.689412587688,3,0,13,6,1,7_7101_0007
MAULE,7,TALCA,7101,SANTA ANA,0008,0.0,6,0,21,13,0,7_7101_0008
MAULE,7,TALCA,7101,SEMINARIO,0009,37021.857326778,14,0,11,6,0,7_7101_0009
MAULE,7,TALCA,7101,CHORRILLOS,0010,16506.838257641208,3,0,19,12,2,7_7101_0010
MAULE,7,TALCA,7101,VILLA LA PAZ,0011,4085.0463559287236,4,0,9,6,0,7_7101_0011
MAULE,7,TALCA,7101,ASTABURUAGA,0012,17506.24158218386,1,0,15,5,1,7_7101_0012
MAULE,7,TALCA,7101,COSTANERA,0013,79884.06032876861,5,0,14,8,0,7_7101_0013
MAULE,7,TALCA,7101,ABATE MOLINA,0014,13886.577891297831,6,0,15,9,0,7_7101_0014
MAULE,7,TALCA,7101,MIGUEL RAFAEL PRADO,0015,2118.574116673807,2,0,7,0,0,7_7101_0015
MAULE,7,TALCA,7101,VILLA EL SOL,0016,20867.422228225503,4,0,5,7,0,7_7101_0016
MAULE,7,TALCA,7101,SEGUNDO DANIEL REBOL,0017,30892.73344560362,5,0,9,7,0,7_7101_0017
MAULE,7,TALCA,7101,AURORA DE CHILE,0018,11602.252619716133,3,0,15,6,1,7_7101_0018
MAULE,7,TALCA,7101,EL ESFUERZO,0019,10330.194278575898,3,1,15,10,0,7_7101_0019
MAULE,7,TALCA,7101,INDEPENDENCIA,0020,17950.292467822477,5,1,19,21,1,7_7101_0020
MAULE,7,TALCA,7101,EDEN,0021,7511.895726907537,1,2,19,11,1,7_7101_0021
MAULE,7,TALCA,7101,ARTURO PRAT,0022,31598.709846375685,10,1,52,15,1,7_7101_0022
MAULE,7,TALCA,7101,ORIENTE,0023,9492.836622708483,8,4,20,14,3,7_7101_0023
MAULE,7,TALCA,7101,MANSO DE VELASCO,0024,1538.1043853718488,2,0,8,0,0,7_7101_0024
MAULE,7,TALCA,7101,NAZARETH,0025,36271.61520916741,3,0,17,4,1,7_7101_0025
MAULE,7,TALCA,7101,PASO MOYA,0026,35000.16360846736,5,0,14,8,0,7_7101_0026
MAULE,7,TALCA,7101,LONGITUDINAL ORIENTE,0027,68909.15293992628,8,1,49,16,4,7_7101_0027
MAULE,7,TALCA,7101,CHILE ESPANA,0028,28542.591896463127,5,1,19,3,1,7_7101_0028
MAULE,7,TALCA,7101,VILLA SUR,0029,36646.15543972994,5,0,40,12,0,7_7101_0029
MAULE,7,TALCA,7101,LA FLORIDA,0030,14600.006499839623,5,0,24,3,1,7_7101_0030
MAULE,7,TALCA,7101,RENE SCHNEIDER,0031,783.3980364820636,1,0,2,0,0,7_7101_0031
MAULE,7,TALCA,7101,JOSE IGNACIO CIENFUE,0037,27523.47963635201,5,0,18,13,1,7_7101_0037
MAULE,7,TALCA,7101,CARLOS TRUPP,0038,14838.93290896967,12,0,21,15,0,7_7101_0038
MAULE,7,TALCA,7101,SAN MIGUEL,0039,0.0,2,0,7,0,0,7_7101_0039
MAULE,7,TALCA,7101,MAQUEHUA,0040,43942.05803340435,2,0,40,11,0,7_7101_0040
MAULE,7,TALCA,7101,IGNACIO CARRERA PINTO,0041,48522.23290363232,8,2,52,22,3,7_7101_0041
MAULE,7,TALCA,7101,MAGISTERIO,0042,36976.29573203652,15,2,95,47,3,7_7101_0042
MAULE,7,TALCA,7101,PROSPERIDAD,0043,13216.569873174862,1,2,14,10,0,7_7101_0043
MAULE,7,TALCA,7101,HERMANOS CARRERA,0044,77726.52182636602,6,0,23,9,0,7_7101_0044
MAULE,7,TALCA,7101,CANCHA RAYADA,0045,63135.743016465436,12,0,31,28,0,7_7101_0045
MAULE,7,TALCA,7101,OHIGGINS,0046,45232.14243853104,5,0,35,16,0,7_7101_0046
MAULE,7,TALCA,7101,HOSPITAL,0047,10909.939392377513,4,0,12,6,2,7_7101_0047
MAULE,7,TALCA,7101,UNIVERSIDAD,0048,35957.79943030569,4,1,39,6,3,7_7101_0048
MAULE,7,TALCA,7101,VAROLI,0049,52187.623325785906,10,1,52,15,1,7_7101_0049
MAULE,7,TALCA,7101,BUEN PASTOR,0050,13508.337918701169,1,0,6,0,0,7_7101_0050
MAULE,7,TALCA,7101,LOS MAQUIS,0051,5683.322139451218,1,0,9,1,1,7_7101_0051
MAULE,7,TALCA,7101,PORTALES,0052,490.1386869150334,3,0,10,13,0,7_7101_0052
MAULE,7,TALCA,7101,CRISTI GALLO,0053,11187.194421823428,2,0,7,10,0,7_7101_0053
MAULE,7,TALCA,7101,LAS BRISAS DEL CLARO,0054,12373.213722126504,4,0,20,1,0,7_7101_0054
MAULE,7,TALCA,7101,032R,032R,89277.86076101132,22,0,71,29,0,7_7101_032R
MAULE,7,TALCA,7101,033R,033R,1866.5664122011533,9,0,0,12,0,7_7101_033R
MAULE,7,TALCA,7101,034R,034R,27759.73432837183,22,0,36,9,0,7_7101_034R
MAULE,7,TALCA,7101,036R,036R,0.0,2,0,2,0,0,7_7101_036R
MAULE,7,TALCA,7101,035R,035R,0.0,5,0,0,15,0,7_7101_035R
MAULE,7,TALCA,7101,055R,055R,170909.35571552426,15,1,181,28,2,7_7101_055R
MAULE,7,MAULE,7105,5,5,0.0,7,0,0,0,0,7_7105_5
MAULE,7,MAULE,7105,12,12,38686.12993164842,10,0,35,22,0,7_7105_12
MAULE,7,MAULE,7105,1,1,42764.27922506116,20,0,57,0,1,7_7105_1
MAULE,7,MAULE,7105,9,9,152010.02932550322,20,0,128,39,3,7_7105_9
MAULE,7,MAULE,7105,7,7,0.0,2,0,3,0,0,7_7105_7
MAULE,7,CAUQUENES,7201,BERNARDO OHIGGINS,2,16347.999191312883,5,0,17,0,6,7_7201_2
MAULE,7,CAUQUENES,7201,SAN ALFONSO,5,0.0,2,0,7,0,1,7_7201_5
MAULE,7,CAUQUENES,7201,CLAUDINA URRUTIA,6,2397.507662407475,2,0,7,0,0,7_7201_6
MAULE,7,CAUQUENES,7201,UNION YUNGAY,9,0.0,2,0,3,0,0,7_7201_9
MAULE,7,LINARES,7401,PEDRO AGUIRRE CERDA,003,8581.280876016532,4,1,21,0,1,7_7401_003
MAULE,7,LINARES,7401,SANTA MARIA,006,1419.1015850227127,2,0,18,0,0,7_7401_006
MAULE,7,LINARES,7401,VILLA PORVENIR,010,7055.718642596162,3,0,12,0,0,7_7401_010
MAULE,7,LINARES,7401,LICEO DE HOMBRES,012,15198.14874615758,5,0,9,0,0,7_7401_012
MAULE,7,LINARES,7401,SALIDA PALMILLA,015,28879.33574200638,5,1,41,0,0,7_7401_015
MAULE,7,LINARES,7401,CAMILO HENRIQUEZ,017,19297.086568803337,1,0,16,0,0,7_7401_017
MAULE,7,LINARES,7401,MALAQUIAS CONCHA,019,1362.3291457111372,5,0,9,0,0,7_7401_019
MAULE,7,LINARES,7401,PROSPERO VILLAR BRAVO,027,10010.472424503128,2,1,16,0,0,7_7401_027
MAULE,7,MAULE,7105,2,2,0.0,8,0,0,0,0,7_7105_2
MAULE,7,MAULE,7105,6,6,0.0,4,0,0,0,0,7_7105_6
MAULE,7,MAULE,7105,8,8,0.0,3,0,0,0,0,7_7105_8
MAULE,7,MAULE,7105,3,3,0.0,9,0,0,36,0,7_7105_3
MAULE,7,CAUQUENES,7201,JOSE DE MANSO,1,13096.561966388863,4,0,10,0,0,7_7201_1
MAULE,7,CAUQUENES,7201,SAN FRANCISCO,3,3630.6312708221085,4,2,8,0,0,7_7201_3
MAULE,7,CAUQUENES,7201,HOSPITAL,4,2535.866740959331,4,0,7,0,0,7_7201_4
MAULE,7,CAUQUENES,7201,JOSE MARIA AVILA,7,3733.6489633922683,1,0,13,0,0,7_7201_7
MAULE,7,CAUQUENES,7201,ARTURO PRAT,8,7630.0420165317655,2,0,11,0,0,7_7201_8
MAULE,7,CAUQUENES,7201,CAUQUENES,10,7719.060101389743,3,0,12,0,0,7_7201_10
MAULE,7,CAUQUENES,7201,PORONGO,11,43985.03786006674,19,0,67,0,0,7_7201_11
MAULE,7,CAUQUENES,7201,SANTA SOFIA,12,0.0,3,0,9,0,0,7_7201_12
MAULE,7,CAUQUENES,7201,MANUEL FERNANDEZ,14,4300.1302833348755,4,0,16,0,0,7_7201_14
MAULE,7,CAUQUENES,7201,15R,15R,0.0,5,0,1,0,0,7_7201_15R
MAULE,7,CAUQUENES,7201,16R,16R,0.0,2,0,0,0,0,7_7201_16R
MAULE,7,CAUQUENES,7201,17R,17R,0.0,10,0,0,0,0,7_7201_17R
MAULE,7,CAUQUENES,7201,18R,18R,0.0,4,0,0,0,0,7_7201_18R
MAULE,7,CAUQUENES,7201,19R,19R,0.0,4,0,0,0,0,7_7201_19R
MAULE,7,CAUQUENES,7201,20R,20R,0.0,4,0,0,0,0,7_7201_20R
MAULE,7,CAUQUENES,7201,21R,21R,0.0,5,0,0,0,0,7_7201_21R
MAULE,7,LINARES,7401,SALIDA PANIMAVIDA,001,2779.3784920543294,1,1,12,0,0,7_7401_001
MAULE,7,LINARES,7401,SECTOR IANSA,002,18718.621900029386,5,0,27,0,0,7_7401_002
MAULE,7,LINARES,7401,IGNACIO CHACON DEL CAMPO,004,3221.6043116738206,4,0,9,0,0,7_7401_004
MAULE,7,LINARES,7401,CRISOSTOMO GAVIRATTI,005,0.0,2,0,7,0,0,7_7401_005
MAULE,7,LINARES,7401,INTENDENTE FONTANA,007,0.0,0,0,5,0,0,7_7401_007
MAULE,7,LINARES,7401,LINARES 2,008,1044.7772969900818,0,0,2,0,0,7_7401_008
MAULE,7,LINARES,7401,ESFUERZO,009,5390.07805846552,4,0,20,0,0,7_7401_009
MAULE,7,LINARES,7401,ACHIBUENO,011,15087.327620458916,6,0,18,0,0,7_7401_011
MAULE,7,LINARES,7401,RAMON FREIRE,013,31671.006868812172,3,0,11,0,0,7_7401_013
MAULE,7,LINARES,7401,VILLA PRESIDENTE IBANEZ,014,3990.873200102664,2,0,6,0,0,7_7401_014
MAULE,7,LINARES,7401,NORPONIENTE,016,3316.0434093171366,3,0,13,0,0,7_7401_016
MAULE,7,LINARES,7401,SANTA BARBARA,018,2184.3886436195085,3,0,5,0,0,7_7401_018
MAULE,7,LINARES,7401,COMERCIO,020,0.0,4,5,7,0,4,7_7401_020
MAULE,7,LINARES,7401,LINARES CENTRO,021,15951.0270608016,7,1,14,0,11,7_7401_021
MAULE,7,LINARES,7401,EL EMBOQUE,022,0.0,3,0,0,0,0,7_7401_022
MAULE,7,LINARES,7401,LAS OBRAS,023,1161.2614332153569,4,0,0,0,0,7_7401_023
MAULE,7,LINARES,7401,PALMILLA,024,0.0,3,0,0,0,0,7_7401_024
MAULE,7,LINARES,7401,MAITENES,025,0.0,4,0,0,0,0,7_7401_025
MAULE,7,LINARES,7401,SALIDA HUAPI,026,20628.224501942048,14,0,48,0,0,7_7401_026
MAULE,7,LINARES,7401,QUINIPEUMO,028,51370.617047007225,8,0,68,0,0,7_7401_028
MAULE,7,LINARES,7401,HUAPI,030,0.0,3,0,0,0,0,7_7401_030
MAULE,7,LINARES,7401,RIVERAS DE ANCOA,031,2620.997465919854,11,0,6,0,0,7_7401_031
MAULE,7,LINARES,7401,CANDELARIA PEREZ,032,50265.136749821235,8,0,49,0,0,7_7401_032
MAULE,7,LINARES,7401,VARA GRUESA,033,6240.454901185509,10,0,6,0,0,7_7401_033
MAULE,7,LINARES,7401,SAN VICTOR ALAMOS,034,0.0,1,0,0,0,0,7_7401_034
MAULE,7,LINARES,7401,CHUPALLAR,035,0.0,3,0,0,0,0,7_7401_035
MAULE,7,LINARES,7401,BRILLA EL SOL,037,0.0,4,0,0,0,0,7_7401_037
MAULE,7,LINARES,7401,VEGA DE SALAS,038,0.0,2,0,0,0,0,7_7401_038
MAULE,7,LINARES,7401,PEJERREY,039,0.0,2,0,0,0,0,7_7401_039
MAULE,7,LINARES,7401,LOS HUALLES,040,0.0,1,0,0,0,0,7_7401_040
MAULE,7,CURICO,7301,025,025,0.0,6,0,0,0,0,7_7301_025
MAULE,7,CURICO,7301,024,024,0.0,5,0,0,0,0,7_7301_024
MAULE,7,CURICO,7301,023,023,0.0,7,0,0,0,0,7_7301_023
MAULE,7,CURICO,7301,021,021,0.0,7,0,0,0,0,7_7301_021
MAULE,7,CURICO,7301,GUAIQUILLO,029,20875.94463457708,8,0,17,0,0,7_7301_029
MAULE,7,CURICO,7301,DOCTOR OSORIO,005,12341.07448278535,8,0,19,0,0,7_7301_005
MAULE,7,CURICO,7301,DRAGONES - AGUAS NEGRAS,016,13951.658812694923,4,0,17,0,0,7_7301_016
MAULE,7,CURICO,7301,PROSPERIDAD,031,34896.57531574183,6,0,40,0,0,7_7301_031
MAULE,7,CURICO,7301,GABRIELA MISTRAL,007,41070.38850730134,8,1,23,0,0,7_7301_007
MAULE,7,CURICO,7301,GRACIELA LETELIER DE IBANEZ,027,5150.914929886187,0,0,3,0,0,7_7301_027
MAULE,7,CURICO,7301,AROMOS - MAULE,015,6835.130714672193,4,0,22,0,1,7_7301_015
MAULE,7,CURICO,7301,SAN MARTIN,008,32948.819684792776,7,1,11,0,2,7_7301_008
MAULE,7,CURICO,7301,JOHN KENNEDY,004,18370.290509888437,7,0,19,0,0,7_7301_004
MAULE,7,CURICO,7301,INDEPENDENCIA,006,0.0,9,3,23,0,17,7_7301_006
MAULE,7,CURICO,7301,CURICO CENTRO,009,6413.6923193668135,2,0,6,0,1,7_7301_009
MAULE,7,CURICO,7301,EL VATICANO,014,15575.37058792783,9,2,26,0,0,7_7301_014
MAULE,7,CURICO,7301,MATAQUITO,011,8421.776101026477,6,1,11,0,1,7_7301_011
MAULE,7,CURICO,7301,MANUEL RODRIGUEZ,010,0.0,2,4,10,0,1,7_7301_010
MAULE,7,CURICO,7301,CRISTOBAL COLON,028,5964.876695757903,4,0,29,0,0,7_7301_028
MAULE,7,CURICO,7301,LUIS CRUZ MARTINEZ,001,5048.788806600522,6,0,20,0,0,7_7301_001
MAULE,7,CURICO,7301,AVENIDA ESPANA,003,483697.4061947694,10,1,27,0,2,7_7301_003
MAULE,7,CURICO,7301,RAUQUEN,026,30156.226768085467,6,1,42,0,2,7_7301_026
MAULE,7,CURICO,7301,NUEVA ESPERANZA,002,99032.62938580035,12,2,47,0,1,7_7301_002
MAULE,7,CURICO,7301,MANUEL LARRAIN,012,24553.289685727595,6,1,47,0,0,7_7301_012
MAULE,7,CURICO,7301,EL PROGRESO,013,61821.48294824505,21,0,75,0,2,7_7301_013
MAULE,7,CURICO,7301,017,017,21193.839075170807,2,0,17,0,0,7_7301_017
MAULE,7,CURICO,7301,022,022,0.0,14,0,5,0,0,7_7301_022
MAULE,7,CURICO,7301,019,019,18307.025440718717,7,0,27,0,0,7_7301_019
MAULE,7,CURICO,7301,SARMIENTO,030,21104.12220830412,10,0,39,0,0,7_7301_030
MAULE,7,CURICO,7301,020,020,26515.19741551889,12,0,40,0,0,7_7301_020
MAULE,7,CURICO,7301,SIN DEFINICION COMUNAL,NO DEF_4,0.0,0,0,0,0,0,7_7301_NO DEF_4
MAULE,7,CURICO,7301,SIN DEFINICION COMUNAL,NO DEF_1,15576.490701238476,18,0,13,0,0,7_7301_NO DEF_1
MAULE,7,CURICO,7301,SIN DEFINICION COMUNAL,NO DEF_2,0.0,2,0,0,0,0,7_7301_NO DEF_2
MAULE,7,CURICO,7301,SIN DEFINICION COMUNAL,NO DEF_3,108706.36786833778,14,0,91,0,2,7_7301_NO DEF_3
MAULE,7,LINARES,7401,SIN DEFINICION COMUNAL,NO DEF,0.0,0,0,0,0,0,7_7401_NO DEF
MAULE,7,CAUQUENES,7201,JAVIERA CARRERA,13,16384.753319444506,13,0,54,0,0,7_7201_13
MAULE,7,CURICO,7301,018,018,5508.8370315830725,11,0,0,0,0,7_7301_018
MAULE,7,LINARES,7401,VEGA ANCOA,036,0.0,3,0,0,0,0,7_7401_036
BIOBÍO,8,CORONEL,8102,001,001,2477.3166232838166,4,0,25,0,0,8_8102_001
BIOBÍO,8,CORONEL,8102,002,002,0.0,0,0,2,0,0,8_8102_002
BIOBÍO,8,CORONEL,8102,003,003,649.4552730038055,3,0,15,0,0,8_8102_003
BIOBÍO,8,CORONEL,8102,004,004,15187.63994532964,1,0,6,0,0,8_8102_004
BIOBÍO,8,CORONEL,8102,005,005,9941.549258100284,2,0,10,0,0,8_8102_005
BIOBÍO,8,CORONEL,8102,006,006,5344.374754690751,3,3,13,0,6,8_8102_006
BIOBÍO,8,CORONEL,8102,007,007,4076.8549597490287,3,1,8,0,0,8_8102_007
BIOBÍO,8,CORONEL,8102,008,008,1947.8967230707406,2,0,12,0,0,8_8102_008
BIOBÍO,8,CORONEL,8102,009,009,0.0,0,0,9,0,0,8_8102_009
BIOBÍO,8,CORONEL,8102,010,010,745.0619390849104,2,0,16,0,0,8_8102_010
BIOBÍO,8,CORONEL,8102,011,011,12619.884342690782,2,0,10,0,0,8_8102_011
BIOBÍO,8,CORONEL,8102,013,013,5161.902387027415,4,0,15,0,0,8_8102_013
BIOBÍO,8,CORONEL,8102,014,014,15041.039773729779,3,1,35,0,2,8_8102_014
BIOBÍO,8,CORONEL,8102,015,015,0.0,1,0,3,0,0,8_8102_015
BIOBÍO,8,CORONEL,8102,016,016,9697.836605871253,7,0,20,1,0,8_8102_016
BIOBÍO,8,CORONEL,8102,017,017,2193.9774945268573,3,0,15,0,0,8_8102_017
BIOBÍO,8,CORONEL,8102,018,018,3799.702620214378,2,0,13,0,0,8_8102_018
BIOBÍO,8,CORONEL,8102,019,019,8089.462199917989,2,0,20,0,0,8_8102_019
BIOBÍO,8,CORONEL,8102,020,020,7175.844173895734,2,0,6,0,0,8_8102_020
BIOBÍO,8,CORONEL,8102,021,021,28466.596773197045,4,0,13,1,0,8_8102_021
BIOBÍO,8,CORONEL,8102,023,023,34050.05599139254,14,2,55,0,2,8_8102_023
BIOBÍO,8,CORONEL,8102,024,024,7161.643682797035,2,0,12,0,0,8_8102_024
BIOBÍO,8,CORONEL,8102,025,025,30147.16164991025,9,1,44,0,2,8_8102_025
BIOBÍO,8,CORONEL,8102,027,027,9286.08329858957,4,0,17,0,0,8_8102_027
BIOBÍO,8,CORONEL,8102,029R,029R,0.0,0,0,0,0,0,8_8102_029R
BIOBÍO,8,CORONEL,8102,030R,030R,0.0,0,0,0,0,0,8_8102_030R
BIOBÍO,8,CORONEL,8102,032,032,100933.34102393257,3,0,79,0,0,8_8102_032
BIOBÍO,8,CORONEL,8102,03A,03A,1259.8822260583088,5,0,20,0,0,8_8102_03A
BIOBÍO,8,CORONEL,8102,19A,19A,4810.487299049544,1,0,11,0,0,8_8102_19A
BIOBÍO,8,CORONEL,8102,22R,22R,103211.00656728532,16,0,166,1,0,8_8102_22R
BIOBÍO,8,CORONEL,8102,26R,26R,37583.02250227223,10,1,72,2,1,8_8102_26R
BIOBÍO,8,CORONEL,8102,28R,28R,2109.2025649948287,0,0,2,0,0,8_8102_28R
BIOBÍO,8,CORONEL,8102,31R,31R,0.0,1,0,0,0,0,8_8102_31R
BIOBÍO,8,HUALPEN,8112,001,37,3390.857777059844,4,0,12,4,0,8_8112_37
BIOBÍO,8,HUALPEN,8112,002,38,5778.482761260349,6,0,12,5,0,8_8112_38
BIOBÍO,8,HUALPEN,8112,003,39,5110.4568355970505,2,0,11,6,0,8_8112_39
BIOBÍO,8,HUALPEN,8112,004,40,30432.42590351134,4,1,12,18,1,8_8112_40
BIOBÍO,8,HUALPEN,8112,005,41,5399.718335818011,2,0,4,2,0,8_8112_41
BIOBÍO,8,HUALPEN,8112,006,42,3165.367231629753,4,0,7,10,0,8_8112_42
BIOBÍO,8,HUALPEN,8112,007,43A,14632.00943428498,5,0,20,14,0,8_8112_43A
BIOBÍO,8,HUALPEN,8112,008,43B,75581.29294209117,6,1,74,45,1,8_8112_43B
BIOBÍO,8,HUALPEN,8112,016,44,14747.915100334181,2,0,15,15,1,8_8112_44
BIOBÍO,8,HUALPEN,8112,009,44A,23072.590547395423,1,0,10,15,1,8_8112_44A
BIOBÍO,8,HUALPEN,8112,10R,44B,11165.551269320766,1,0,9,7,0,8_8112_44B
BIOBÍO,8,HUALPEN,8112,011,44C,4056.26847880683,6,1,16,18,1,8_8112_44C
BIOBÍO,8,HUALPEN,8112,012,44D,13339.114657158005,3,0,17,12,0,8_8112_44D
BIOBÍO,8,HUALPEN,8112,013,44E,2483.4919971669774,0,0,11,5,0,8_8112_44E
BIOBÍO,8,HUALPEN,8112,014,44F,10500.243193076723,3,1,19,19,0,8_8112_44F
BIOBÍO,8,HUALPEN,8112,015,44G,12357.723561590763,2,0,6,3,0,8_8112_44G
BIOBÍO,8,HUALPEN,8112,017,45,0.0,4,2,10,10,1,8_8112_45
BIOBÍO,8,HUALPEN,8112,018,46,7063.8708784667915,2,0,18,11,0,8_8112_46
BIOBÍO,8,HUALPEN,8112,019,47,0.0,1,0,5,1,0,8_8112_47
BIOBÍO,8,HUALPEN,8112,020,52,6912.568487566781,3,0,12,10,0,8_8112_52
BIOBÍO,8,HUALPEN,8112,021,55,26588.351281721967,5,0,14,9,0,8_8112_55
BIOBÍO,8,HUALPEN,8112,022,56,56501.29341457346,3,0,34,20,0,8_8112_56
BIOBÍO,8,HUALPEN,8112,023,58,945.6467642077612,1,1,14,3,4,8_8112_58
BIOBÍO,8,HUALPEN,8112,024,59,12647.045229668649,1,0,14,15,0,8_8112_59
BIOBÍO,8,CORONEL,8102,SIN DEFINICION COMUNAL,NO DEF 1,4864.977042552997,2,0,7,1,0,8_8102_NO DEF 1
BIOBÍO,8,HUALPEN,8112,SIN DEFINICION COMUNAL,NO DEF,22207.1770120904,2,1,16,2,2,8_8112_NO DEF
BIOBÍO,8,HUALPEN,8112,SIN DEFINICION COMUNAL,NO DEF 1,12988.218861786014,3,0,6,7,0,8_8112_NO DEF 1
BIOBÍO,8,CORONEL,8102,SIN DEFINICION COMUNAL,NO DEF 2,0.0,0,0,1,0,0,8_8102_NO DEF 2
BIOBÍO,8,CORONEL,8102,012,012,0.0,0,0,7,0,0,8_8102_012
BIOBÍO,8,CONCEPCIÓN,8101,0001,0001,21469.534559721294,2,1,28,14,31,8_8101_0001
BIOBÍO,8,CONCEPCIÓN,8101,0002,0002,0.0,8,1,33,14,2,8_8101_0002
BIOBÍO,8,CONCEPCIÓN,8101,0003,0003,0.0,3,1,21,11,1,8_8101_0003
BIOBÍO,8,CONCEPCIÓN,8101,0004,0004,3929.1200609864713,7,1,30,19,7,8_8101_0004
BIOBÍO,8,CONCEPCIÓN,8101,0005,0005,20491.907038361624,5,0,36,9,0,8_8101_0005
BIOBÍO,8,CONCEPCIÓN,8101,0006,0006,64912.81419454487,4,3,32,15,2,8_8101_0006
BIOBÍO,8,CONCEPCIÓN,8101,0007,0007,5003.213801783639,5,1,49,15,1,8_8101_0007
BIOBÍO,8,CONCEPCIÓN,8101,0008,0008,35336.2313512212,2,0,25,10,0,8_8101_0008
BIOBÍO,8,CONCEPCIÓN,8101,0009,0009,2475.7783844766127,2,0,9,6,0,8_8101_0009
BIOBÍO,8,CONCEPCIÓN,8101,0010,0010,17823.863854042484,4,0,25,9,1,8_8101_0010
BIOBÍO,8,CONCEPCIÓN,8101,0011,0011,11277.928194461438,5,1,22,8,3,8_8101_0011
BIOBÍO,8,CONCEPCIÓN,8101,013A,013A,45069.994744109885,5,0,28,15,1,8_8101_013A
BIOBÍO,8,CONCEPCIÓN,8101,013B,013B,21279.083396577553,5,1,27,6,0,8_8101_013B
BIOBÍO,8,CONCEPCIÓN,8101,0014,0014,10324.50642889726,2,0,13,5,1,8_8101_0014
BIOBÍO,8,CONCEPCIÓN,8101,0015,0015,0.0,6,5,28,9,2,8_8101_0015
BIOBÍO,8,CONCEPCIÓN,8101,0016,0016,6530.114576789734,3,0,25,12,0,8_8101_0016
BIOBÍO,8,CONCEPCIÓN,8101,0017,0017,11456.03954824229,2,1,23,5,0,8_8101_0017
BIOBÍO,8,CONCEPCIÓN,8101,0018,0018,10154.607722061612,0,0,31,23,1,8_8101_0018
BIOBÍO,8,CONCEPCIÓN,8101,0019,0019,2268.0603253015743,3,0,15,9,0,8_8101_0019
BIOBÍO,8,CONCEPCIÓN,8101,020A,020A,7101.33418157002,1,0,12,8,0,8_8101_020A
BIOBÍO,8,CONCEPCIÓN,8101,020B,020B,2806.695727527184,1,0,6,0,0,8_8101_020B
BIOBÍO,8,CONCEPCIÓN,8101,0021,0021,7019.246849419083,3,0,25,14,0,8_8101_0021
BIOBÍO,8,CONCEPCIÓN,8101,0022,0022,0.0,2,0,23,2,0,8_8101_0022
BIOBÍO,8,CONCEPCIÓN,8101,0023,0023,9290.166772509261,1,1,14,6,2,8_8101_0023
BIOBÍO,8,CONCEPCIÓN,8101,0024,0024,5048.95738382659,3,0,6,6,0,8_8101_0024
BIOBÍO,8,CONCEPCIÓN,8101,0025,0025,2829.7909607817874,2,0,15,9,0,8_8101_0025
BIOBÍO,8,CONCEPCIÓN,8101,0026,0026,0.0,1,2,18,7,2,8_8101_0026
BIOBÍO,8,CONCEPCIÓN,8101,0027,0027,3327.225516178968,2,0,12,6,2,8_8101_0027
BIOBÍO,8,CONCEPCIÓN,8101,0028,0028,14007.999057989937,5,1,27,13,0,8_8101_0028
BIOBÍO,8,CONCEPCIÓN,8101,0029,0029,0.0,3,1,31,18,1,8_8101_0029
BIOBÍO,8,CONCEPCIÓN,8101,0030,0030,2101.132554765572,4,2,22,20,7,8_8101_0030
BIOBÍO,8,CONCEPCIÓN,8101,0031,0031,54268.64742139949,7,3,67,41,4,8_8101_0031
BIOBÍO,8,CONCEPCIÓN,8101,0032,0032,8600.409218904757,2,2,36,8,3,8_8101_0032
BIOBÍO,8,CONCEPCIÓN,8101,0033,0033,249015.88311753815,9,0,29,11,1,8_8101_0033
BIOBÍO,8,CONCEPCIÓN,8101,034A,034A,503051.3543751656,4,0,31,4,0,8_8101_034A
BIOBÍO,8,CONCEPCIÓN,8101,034B,034B,305847.4896233456,0,0,0,0,0,8_8101_034B
BIOBÍO,8,CONCEPCIÓN,8101,0035,0035,25475.240003925926,2,0,11,7,2,8_8101_0035
BIOBÍO,8,CONCEPCIÓN,8101,0036,0036,31859.130589902874,4,0,19,15,0,8_8101_0036
BIOBÍO,8,CONCEPCIÓN,8101,0060,0060,46336.85386613504,5,3,43,20,2,8_8101_0060
BIOBÍO,8,CONCEPCIÓN,8101,0061,0061,67592.27104235243,7,0,55,47,1,8_8101_0061
BIOBÍO,8,CONCEPCIÓN,8101,0062,0062,87958.94771725872,6,2,97,49,5,8_8101_0062
BIOBÍO,8,CONCEPCIÓN,8101,01RU,01RU,6659.638317968385,3,0,15,14,0,8_8101_01RU
BIOBÍO,8,CONCEPCIÓN,8101,02RR,02RR,0.0,0,0,1,0,0,8_8101_02RR
BIOBÍO,8,CONCEPCIÓN,8101,02RU,02RU,16349.825475350382,8,0,74,34,1,8_8101_02RU
BIOBÍO,8,CONCEPCIÓN,8101,015R,015R,3740.0325086806256,2,0,20,14,0,8_8101_015R
BIOBÍO,8,CONCEPCIÓN,8101,016RU,016RU,2735.0487753845146,1,0,12,6,0,8_8101_016RU
BIOBÍO,8,CONCEPCIÓN,8101,013RU,013RU,8235.10347051606,2,0,6,9,0,8_8101_013RU
BIOBÍO,8,CONCEPCIÓN,8101,014RU,014RU,11707.404060673416,4,0,28,2,0,8_8101_014RU
BIOBÍO,8,CONCEPCIÓN,8101,SIN DEFINICION COMUNAL,NO DEF,25127.111297663036,6,0,17,6,0,8_8101_NO DEF
BIOBÍO,8,CONCEPCIÓN,8101,012B,012B,9851.416739435423,1,0,4,7,0,8_8101_012B
BIOBÍO,8,CONCEPCIÓN,8101,012A,012A,87052.28343222833,1,0,6,7,1,8_8101_012A
BIOBÍO,8,CONCEPCIÓN,8101,062B,062B,7701.758956407635,2,0,7,9,0,8_8101_062B
BIOBÍO,8,CHIGUAYANTE,8103,01U,01U,20300.416471431472,2,1,80,25,0,8_8103_01U
BIOBÍO,8,CHIGUAYANTE,8103,02U,02U,854.8124316773155,3,0,17,3,0,8_8103_02U
BIOBÍO,8,CHIGUAYANTE,8103,03U,03U,6720.817435295086,2,0,14,2,0,8_8103_03U
BIOBÍO,8,CHIGUAYANTE,8103,04U,04U,1154.5967686554498,1,0,8,15,1,8_8103_04U
BIOBÍO,8,CHIGUAYANTE,8103,05U,05U,754.0682445810093,6,1,16,7,1,8_8103_05U
BIOBÍO,8,CHIGUAYANTE,8103,06U,06U,0.0,1,0,24,1,1,8_8103_06U
BIOBÍO,8,CHIGUAYANTE,8103,07U,07U,6717.5482305046335,3,0,18,2,0,8_8103_07U
BIOBÍO,8,CHIGUAYANTE,8103,08U,08U,6478.523820726456,0,2,19,13,3,8_8103_08U
BIOBÍO,8,CHIGUAYANTE,8103,09U,09U,20575.329131841463,5,0,57,23,0,8_8103_09U
BIOBÍO,8,CHIGUAYANTE,8103,10U,10U,36273.303998734766,8,3,64,25,2,8_8103_10U
BIOBÍO,8,CHIGUAYANTE,8103,11U,11U,6116.903126653948,3,2,22,6,1,8_8103_11U
BIOBÍO,8,CHIGUAYANTE,8103,12U,12U,52537.99180279183,5,0,30,12,0,8_8103_12U
BIOBÍO,8,CHIGUAYANTE,8103,13U,13U,4828.36216557678,4,0,13,1,0,8_8103_13U
BIOBÍO,8,CHIGUAYANTE,8103,14U,14U,26300.12115821171,7,1,33,29,1,8_8103_14U
BIOBÍO,8,CHIGUAYANTE,8103,15U,15U,65140.171301449285,8,0,26,13,0,8_8103_15U
BIOBÍO,8,CHIGUAYANTE,8103,13R,13R,10061.703268315008,3,0,18,14,0,8_8103_13R
BIOBÍO,8,CHIGUAYANTE,8103,01R,01R,0.0,0,0,0,0,0,8_8103_01R
BIOBÍO,8,PENCO,8107,0001,0001,4129.97001729226,2,0,26,11,0,8_8107_0001
BIOBÍO,8,PENCO,8107,0002,0002,8531.018232917777,2,0,10,7,0,8_8107_0002
BIOBÍO,8,PENCO,8107,0003,0003,0.0,0,0,0,3,0,8_8107_0003
BIOBÍO,8,PENCO,8107,0004,0004,16929.262399347248,4,0,29,6,0,8_8107_0004
BIOBÍO,8,PENCO,8107,0005,0005,13259.86554093127,10,0,36,15,0,8_8107_0005
BIOBÍO,8,PENCO,8107,0006,0006,3939.710694138668,2,0,12,4,0,8_8107_0006
BIOBÍO,8,PENCO,8107,0007,0007,546.9145971046577,1,1,13,6,1,8_8107_0007
BIOBÍO,8,PENCO,8107,0008,0008,17064.327666713765,5,2,21,9,5,8_8107_0008
BIOBÍO,8,PENCO,8107,0009,0009,938.0250698085431,0,0,14,0,0,8_8107_0009
BIOBÍO,8,PENCO,8107,0010,0010,27360.7744932243,4,1,47,25,0,8_8107_0010
BIOBÍO,8,PENCO,8107,0011,0011,3981.276726614499,2,0,12,17,0,8_8107_0011
BIOBÍO,8,PENCO,8107,0012,0012,2169.0458975233237,2,0,2,8,0,8_8107_0012
BIOBÍO,8,PENCO,8107,0013,0013,4180.512167835699,1,0,18,2,0,8_8107_0013
BIOBÍO,8,PENCO,8107,0014,0014,6913.494601887589,1,0,6,7,0,8_8107_0014
BIOBÍO,8,PENCO,8107,0015,0015,3736.258852360143,1,1,8,13,1,8_8107_0015
BIOBÍO,8,PENCO,8107,0016,0016,2715.156606788867,1,0,10,1,0,8_8107_0016
BIOBÍO,8,PENCO,8107,0017,0017,928.0612012453101,2,0,4,8,0,8_8107_0017
BIOBÍO,8,PENCO,8107,018R,018R,0.0,1,0,0,0,0,8_8107_018R
BIOBÍO,8,TALCAHUANO,8110,ISLA QUIRIQUINA,003,0.0,0,0,0,0,0,8_8110_003
BIOBÍO,8,TALCAHUANO,8110,CERRO ALEGRE,004,11239.666632063449,0,0,3,5,0,8_8110_004
BIOBÍO,8,TALCAHUANO,8110,CERRO CORNOU,005,3445.063568418417,2,0,15,1,0,8_8110_005
BIOBÍO,8,TALCAHUANO,8110,BUENA VISTA,006,0.0,3,0,13,4,0,8_8110_006
BIOBÍO,8,TALCAHUANO,8110,CERRO ZAROR,007,0.0,1,0,9,7,0,8_8110_007
BIOBÍO,8,TALCAHUANO,8110,CERRO SAN FRANCISCO,008,0.0,2,0,12,10,0,8_8110_008
BIOBÍO,8,TALCAHUANO,8110,MONTE REDONDO,009,0.0,2,0,15,10,0,8_8110_009
BIOBÍO,8,TALCAHUANO,8110,ALMIRANTE LATORRE,010,22447.346096445515,5,2,16,16,8,8_8110_010
BIOBÍO,8,TALCAHUANO,8110,CERRO DAVID FUENTES,011,0.0,2,0,22,3,0,8_8110_011
BIOBÍO,8,TALCAHUANO,8110,GABRIEL TORO,012,0.0,1,0,7,3,0,8_8110_012
BIOBÍO,8,TALCAHUANO,8110,HUREL,013,0.0,0,1,3,0,0,8_8110_013
BIOBÍO,8,TALCAHUANO,8110,SAN VICENTE NORTE,014A,0.0,3,0,6,4,0,8_8110_014A
BIOBÍO,8,TALCAHUANO,8110,PARTAL,014B,0.0,0,0,5,5,0,8_8110_014B
BIOBÍO,8,TALCAHUANO,8110,SAN VICENTE SUR,015,8190.089255821996,1,0,13,16,0,8_8110_015
BIOBÍO,8,TALCAHUANO,8110,EL MORRO,016,59477.6343544127,1,0,8,5,0,8_8110_016
BIOBÍO,8,TALCAHUANO,8110,ARENAL,017,0.0,0,0,11,4,1,8_8110_017
BIOBÍO,8,TALCAHUANO,8110,GAETE,018,965.1543483552424,1,0,15,3,0,8_8110_018
BIOBÍO,8,TALCAHUANO,8110,LIBERTAD,019,42128.25608520084,4,0,14,9,0,8_8110_019
BIOBÍO,8,TALCAHUANO,8110,SANTA CLARA,020,0.0,1,0,15,4,0,8_8110_020
BIOBÍO,8,TALCAHUANO,8110,LUISA ECHAVARRIA,021,13717.889835690876,4,0,25,14,0,8_8110_021
BIOBÍO,8,TALCAHUANO,8110,PROGRESO,022,13209.475969011251,5,1,4,0,0,8_8110_022
BIOBÍO,8,TALCAHUANO,8110,CRISTOBAL COLON,023,0.0,4,1,10,11,1,8_8110_023
BIOBÍO,8,TALCAHUANO,8110,LUIS URIBE,024,13.217417305473841,1,0,10,8,2,8_8110_024
BIOBÍO,8,TALCAHUANO,8110,LEONOR MASCAYANO,025,1938.1737928663308,2,0,4,2,0,8_8110_025
BIOBÍO,8,TALCAHUANO,8110,LA ALIANZA,026,15342.22346775892,4,0,9,6,0,8_8110_026
BIOBÍO,8,TALCAHUANO,8110,J. GONZALEZ H.,027,8852.239629086595,1,0,8,3,0,8_8110_027
BIOBÍO,8,TALCAHUANO,8110,HIGUERAS,028,49382.744865403394,3,1,22,21,1,8_8110_028
BIOBÍO,8,TALCAHUANO,8110,L. COCHRANE,029,25272.318987958373,0,0,24,9,0,8_8110_029
BIOBÍO,8,TALCAHUANO,8110,02SR,02SR,0.0,0,0,0,0,0,8_8110_02SR
BIOBÍO,8,TALCAHUANO,8110,LAS CANCHAS,02SU,4509.445396488305,4,0,17,18,0,8_8110_02SU
BIOBÍO,8,TALCAHUANO,8110,H. FAMILIARES,030,6795.648631014856,2,1,31,20,0,8_8110_030
BIOBÍO,8,TALCAHUANO,8110,LAS CAMELIAS,031,3992.9997492564544,1,0,6,5,0,8_8110_031
BIOBÍO,8,TALCAHUANO,8110,LOS CONDORES,032A,20245.150886212934,2,0,14,12,2,8_8110_032A
BIOBÍO,8,TALCAHUANO,8110,VILLA SAN MARTIN,032B,5534.316774943801,2,0,7,6,0,8_8110_032B
BIOBÍO,8,TALCAHUANO,8110,DENAVI SUR,032C,39570.925953518614,6,0,23,13,0,8_8110_032C
BIOBÍO,8,TALCAHUANO,8110,SANTA MARIA,033,65678.28637042179,4,0,55,12,0,8_8110_033
BIOBÍO,8,TALCAHUANO,8110,SANTA LEONOR,034,9413.012087035302,3,1,33,12,2,8_8110_034
BIOBÍO,8,TALCAHUANO,8110,ESMERALDA,035,8668.100654820064,2,0,15,11,1,8_8110_035
BIOBÍO,8,TALCAHUANO,8110,CARLOS CONDELL,036A,7479.05926440562,2,0,11,4,0,8_8110_036A
BIOBÍO,8,TALCAHUANO,8110,PUERTO MONTT,036B,2729.3092859232556,1,0,10,3,0,8_8110_036B
BIOBÍO,8,TALCAHUANO,8110,DIEGO PORTALES,036C,7222.309121202559,4,0,22,9,0,8_8110_036C
BIOBÍO,8,TALCAHUANO,8110,PARQUE DINAHUE,039,0.0,1,0,2,1,0,8_8110_039
BIOBÍO,8,TALCAHUANO,8110,ARTURO PRAT,043A,0.0,0,0,4,3,0,8_8110_043A
BIOBÍO,8,TALCAHUANO,8110,LOS LOBOS,048,3250.964591724784,4,0,21,14,0,8_8110_048
BIOBÍO,8,TALCAHUANO,8110,NUEVA LOS LOBOS,049,18555.245441086743,5,0,33,25,0,8_8110_049
BIOBÍO,8,TALCAHUANO,8110,ALFARO,050,0.0,0,0,4,0,0,8_8110_050
BIOBÍO,8,TALCAHUANO,8110,SIMONS,051,0.0,2,0,4,0,0,8_8110_051
BIOBÍO,8,TALCAHUANO,8110,HUACHICOOP,053,3487.9373160892637,5,0,22,11,0,8_8110_053
BIOBÍO,8,TALCAHUANO,8110,LAS VILLAS,054,37989.80043042954,1,0,24,17,0,8_8110_054
BIOBÍO,8,TALCAHUANO,8110,EL MANZANO,057,9124.756830609027,1,1,16,6,1,8_8110_057
BIOBÍO,8,TALCAHUANO,8110,SANTA CECILIA,060,35588.963499653335,3,0,45,18,0,8_8110_060
BIOBÍO,8,TALCAHUANO,8110,SANTA JULIA Y CIPRESES,061,1323.77565083964,0,0,3,2,0,8_8110_061
BIOBÍO,8,TALCAHUANO,8110,CARRIEL SUR,062,43281.0835020821,4,2,20,3,9,8_8110_062
BIOBÍO,8,TALCAHUANO,8110,TUMBES,1CUR,0.0,1,0,0,6,0,8_8110_1CUR
BIOBÍO,8,TALCAHUANO,8110,1CRR,1CRR,4379.523564909646,0,0,2,8,0,8_8110_1CRR
BIOBÍO,8,TALCAHUANO,8110,21SU,21SU,0.0,0,0,0,0,0,8_8110_21SU
BIOBÍO,8,TALCAHUANO,8110,21SR,21SR,0.0,0,0,0,0,0,8_8110_21SR
BIOBÍO,8,TALCAHUANO,8110,SIN DEFINICION COMUNAL,NO DEF,24055.12624366644,6,0,9,10,0,8_8110_NO DEF
BIOBÍO,8,SAN PEDRO DE LA PAZ,8108,NAHUELBUTA,1,44768.98675315855,4,1,122,12,2,8_8108_1
BIOBÍO,8,SAN PEDRO DE LA PAZ,8108,RIBERA BIOBIO,3,368311.26824372174,25,1,127,75,2,8_8108_3
BIOBÍO,8,SAN PEDRO DE LA PAZ,8108,LOMAS ,7,176202.16185207426,13,3,225,30,2,8_8108_7
BIOBÍO,8,SAN PEDRO DE LA PAZ,8108,PACIFICO NORTE,4,69683.69907750587,19,0,74,53,0,8_8108_4
BIOBÍO,8,SAN PEDRO DE LA PAZ,8108,PACIFICO SUR,5,88961.84623494334,15,2,133,69,1,8_8108_5
BIOBÍO,8,SAN PEDRO DE LA PAZ,8108,SIN DEFINICION COMUNAL,NO DEF_1,0.0,0,0,0,0,0,8_8108_NO DEF_1
BIOBÍO,8,SAN PEDRO DE LA PAZ,8108,LAGUNAS,2,244707.7819357128,20,6,123,58,10,8_8108_2
BIOBÍO,8,SAN PEDRO DE LA PAZ,8108,LOS BATROS,6,980.542951947358,2,0,22,5,0,8_8108_6
BIOBÍO,8,SAN PEDRO DE LA PAZ,8108,SIN DEFINICION COMUNAL,NO DEF_2,1.1450597382513878,0,0,0,0,0,8_8108_NO DEF_2
BIOBÍO,8,LEBU,8201,2,2,3875.519437477423,2,0,4,0,0,8_8201_2
BIOBÍO,8,LEBU,8201,3,3,0.0,4,0,9,0,0,8_8201_3
BIOBÍO,8,LEBU,8201,4,4,4079.9891992311063,2,0,8,0,0,8_8201_4
BIOBÍO,8,LEBU,8201,5,5,0.0,0,0,6,0,0,8_8201_5
BIOBÍO,8,LEBU,8201,6,6,5200.088100285788,1,0,3,0,0,8_8201_6
BIOBÍO,8,LEBU,8201,7,7,19619.358374776562,1,0,6,0,0,8_8201_7
BIOBÍO,8,LEBU,8201,8,8,41668.91013281803,1,0,5,0,0,8_8201_8
BIOBÍO,8,LEBU,8201,9,9,760.7406864023303,3,0,11,0,0,8_8201_9
BIOBÍO,8,LEBU,8201,10,10,8299.031550032629,1,0,9,0,0,8_8201_10
BIOBÍO,8,LEBU,8201,11,11,2642.037328389018,2,0,16,0,0,8_8201_11
BIOBÍO,8,LEBU,8201,12,12,10643.613251727867,7,2,10,0,4,8_8201_12
BIOBÍO,8,LEBU,8201,13,13,0.0,2,1,11,0,1,8_8201_13
BIOBÍO,8,LEBU,8201,14,14,555.9811350694356,3,0,9,0,1,8_8201_14
BIOBÍO,8,LEBU,8201,15,15,0.0,0,0,3,0,0,8_8201_15
BIOBÍO,8,LEBU,8201,16,16,0.0,2,0,9,0,0,8_8201_16
BIOBÍO,8,LEBU,8201,17,17,0.0,1,0,5,0,0,8_8201_17
BIOBÍO,8,LEBU,8201,18,18,577.7942228923607,0,0,7,0,0,8_8201_18
BIOBÍO,8,LEBU,8201,1R,1R,2763.5287535299617,4,0,2,0,0,8_8201_1R
BIOBÍO,8,LEBU,8201,2R,2R,0.0,0,0,0,0,0,8_8201_2R
BIOBÍO,8,LEBU,8201,3R,3R,0.0,0,0,0,0,0,8_8201_3R
BIOBÍO,8,LEBU,8201,4R,4R,0.0,3,0,0,0,0,8_8201_4R
BIOBÍO,8,LEBU,8201,5R,5R,0.0,0,0,0,0,0,8_8201_5R
BIOBÍO,8,LEBU,8201,6R,6R,0.0,1,0,0,0,0,8_8201_6R
BIOBÍO,8,LEBU,8201,10R,10R,0.0,0,0,0,0,0,8_8201_10R
BIOBÍO,8,LEBU,8201,11R,11R,0.0,0,0,0,0,0,8_8201_11R
BIOBÍO,8,LEBU,8201,12R,12R,0.0,0,0,0,0,0,8_8201_12R
BIOBÍO,8,LEBU,8201,19,19,2542.6339540280783,2,0,3,0,0,8_8201_19
BIOBÍO,8,LEBU,8201,7R,7R,0.0,0,0,0,0,0,8_8201_7R
BIOBÍO,8,LEBU,8201,8R,8R,0.0,0,0,0,0,0,8_8201_8R
BIOBÍO,8,LEBU,8201,1,1,16791.65257700378,2,0,14,0,0,8_8201_1
BIOBÍO,8,LEBU,8201,9R,9R,0.0,0,0,0,0,0,8_8201_9R
BIOBÍO,8,LOS ANGELES,8301,SAN CARLOS PUREN,056R,3522.187001852134,2,0,0,0,0,8_8301_056R
BIOBÍO,8,LOS ANGELES,8301,SAN CARLOS,054R,0.0,2,0,0,0,0,8_8301_054R
BIOBÍO,8,LOS ANGELES,8301,CURICHE,055R,0.0,2,0,0,0,0,8_8301_055R
BIOBÍO,8,LOS ANGELES,8301,LA ISLA,053R,0.0,0,0,0,0,0,8_8301_053R
BIOBÍO,8,LOS ANGELES,8301,COYANCO,050R,0.0,2,0,0,0,0,8_8301_050R
BIOBÍO,8,LOS ANGELES,8301,LOMAS DE DUQUECO,047R,0.0,2,0,0,0,0,8_8301_047R
BIOBÍO,8,LOS ANGELES,8301,POCO A POCO,046R,0.0,3,0,0,2,0,8_8301_046R
BIOBÍO,8,LOS ANGELES,8301,MESAMAVIDA,052R,0.0,5,0,0,0,0,8_8301_052R
BIOBÍO,8,LOS ANGELES,8301,PAILLIHUE,01UB,70703.15211563262,10,1,73,25,1,8_8301_01UB
BIOBÍO,8,LOS ANGELES,8301,CUEL,051R,0.0,3,0,0,0,0,8_8301_051R
BIOBÍO,8,LOS ANGELES,8301,COREO,048R,0.0,3,0,0,0,0,8_8301_048R
BIOBÍO,8,LOS ANGELES,8301,CHIPRODAL LAS QUINTAS,002U,24609.4128975008,9,1,46,14,0,8_8301_002U
BIOBÍO,8,LOS ANGELES,8301,PAILLIHUE,01UA,26823.745253219797,8,2,51,5,0,8_8301_01UA
BIOBÍO,8,LOS ANGELES,8301,PLAZA PINTO,004U,46879.30558815357,11,1,20,13,1,8_8301_004U
BIOBÍO,8,LOS ANGELES,8301,IGNACIO VERDUGO,005U,21845.42726850157,4,0,18,2,0,8_8301_005U
BIOBÍO,8,LOS ANGELES,8301,EL RETIRO,006U,69916.12370294527,9,1,72,24,2,8_8301_006U
BIOBÍO,8,LOS ANGELES,8301,BUEN PASTOR,003U,14260.652475289557,1,0,37,11,1,8_8301_003U
BIOBÍO,8,LOS ANGELES,8301,SANTA FE,045U,3282.776073002828,2,0,0,0,0,8_8301_045U
BIOBÍO,8,LOS ANGELES,8301,LAGUNA ESMERALDA,010U,113765.0222962666,15,1,49,13,1,8_8301_010U
BIOBÍO,8,LOS ANGELES,8301,PLAZA BRASIL,009U,45325.411557389256,7,5,22,26,16,8_8301_009U
BIOBÍO,8,LOS ANGELES,8301,OROMPELLO,014U,19368.249265319067,5,0,25,13,0,8_8301_014U
BIOBÍO,8,LOS ANGELES,8301,BERNARDO OHIGGINS,057B,77419.70655855723,12,1,39,20,1,8_8301_057B
BIOBÍO,8,LOS ANGELES,8301,CORVI,013U,0.0,2,1,10,4,0,8_8301_013U
BIOBÍO,8,LOS ANGELES,8301,UNIVERSIDAD BALMACEDA,007U,32072.768521593127,12,1,38,19,4,8_8301_007U
BIOBÍO,8,LOS ANGELES,8301,BERNARDO OHIGGINS,057A,65636.05151770326,6,0,60,11,0,8_8301_057A
BIOBÍO,8,LOS ANGELES,8301,AV. ALEMANIA,041R,0.0,1,0,0,0,0,8_8301_041R
BIOBÍO,8,LOS ANGELES,8301,GALVARINO,011U,29360.79454640615,3,2,28,9,0,8_8301_011U
BIOBÍO,8,LOS ANGELES,8301,EL PERAL,042U,0.0,1,0,0,0,0,8_8301_042U
BIOBÍO,8,LOS ANGELES,8301,DOMINGO CONTRERAS GOMEZ,008U,19978.246500959354,7,3,45,15,3,8_8301_008U
BIOBÍO,8,LOS ANGELES,8301,CANDELARIA,039R,0.0,2,0,0,0,0,8_8301_039R
BIOBÍO,8,LOS ANGELES,8301,EL BOLSON,015U,20726.415833524883,4,0,33,12,0,8_8301_015U
BIOBÍO,8,LOS ANGELES,8301,CLARA DE GODOY,017U,52791.07880792158,9,4,74,15,3,8_8301_017U
BIOBÍO,8,LOS ANGELES,8301,SAN FRANCISCO,043R,1517.858896073098,2,0,0,0,0,8_8301_043R
BIOBÍO,8,LOS ANGELES,8301,CANDELARIA,038U,0.0,2,0,0,0,0,8_8301_038U
BIOBÍO,8,LOS ANGELES,8301,VILLA HERMOSA,016U,44327.07105448787,8,0,76,19,0,8_8301_016U
BIOBÍO,8,LOS ANGELES,8301,CHACAYAL,036U,0.0,0,0,0,0,0,8_8301_036U
BIOBÍO,8,LOS ANGELES,8301,EL PERAL,042R,0.0,4,0,0,0,0,8_8301_042R
BIOBÍO,8,LOS ANGELES,8301,HUERTO SANTA FE,049R,0.0,4,0,0,0,0,8_8301_049R
BIOBÍO,8,LOS ANGELES,8301,QUILQUE,033R,0.0,2,0,0,0,0,8_8301_033R
BIOBÍO,8,LOS ANGELES,8301,SANTA FE,045R,0.0,1,0,0,0,0,8_8301_045R
BIOBÍO,8,LOS ANGELES,8301,ALLIPEN,032R,0.0,1,0,0,0,0,8_8301_032R
BIOBÍO,8,LOS ANGELES,8301,CHACAYAL,036R,0.0,3,0,0,0,0,8_8301_036R
BIOBÍO,8,LOS ANGELES,8301,VIRQUENCO,038R,0.0,1,0,0,0,0,8_8301_038R
BIOBÍO,8,LOS ANGELES,8301,MILLANTU,044R,0.0,1,0,0,0,0,8_8301_044R
BIOBÍO,8,LOS ANGELES,8301,CURAMAVIDA,034R,0.0,2,0,0,4,0,8_8301_034R
BIOBÍO,8,LOS ANGELES,8301,HUMAN,035R,0.0,5,0,0,2,0,8_8301_035R
BIOBÍO,8,LOS ANGELES,8301,MILLANTU,044U,0.0,2,0,0,0,0,8_8301_044U
BIOBÍO,8,LOS ANGELES,8301,MARIA DOLORES,031R,0.0,2,0,0,0,0,8_8301_031R
BIOBÍO,8,LOS ANGELES,8301,MORTANDAD,030R,0.0,5,0,0,0,0,8_8301_030R
BIOBÍO,8,LOS ANGELES,8301,HUAQUI,027R,0.0,3,0,0,9,0,8_8301_027R
BIOBÍO,8,LOS ANGELES,8301,TUCUMAN,028R,0.0,1,0,0,0,0,8_8301_028R
BIOBÍO,8,LOS ANGELES,8301,AGUA Y ARENA,026R,0.0,2,0,0,0,0,8_8301_026R
BIOBÍO,8,LOS ANGELES,8301,CERRO COLORADO,029R,0.0,1,0,0,0,0,8_8301_029R
BIOBÍO,8,LOS ANGELES,8301,EL OLIVO,025R,0.0,2,0,0,0,0,8_8301_025R
BIOBÍO,8,LOS ANGELES,8301,DICAHUE,021R,0.0,2,0,0,0,0,8_8301_021R
BIOBÍO,8,LOS ANGELES,8301,LOS TRONCOS,023R,0.0,3,0,0,0,0,8_8301_023R
BIOBÍO,8,LOS ANGELES,8301,EL ROSAL,024R,0.0,0,0,0,0,0,8_8301_024R
BIOBÍO,8,LOS ANGELES,8301,EL LITRE,019U,0.0,0,0,0,0,0,8_8301_019U
BIOBÍO,8,LOS ANGELES,8301,EL LITRE,018R,0.0,1,0,0,0,0,8_8301_018R
BIOBÍO,8,LOS ANGELES,8301,019R,019R,0.0,2,0,0,0,0,8_8301_019R
BIOBÍO,8,LOS ANGELES,8301,PARAGUAY,020R,0.0,2,0,0,0,0,8_8301_020R
BIOBÍO,8,LOS ANGELES,8301,CANTARRANA,040R,0.0,8,0,6,3,0,8_8301_040R
COQUIMBO,4,LA SERENA,4101,1,1,235542.35041544022,2,0,13,4,0,4_4101_1
COQUIMBO,4,LA SERENA,4101,2,2,20739.710141892094,2,0,9,7,0,4_4101_2
COQUIMBO,4,LA SERENA,4101,3,3,6193.643077037551,2,0,19,4,0,4_4101_3
COQUIMBO,4,LA SERENA,4101,4,4,0.0,4,0,11,3,0,4_4101_4
COQUIMBO,4,LA SERENA,4101,5,5,80979.20934602675,7,0,17,7,0,4_4101_5
COQUIMBO,4,LA SERENA,4101,6,6,202338.94112831072,16,3,31,17,16,4_4101_6
COQUIMBO,4,LA SERENA,4101,7,7,19595.710138818416,12,0,19,12,5,4_4101_7
COQUIMBO,4,LA SERENA,4101,8,8,25840.201105419088,6,1,17,7,1,4_4101_8
COQUIMBO,4,LA SERENA,4101,9,9,31448.23429552167,8,2,29,8,6,4_4101_9
COQUIMBO,4,LA SERENA,4101,10,10,104646.97345376492,5,1,86,2,2,4_4101_10
COQUIMBO,4,LA SERENA,4101,11,11,10781.659334476923,4,1,34,7,4,4_4101_11
COQUIMBO,4,LA SERENA,4101,12,12,13402.9202227269,6,1,25,8,1,4_4101_12
COQUIMBO,4,LA SERENA,4101,13,13,9056.185914133628,3,0,22,11,3,4_4101_13
COQUIMBO,4,LA SERENA,4101,14,14,16761.595788040493,2,0,16,3,0,4_4101_14
COQUIMBO,4,LA SERENA,4101,15,15,4608.186769881133,5,2,12,5,2,4_4101_15
COQUIMBO,4,LA SERENA,4101,16,16,33915.91470502624,8,2,84,20,3,4_4101_16
COQUIMBO,4,LA SERENA,4101,17,17,53703.68971360473,6,2,68,16,2,4_4101_17
COQUIMBO,4,LA SERENA,4101,18,18,2498.085192255298,1,0,24,4,1,4_4101_18
COQUIMBO,4,LA SERENA,4101,19,19,1562.5627492304752,4,0,20,4,0,4_4101_19
COQUIMBO,4,LA SERENA,4101,20,20,4588.537247194618,5,0,26,6,0,4_4101_20
COQUIMBO,4,LA SERENA,4101,21,21,5985.320386654225,4,0,31,3,0,4_4101_21
COQUIMBO,4,LA SERENA,4101,22,22,40035.89150743312,4,0,19,4,0,4_4101_22
COQUIMBO,4,LA SERENA,4101,23,23,34194.51414246399,11,0,50,16,0,4_4101_23
COQUIMBO,4,LA SERENA,4101,24,24,215256.28153248967,19,1,95,14,1,4_4101_24
COQUIMBO,4,LA SERENA,4101,25,25,57524.652702650914,6,0,32,8,0,4_4101_25
COQUIMBO,4,LA SERENA,4101,26,26,0.0,3,0,36,0,0,4_4101_26
COQUIMBO,4,LA SERENA,4101,27,27,26954.07689151559,2,0,26,0,0,4_4101_27
COQUIMBO,4,LA SERENA,4101,28,28,931.7786615088934,11,0,65,8,1,4_4101_28
COQUIMBO,4,LA SERENA,4101,30,30,78748.10737534934,5,3,96,16,2,4_4101_30
COQUIMBO,4,LA SERENA,4101,29,29,7354.935247631962,1,0,6,1,0,4_4101_29
COQUIMBO,4,LA SERENA,4101,EL MILAGRO,31,759243.6612921092,15,3,191,17,5,4_4101_31
COQUIMBO,4,LA SERENA,4101,32,32,89645.5571967013,7,1,104,6,2,4_4101_32
COQUIMBO,4,LA SERENA,4101,12R,12R,0.0,6,0,0,0,0,4_4101_12R
COQUIMBO,4,LA SERENA,4101,11R,11R,0.0,7,0,0,2,0,4_4101_11R
COQUIMBO,4,LA SERENA,4101,13R,13R,0.0,1,0,0,3,0,4_4101_13R
COQUIMBO,4,LA SERENA,4101,8R,8R,2873.375890959624,3,0,14,2,0,4_4101_8R
COQUIMBO,4,LA SERENA,4101,ALTAVASOL,9R,2897.9000161539952,4,0,1,0,0,4_4101_9R
COQUIMBO,4,LA SERENA,4101,6R,6R,0.0,4,0,0,3,0,4_4101_6R
COQUIMBO,4,LA SERENA,4101,HUACHALALUME,4R,0.0,3,0,0,0,0,4_4101_4R
COQUIMBO,4,LA SERENA,4101,7R,7R,0.0,1,0,0,0,0,4_4101_7R
COQUIMBO,4,LA SERENA,4101,5R,5R,0.0,1,0,1,0,0,4_4101_5R
COQUIMBO,4,LA SERENA,4101,10R,10R,0.0,4,0,0,0,0,4_4101_10R
COQUIMBO,4,LA SERENA,4101,14R,14R,0.0,3,0,0,0,0,4_4101_14R
COQUIMBO,4,LA SERENA,4101,18R,18R,0.0,1,0,0,0,0,4_4101_18R
COQUIMBO,4,LA SERENA,4101,20R,20R,0.0,0,0,0,0,0,4_4101_20R
COQUIMBO,4,LA SERENA,4101,19R,19R,0.0,2,0,0,0,0,4_4101_19R
COQUIMBO,4,LA SERENA,4101,17R,17R,0.0,2,0,0,0,0,4_4101_17R
COQUIMBO,4,LA SERENA,4101,16R,16R,0.0,0,0,0,0,0,4_4101_16R
COQUIMBO,4,LA SERENA,4101,15R,15R,0.0,2,0,0,0,0,4_4101_15R
COQUIMBO,4,LA SERENA,4101,2R,2R,0.0,0,0,0,0,0,4_4101_2R
COQUIMBO,4,COQUIMBO,4102,001,001,0.0,1,0,6,5,0,4_4102_001
COQUIMBO,4,COQUIMBO,4102,002,002,0.0,0,0,21,4,0,4_4102_002
COQUIMBO,4,COQUIMBO,4102,003,003,1091.7227288657007,3,0,34,13,0,4_4102_003
COQUIMBO,4,COQUIMBO,4102,004,004,0.0,1,0,10,2,0,4_4102_004
COQUIMBO,4,COQUIMBO,4102,005,005,12805.559671276917,2,0,27,13,11,4_4102_005
COQUIMBO,4,COQUIMBO,4102,006,006,31971.560060518223,2,1,11,9,4,4_4102_006
COQUIMBO,4,COQUIMBO,4102,007,007,4919.334865559834,0,0,6,5,0,4_4102_007
COQUIMBO,4,COQUIMBO,4102,008,008,15709.110789977049,5,1,11,3,0,4_4102_008
COQUIMBO,4,COQUIMBO,4102,009,009,506.6479157088475,2,1,14,4,0,4_4102_009
COQUIMBO,4,COQUIMBO,4102,010,010,684.4115553031132,10,0,17,5,0,4_4102_010
COQUIMBO,4,COQUIMBO,4102,011,011,15414.355341720311,1,0,17,4,1,4_4102_011
COQUIMBO,4,COQUIMBO,4102,012,012,570231.057479118,60,8,613,108,6,4_4102_012
COQUIMBO,4,COQUIMBO,4102,013,013,6805.282644325981,3,0,10,0,0,4_4102_013
COQUIMBO,4,COQUIMBO,4102,014,014,5520.473139942279,0,0,8,3,0,4_4102_014
COQUIMBO,4,COQUIMBO,4102,015,015,4632.088642186868,2,0,38,8,0,4_4102_015
COQUIMBO,4,COQUIMBO,4102,016,016,46919.15853849733,11,0,64,35,0,4_4102_016
COQUIMBO,4,COQUIMBO,4102,SIN DEFINICION COMUNAL,NO DEF,0.0,0,0,2,0,0,4_4102_NO DEF
COQUIMBO,4,COQUIMBO,4102,017,017,2998.715410796343,3,0,12,8,0,4_4102_017
COQUIMBO,4,COQUIMBO,4102,018,018,111792.33882636073,32,0,163,47,4,4_4102_018
COQUIMBO,4,COQUIMBO,4102,019,019,71140.64220573752,7,1,109,16,2,4_4102_019
COQUIMBO,4,COQUIMBO,4102,020R,020R,0.0,13,0,0,5,0,4_4102_020R
COQUIMBO,4,COQUIMBO,4102,021,021,11335.516444835519,2,0,15,5,0,4_4102_021
COQUIMBO,4,COQUIMBO,4102,022,022,20697.221810623872,4,0,33,12,0,4_4102_022
COQUIMBO,4,COQUIMBO,4102,023R,023R,0.0,0,0,0,0,0,4_4102_023R
COQUIMBO,4,COQUIMBO,4102,024,024,569.7695953960106,1,0,13,7,0,4_4102_024
COQUIMBO,4,COQUIMBO,4102,025,025,0.0,3,0,30,13,0,4_4102_025
COQUIMBO,4,COQUIMBO,4102,026,026,11145.185249499471,5,0,9,5,1,4_4102_026
COQUIMBO,4,COQUIMBO,4102,027R,027R,0.0,1,0,0,0,0,4_4102_027R
COQUIMBO,4,COQUIMBO,4102,028,028,25273.740460541732,4,0,81,0,1,4_4102_028
COQUIMBO,4,COQUIMBO,4102,029,029,61541.18134114209,7,0,66,0,1,4_4102_029
COQUIMBO,4,COQUIMBO,4102,030R,030R,0.0,0,0,11,0,0,4_4102_030R
COQUIMBO,4,COQUIMBO,4102,031R,031R,0.0,4,0,0,0,0,4_4102_031R
COQUIMBO,4,COQUIMBO,4102,032R,032R,0.0,2,0,5,0,0,4_4102_032R
COQUIMBO,4,COQUIMBO,4102,033,033,0.0,0,0,4,2,0,4_4102_033
COQUIMBO,4,COQUIMBO,4102,034,034,0.0,1,1,3,1,0,4_4102_034
COQUIMBO,4,OVALLE,4301,EL INGENIO - JTO,1,20747.51687029038,5,0,23,5,0,4_4301_1
COQUIMBO,4,OVALLE,4301,BELLAVISTA,2,2531.5949412520567,1,0,17,2,0,4_4301_2
COQUIMBO,4,OVALLE,4301,CENTRO,3,49464.203750741864,10,6,19,11,12,4_4301_3
COQUIMBO,4,OVALLE,4301,FERIA ESTACION,4,2141.918891845872,4,4,21,7,2,4_4301_4
COQUIMBO,4,OVALLE,4301,ROMERAL,5,42211.41199663076,2,1,21,4,0,4_4301_5
COQUIMBO,4,OVALLE,4301,ARIZTIA - DAVID PERRY,6,26632.919250016595,9,0,35,0,0,4_4301_6
COQUIMBO,4,OVALLE,4301,VISTA HERMOSA - TAPIA,7,40542.83446073067,2,0,20,5,0,4_4301_7
COQUIMBO,4,OVALLE,4301,CEMENTERIO - LA PAZ,8,9880.215541358082,4,0,23,9,0,4_4301_8
COQUIMBO,4,OVALLE,4301,VILLALON,9,19952.639078517466,3,0,6,0,0,4_4301_9
COQUIMBO,4,OVALLE,4301,21 DE MAYO,10,6273.5683332332555,3,0,14,0,0,4_4301_10
COQUIMBO,4,OVALLE,4301,COBRESAL - ESPERANZA,11,21797.970775552152,2,0,44,8,0,4_4301_11
COQUIMBO,4,OVALLE,4301,LIMARI - TUQUI,12,55845.56952111175,7,1,81,14,0,4_4301_12
COQUIMBO,4,OVALLE,4301,EL PORTAL - FRAY JORGE,13,76815.01634389801,14,0,75,8,0,4_4301_13
COQUIMBO,4,OVALLE,4301,MEDIA HACIENDA,14,15572.319603901597,5,0,26,8,0,4_4301_14
COQUIMBO,4,OVALLE,4301,1R,1R,5103.945704032479,7,0,28,0,0,4_4301_1R
COQUIMBO,4,OVALLE,4301,2R,2R,1439.4274798010208,9,0,14,6,0,4_4301_2R
COQUIMBO,4,OVALLE,4301,3R,3R,4192.308512564137,5,0,0,0,0,4_4301_3R
COQUIMBO,4,OVALLE,4301,4R,4R,0.0,1,0,0,0,0,4_4301_4R
COQUIMBO,4,OVALLE,4301,5R,5R,0.0,3,0,4,0,0,4_4301_5R
COQUIMBO,4,OVALLE,4301,6R,6R,6688.99317963258,2,0,18,0,0,4_4301_6R
COQUIMBO,4,OVALLE,4301,7R,7R,0.0,2,0,0,0,0,4_4301_7R
COQUIMBO,4,OVALLE,4301,8R,8R,0.0,0,0,0,0,0,4_4301_8R
COQUIMBO,4,OVALLE,4301,9R,9R,0.0,0,0,0,0,0,4_4301_9R
COQUIMBO,4,OVALLE,4301,10R,10R,0.0,0,0,0,0,0,4_4301_10R
COQUIMBO,4,OVALLE,4301,11R,11R,5815.985931609215,1,0,16,2,0,4_4301_11R
COQUIMBO,4,OVALLE,4301,12R,12R,0.0,3,0,0,1,0,4_4301_12R
COQUIMBO,4,OVALLE,4301,13R,13R,9215.133225722948,5,0,23,0,0,4_4301_13R
COQUIMBO,4,OVALLE,4301,14R,14R,0.0,4,0,0,0,0,4_4301_14R
COQUIMBO,4,OVALLE,4301,15R,15R,0.0,6,0,2,0,0,4_4301_15R
COQUIMBO,4,OVALLE,4301,16R,16R,0.0,3,0,0,0,0,4_4301_16R
COQUIMBO,4,OVALLE,4301,17R,17R,0.0,0,0,0,0,0,4_4301_17R
COQUIMBO,4,OVALLE,4301,18R,18R,0.0,2,0,0,0,0,4_4301_18R
COQUIMBO,4,OVALLE,4301,19R,19R,0.0,2,0,0,0,0,4_4301_19R
COQUIMBO,4,OVALLE,4301,20R,20R,0.0,0,0,0,0,0,4_4301_20R
COQUIMBO,4,OVALLE,4301,21R,21R,0.0,5,0,0,0,0,4_4301_21R
COQUIMBO,4,OVALLE,4301,22R,22R,0.0,3,0,0,0,0,4_4301_22R
COQUIMBO,4,OVALLE,4301,23R,23R,0.0,0,0,0,0,0,4_4301_23R
COQUIMBO,4,OVALLE,4301,24R,24R,0.0,0,0,0,0,0,4_4301_24R
COQUIMBO,4,OVALLE,4301,25R,25R,0.0,0,0,0,0,0,4_4301_25R
COQUIMBO,4,OVALLE,4301,26R,26R,0.0,3,0,0,0,0,4_4301_26R
COQUIMBO,4,OVALLE,4301,27R,27R,0.0,2,0,0,0,0,4_4301_27R
COQUIMBO,4,OVALLE,4301,28R,28R,0.0,1,0,0,0,0,4_4301_28R
COQUIMBO,4,OVALLE,4301,29R,29R,0.0,6,0,0,0,0,4_4301_29R
COQUIMBO,4,OVALLE,4301,30R,30R,0.0,2,0,0,0,0,4_4301_30R
COQUIMBO,4,OVALLE,4301,31R,31R,0.0,2,0,0,0,0,4_4301_31R
COQUIMBO,4,OVALLE,4301,32R,32R,0.0,1,0,0,0,0,4_4301_32R
COQUIMBO,4,OVALLE,4301,33R,33R,0.0,0,0,0,0,0,4_4301_33R
COQUIMBO,4,OVALLE,4301,34R,34R,0.0,0,0,0,0,0,4_4301_34R
COQUIMBO,4,OVALLE,4301,35R,35R,0.0,2,0,0,0,0,4_4301_35R
COQUIMBO,4,OVALLE,4301,SIN DEFINICION COMUNAL,NO DEF,0.0,2,0,0,0,0,4_4301_NO DEF
COQUIMBO,4,ILLAPEL,4201,LIMAHUIDA,26AR,0.0,7,0,0,0,0,4_4201_26AR
COQUIMBO,4,ILLAPEL,4201,CHOAPA,30AR,0.0,0,0,0,0,0,4_4201_30AR
COQUIMBO,4,ILLAPEL,4201,LAS CANAS DOS,29AR,0.0,5,0,0,0,0,4_4201_29AR
COQUIMBO,4,ILLAPEL,4201,CANELILLO,31AR,0.0,4,0,0,0,0,4_4201_31AR
COQUIMBO,4,ILLAPEL,4201,PERALILLO,25AR,0.0,3,0,0,0,0,4_4201_25AR
COQUIMBO,4,ILLAPEL,4201,PINTACURA,27AR,0.0,1,0,0,0,0,4_4201_27AR
COQUIMBO,4,ILLAPEL,4201,LAS CANAS UNO,28AR,0.0,4,0,0,0,0,4_4201_28AR
COQUIMBO,4,ILLAPEL,4201,EL MAITEN,33AR,0.0,1,0,1,0,0,4_4201_33AR
COQUIMBO,4,ILLAPEL,4201,URBANA,1,0.0,1,0,9,0,0,4_4201_1
COQUIMBO,4,ILLAPEL,4201,URBANA,8,5393.508585008244,9,1,16,0,1,4_4201_8
COQUIMBO,4,ILLAPEL,4201,SAN RAFAEL,36,14518.024380469462,4,0,35,0,0,4_4201_36
COQUIMBO,4,ILLAPEL,4201,URBANA,9,7600.079342327371,4,1,18,0,2,4_4201_9
COQUIMBO,4,ILLAPEL,4201,URBANA,10,1330.1736548845538,4,2,20,0,6,4_4201_10
COQUIMBO,4,ILLAPEL,4201,URBANA,3,490.722672029439,0,0,4,0,0,4_4201_3
COQUIMBO,4,ILLAPEL,4201,URBANA,11,13565.395262774953,3,0,5,0,0,4_4201_11
COQUIMBO,4,ILLAPEL,4201,URBANA,12,7867.331876928818,2,0,7,0,0,4_4201_12
COQUIMBO,4,ILLAPEL,4201,URBANA,6,0.0,1,0,6,0,0,4_4201_6
COQUIMBO,4,ILLAPEL,4201,URBANA,5,0.0,2,0,15,0,0,4_4201_5
COQUIMBO,4,ILLAPEL,4201,URBANA,2,10140.010523931784,1,0,18,0,0,4_4201_2
COQUIMBO,4,ILLAPEL,4201,URBANA,4,0.0,0,0,11,0,0,4_4201_4
COQUIMBO,4,ILLAPEL,4201,TUNGA SUR,35AR,0.0,7,0,0,0,0,4_4201_35AR
COQUIMBO,4,ILLAPEL,4201,URBANA,13,338.8617812824335,0,0,2,0,0,4_4201_13
COQUIMBO,4,ILLAPEL,4201,URBANA,7,0.0,0,0,4,0,0,4_4201_7
COQUIMBO,4,ILLAPEL,4201,LAS CANAS DE MICHIO,14AR,0.0,1,0,0,0,0,4_4201_14AR
COQUIMBO,4,ILLAPEL,4201,TUNGA NORTE,34AR,0.0,2,0,0,0,0,4_4201_34AR
COQUIMBO,4,ILLAPEL,4201,CUZ CUZ,32AR,3018.625747216297,5,0,16,0,0,4_4201_32AR
COQUIMBO,4,ILLAPEL,4201,LA COLONIA,20AR,0.0,4,0,0,0,0,4_4201_20AR
COQUIMBO,4,ILLAPEL,4201,CARCAMO,21AR,0.0,4,0,0,0,0,4_4201_21AR
COQUIMBO,4,ILLAPEL,4201,ASIENTO VIEJO,19AR,0.0,2,0,0,0,0,4_4201_19AR
COQUIMBO,4,ILLAPEL,4201,HUINTIL,22AR,0.0,4,0,0,0,0,4_4201_22AR
COQUIMBO,4,ILLAPEL,4201,QUILLAICILLO,15AR,0.0,1,0,0,0,0,4_4201_15AR
COQUIMBO,4,ILLAPEL,4201,LA CAPILLA,23AR,0.0,1,0,0,0,0,4_4201_23AR
COQUIMBO,4,ILLAPEL,4201,FARELLON SANCHEZ,18AR,0.0,0,0,0,0,0,4_4201_18AR
COQUIMBO,4,ILLAPEL,4201,PLAN DE HORNOS,16AR,0.0,4,0,0,0,0,4_4201_16AR
COQUIMBO,4,ILLAPEL,4201,MATANCILLA,17AR,0.0,2,0,0,0,0,4_4201_17AR
COQUIMBO,4,ILLAPEL,4201,SANTA VIRGINIA,24AR,0.0,6,0,0,0,0,4_4201_24AR
LA ARAUCANÍA,9,PADRE LAS CASAS,9112,VILLA ALEGRE,1U,1710.035325592822,4,1,8,6,0,9_9112_1U
LA ARAUCANÍA,9,PADRE LAS CASAS,9112,LA UNIÓN,2U,0.0,1,0,10,9,0,9_9112_2U
LA ARAUCANÍA,9,PADRE LAS CASAS,9112,ALIANZA,3U,29577.10037344197,3,0,30,31,0,9_9112_3U
LA ARAUCANÍA,9,PADRE LAS CASAS,9112,THIERS,4U,50717.423043610936,10,2,62,59,2,9_9112_4U
LA ARAUCANÍA,9,PADRE LAS CASAS,9112,RIBERENOS,5U,14903.410782988714,1,0,19,21,0,9_9112_5U
LA ARAUCANÍA,9,PADRE LAS CASAS,9112,MAQUEHUE,6U,144094.5612902328,7,1,69,46,3,9_9112_6U
LA ARAUCANÍA,9,PADRE LAS CASAS,9112,MOLCO,7R,0.0,7,0,0,0,0,9_9112_7R
LA ARAUCANÍA,9,PADRE LAS CASAS,9112,HUICHAHUE SUR,8R,0.0,10,0,0,32,0,9_9112_8R
LA ARAUCANÍA,9,PADRE LAS CASAS,9112,CHOMIO,9R,0.0,4,0,0,1,0,9_9112_9R
LA ARAUCANÍA,9,PADRE LAS CASAS,9112,METRENCO,10R,0.0,5,0,0,9,0,9_9112_10R
LA ARAUCANÍA,9,PADRE LAS CASAS,9112,LLEUPECO,11R,0.0,12,0,0,8,0,9_9112_11R
LA ARAUCANÍA,9,PADRE LAS CASAS,9112,TRUF TRUF,12R,0.0,5,0,0,11,0,9_9112_12R
LA ARAUCANÍA,9,PADRE LAS CASAS,9112,TROMEN QUEPE,13R,17793.66647771683,20,0,12,44,0,9_9112_13R
LA ARAUCANÍA,9,PADRE LAS CASAS,9112,CUNCO CHICO,14R,0.0,3,0,0,1,0,9_9112_14R
LA ARAUCANÍA,9,PADRE LAS CASAS,9112,HUICHAHUE,009,40983.633594797284,7,0,0,27,0,9_9112_009
LA ARAUCANÍA,9,TEMUCO,9101,PRIETO SUR,1,86109.87197963537,31,6,73,66,20,9_9101_1
LA ARAUCANÍA,9,TEMUCO,9101,CAUPOLICÁN,2,35242.678671812246,10,1,24,26,1,9_9101_2
LA ARAUCANÍA,9,TEMUCO,9101,ESTACIÓN,3,23893.088068276535,9,9,37,34,6,9_9101_3
LA ARAUCANÍA,9,TEMUCO,9101,5 SUR,4,53028.14041960699,4,1,17,14,1,9_9101_4
LA ARAUCANÍA,9,TEMUCO,9101,AMANECER,5,20981.968987435845,7,0,32,27,0,9_9101_5
LA ARAUCANÍA,9,TEMUCO,9101,AQUELARRE,6,25901.223349029984,3,1,39,26,0,9_9101_6
LA ARAUCANÍA,9,TEMUCO,9101,BORDE RÍO,7,38650.86320476248,11,1,43,21,1,9_9101_7
LA ARAUCANÍA,9,TEMUCO,9101,RECABARREN,8,101925.42898403211,2,0,58,22,0,9_9101_8
LA ARAUCANÍA,9,TEMUCO,9101,INDUSTRIAL,9,23887.391578372197,1,0,11,18,0,9_9101_9
LA ARAUCANÍA,9,TEMUCO,9101,ALEMANIA,10,79902.94366209573,16,3,119,78,14,9_9101_10
LA ARAUCANÍA,9,TEMUCO,9101,ESTADIO,11,231447.47143415426,15,2,109,86,0,9_9101_11
LA ARAUCANÍA,9,TEMUCO,9101,LAS ENCINAS,12,355266.56664280145,10,5,180,32,4,9_9101_12
LA ARAUCANÍA,9,TEMUCO,9101,MUSEO FERROVIARIO,13,3604.3580762074644,6,0,62,54,0,9_9101_13
LA ARAUCANÍA,9,TEMUCO,9101,NAHUELBUTA,14,46339.477952511865,10,1,38,53,1,9_9101_14
LA ARAUCANÍA,9,TEMUCO,9101,SIN DEFINICION COMUNAL,NO DEF_1,0.0,0,0,0,2,0,9_9101_NO DEF_1
LA ARAUCANÍA,9,TEMUCO,9101,ACCESO NORTE,15,122635.09736793606,4,1,46,34,0,9_9101_15
LA ARAUCANÍA,9,TEMUCO,9101,SAN ANTONIO,16,65477.88896441603,8,0,42,19,0,9_9101_16
LA ARAUCANÍA,9,TEMUCO,9101,VALPARAÍSO,17,16370.734166148743,8,0,58,52,0,9_9101_17
LA ARAUCANÍA,9,TEMUCO,9101,LOS RÍOS,18,130379.70885809911,5,1,49,66,0,9_9101_18
LA ARAUCANÍA,9,TEMUCO,9101,COSTANERA,19,37701.90993549595,3,0,27,25,0,9_9101_19
LA ARAUCANÍA,9,TEMUCO,9101,SIN DEFINICION COMUNAL,NO DEF_2,381400.32506355876,1,0,0,1,0,9_9101_NO DEF_2
LA ARAUCANÍA,9,TEMUCO,9101,CERRO MARIPOSAS,20,69241.90754921593,9,0,64,42,0,9_9101_20
LA ARAUCANÍA,9,TEMUCO,9101,VILLA ALEGRE,21,26361.799189635258,7,1,26,32,1,9_9101_21
LA ARAUCANÍA,9,TEMUCO,9101,JAVIERA CARRERA ORIENTE,22,28081.568526086223,8,0,36,23,0,9_9101_22
LA ARAUCANÍA,9,TEMUCO,9101,JAVIERA CARRERA PONIENTE,23,1118.9070217566914,2,1,18,7,2,9_9101_23
LA ARAUCANÍA,9,TEMUCO,9101,RALUNCOYÁN,24,49740.76773394122,9,2,50,75,0,9_9101_24
LA ARAUCANÍA,9,TEMUCO,9101,COIHUECO,25,5399.326605490107,1,0,24,2,0,9_9101_25
LA ARAUCANÍA,9,TEMUCO,9101,CREADORES,26,164601.45915474815,6,1,94,34,0,9_9101_26
LA ARAUCANÍA,9,TEMUCO,9101,BOTROLHUE,27,0.0,5,0,26,41,0,9_9101_27
LA ARAUCANÍA,9,TEMUCO,9101,ALTO DEL BOSQUE,28,37603.549581163454,1,0,31,32,0,9_9101_28
LA ARAUCANÍA,9,TEMUCO,9101,LABRANZA ALTO,29,21538.288084946525,4,0,25,26,0,9_9101_29
LA ARAUCANÍA,9,TEMUCO,9101,LABRANZA UNO NORTE,30,57674.174491399725,8,2,50,26,1,9_9101_30
LA ARAUCANÍA,9,TEMUCO,9101,SECTOR RIBEREAO,31,52675.53801566905,5,0,48,32,0,9_9101_31
LA ARAUCANÍA,9,TEMUCO,9101,ÑIELOL,32,0.0,1,0,1,0,0,9_9101_32
LA ARAUCANÍA,9,TEMUCO,9101,TROMEN MOLLULCO,33,0.0,10,0,0,6,0,9_9101_33
LA ARAUCANÍA,9,TEMUCO,9101,BOYECO,34,0.0,5,0,0,23,0,9_9101_34
LA ARAUCANÍA,9,TEMUCO,9101,LA SERENA,35,0.0,3,0,0,0,0,9_9101_35
LA ARAUCANÍA,9,TEMUCO,9101,MONTE VERDE,36,81445.44569798598,5,0,11,21,0,9_9101_36
LA ARAUCANÍA,9,TEMUCO,9101,SIN DEFINICION COMUNAL,NO DEF_3,0.0,0,0,0,0,0,9_9101_NO DEF_3
LA ARAUCANÍA,9,ANGOL,9201,MANUEL RODRIGUEZ,025,0.0,1,0,0,0,0,9_9201_025
LA ARAUCANÍA,9,ANGOL,9201,REDUCCION HUEQUEN,28A,0.0,0,0,0,0,0,9_9201_28A
LA ARAUCANÍA,9,ANGOL,9201,LOS ALAMOS,27A,0.0,0,0,0,0,0,9_9201_27A
LA ARAUCANÍA,9,ANGOL,9201,ALBOYANCO,25A,0.0,0,0,0,0,0,9_9201_25A
LA ARAUCANÍA,9,ANGOL,9201,COLONIA LOLENCO,024,0.0,0,0,0,0,0,9_9201_024
LA ARAUCANÍA,9,ANGOL,9201,VILLA EL PARQUE,27B,0.0,0,0,0,0,0,9_9201_27B
LA ARAUCANÍA,9,ANGOL,9201,SANTA ELENA,023,0.0,0,0,0,0,0,9_9201_023
LA ARAUCANÍA,9,ANGOL,9201,TRALULEMU,029,0.0,1,0,0,0,0,9_9201_029
LA ARAUCANÍA,9,ANGOL,9201,EL PARQUE,027,0.0,0,0,0,0,0,9_9201_027
LA ARAUCANÍA,9,ANGOL,9201,EL VERGUEL,026,0.0,1,0,0,0,0,9_9201_026
LA ARAUCANÍA,9,ANGOL,9201,SAN JUAN,028,0.0,0,0,0,0,0,9_9201_028
LA ARAUCANÍA,9,ANGOL,9201,CHANLEO,35A,0.0,1,0,0,0,0,9_9201_35A
LA ARAUCANÍA,9,ANGOL,9201,GUACOLDA,013,626.7375876671914,0,0,6,0,0,9_9201_013
LA ARAUCANÍA,9,ANGOL,9201,VILLA ALEGRE,009,90593.90741903141,6,2,33,0,1,9_9201_009
LA ARAUCANÍA,9,ANGOL,9201,LOS LAGOS,13A,4829.125887663669,2,0,11,0,0,9_9201_13A
LA ARAUCANÍA,9,ANGOL,9201,TRIZANO,015,0.0,0,0,3,0,0,9_9201_015
LA ARAUCANÍA,9,ANGOL,9201,HUEQUEN,016,16610.3872805061,2,0,14,0,0,9_9201_016
LA ARAUCANÍA,9,ANGOL,9201,EMAUS,16A,28613.54045631137,3,1,30,0,1,9_9201_16A
LA ARAUCANÍA,9,ANGOL,9201,EL BOSQUE,13C,0.0,0,0,2,0,0,9_9201_13C
LA ARAUCANÍA,9,ANGOL,9201,REPUBLICA ALEMANIA,014,4398.521839410939,1,0,7,0,0,9_9201_014
LA ARAUCANÍA,9,ANGOL,9201,LOS PRESIDENTES,017,9294.458876952644,2,1,17,0,0,9_9201_017
LA ARAUCANÍA,9,ANGOL,9201,INDUSTRIAL,16B,26778.093551054073,2,0,10,0,0,9_9201_16B
LA ARAUCANÍA,9,ANGOL,9201,FLORENCIA  NAZARETH LAS NACIONES,17C,4812.518055030121,0,1,6,0,0,9_9201_17C
LA ARAUCANÍA,9,ANGOL,9201,LOS PLACERES,030,0.0,0,0,0,0,0,9_9201_030
LA ARAUCANÍA,9,ANGOL,9201,EL MANZANO,36A,0.0,0,0,0,0,0,9_9201_36A
LA ARAUCANÍA,9,ANGOL,9201,VILLA HERMOSA,011,0.0,0,0,6,0,0,9_9201_011
LA ARAUCANÍA,9,ANGOL,9201,DILLMAN BULLOCK,17A,5301.29968834084,1,0,11,0,0,9_9201_17A
LA ARAUCANÍA,9,ANGOL,9201,PICOIQUEN,30A,36394.81892070888,3,0,13,0,0,9_9201_30A
LA ARAUCANÍA,9,ANGOL,9201,ROSARIO,006,1439.987253319906,1,0,7,0,0,9_9201_006
LA ARAUCANÍA,9,ANGOL,9201,CENTRAL,004,12146.210752265677,6,1,20,0,8,9_9201_004
LA ARAUCANÍA,9,ANGOL,9201,CONUNUCO,008,0.0,1,0,9,0,0,9_9201_008
LA ARAUCANÍA,9,ANGOL,9201,HOSPITAL,005,5170.302459120223,1,0,12,0,1,9_9201_005
LA ARAUCANÍA,9,ANGOL,9201,RETIRO,002,0.0,2,0,23,0,0,9_9201_002
LA ARAUCANÍA,9,ANGOL,9201,ITRAQUE,022,0.0,0,0,0,0,0,9_9201_022
LA ARAUCANÍA,9,ANGOL,9201,LA PLACILLA,05A,2966.3513613358205,1,0,5,0,0,9_9201_05A
LA ARAUCANÍA,9,ANGOL,9201,GALVARINO,03A,0.0,1,0,2,0,0,9_9201_03A
LA ARAUCANÍA,9,ANGOL,9201,JAVIERA CARRERA,007,7915.019846685974,1,0,10,0,0,9_9201_007
LA ARAUCANÍA,9,ANGOL,9201,SANTA RITA,021,0.0,0,0,0,0,0,9_9201_021
LA ARAUCANÍA,9,ANGOL,9201,LAS ACEQUIAS,031,0.0,1,0,0,0,0,9_9201_031
LA ARAUCANÍA,9,ANGOL,9201,CHANLEO,035,0.0,1,0,0,0,0,9_9201_035
LA ARAUCANÍA,9,ANGOL,9201,BUTACO,019,0.0,0,0,0,0,0,9_9201_019
LA ARAUCANÍA,9,ANGOL,9201,PICHIPEHUEN,040,0.0,0,0,0,0,0,9_9201_040
LA ARAUCANÍA,9,ANGOL,9201,LOMAS DE TORO,039,0.0,0,0,0,0,0,9_9201_039
LA ARAUCANÍA,9,ANGOL,9201,CERRO PIEDRA,37A,0.0,1,0,0,0,0,9_9201_37A
LA ARAUCANÍA,9,ANGOL,9201,LOS ALPES,034,0.0,0,0,0,0,0,9_9201_034
LA ARAUCANÍA,9,ANGOL,9201,CERRO NEGRO,037,0.0,0,0,0,0,0,9_9201_037
LA ARAUCANÍA,9,ANGOL,9201,SAN RAFAEL,032,0.0,0,0,0,0,0,9_9201_032
LA ARAUCANÍA,9,ANGOL,9201,VILLA COYANCO,37B,0.0,0,0,0,0,0,9_9201_37B
LA ARAUCANÍA,9,ANGOL,9201,POCHOCOY,038,0.0,0,0,0,0,0,9_9201_038
LA ARAUCANÍA,9,ANGOL,9201,CORNELIO SAAVEDRA,010,18976.401280869173,3,1,20,0,2,9_9201_010
LA ARAUCANÍA,9,ANGOL,9201,LOS CONFINES,020,0.0,0,0,0,0,0,9_9201_020
LA ARAUCANÍA,9,ANGOL,9201,NAHUELBUTA,05B,0.0,0,0,4,0,0,9_9201_05B
LA ARAUCANÍA,9,ANGOL,9201,CANON,001,0.0,2,0,10,0,0,9_9201_001
LA ARAUCANÍA,9,ANGOL,9201,LOS CONQUISTADORES,13B,1498.4190414178968,0,0,4,0,0,9_9201_13B
LA ARAUCANÍA,9,ANGOL,9201,CHILLANCITO,003,3830.3151845279485,3,0,15,0,0,9_9201_003
LA ARAUCANÍA,9,ANGOL,9201,PAMPA INGENIEROS,012,5293.116639618274,1,0,8,0,0,9_9201_012
LA ARAUCANÍA,9,ANGOL,9201,ALEMANIA,018,6033.680204122153,2,0,16,0,0,9_9201_018
LA ARAUCANÍA,9,ANGOL,9201,AGUAS FRIAS,036,0.0,0,0,0,0,0,9_9201_036
LA ARAUCANÍA,9,ANGOL,9201,MAITENREHUE,033,0.0,0,0,0,0,0,9_9201_033
ÑUBLE,16,CHILLAN,16101,SAN MARTIN,001,49419.68635698118,8,0,28,18,0,16_16101_001
ÑUBLE,16,CHILLAN,16101,SARGENTO ALDEA,002,26291.742219258344,9,1,32,15,3,16_16101_002
ÑUBLE,16,CHILLAN,16101,CENTRAL,003,22177.83666365999,8,9,31,24,17,16_16101_003
ÑUBLE,16,CHILLAN,16101,VICTORIA,004,50825.981579489104,8,0,33,13,0,16_16101_004
ÑUBLE,16,CHILLAN,16101,SANTA ELVIRA,006,3656.453553261289,2,2,43,15,3,16_16101_006
ÑUBLE,16,CHILLAN,16101,JOHN KENNEDY,007,61673.15393275882,4,1,56,14,1,16_16101_007
ÑUBLE,16,CHILLAN,16101,CHILLANCITO,008,4042.7362743445083,2,0,28,8,1,16_16101_008
ÑUBLE,16,CHILLAN,16101,GABRIELA MISTRAL,009,22095.759337873114,12,0,41,19,0,16_16101_009
ÑUBLE,16,CHILLAN,16101,PUREN,010,13945.043272849387,6,0,23,7,0,16_16101_010
ÑUBLE,16,CHILLAN,16101,WICKER,011,1093.8455753528292,1,0,11,3,0,16_16101_011
ÑUBLE,16,CHILLAN,16101,MARDONES,012,53048.37075071765,9,1,84,25,1,16_16101_012
ÑUBLE,16,CHILLAN,16101,ROSITA OHIGGINS,013,2676.19593244862,5,0,26,2,0,16_16101_013
ÑUBLE,16,CHILLAN,16101,HUAMBALI,014,6196.630046185973,5,2,22,8,1,16_16101_014
ÑUBLE,16,CHILLAN,16101,SCHLEYER,015,9200.453759868155,3,0,39,8,0,16_16101_015
ÑUBLE,16,CHILLAN,16101,EL TEJAR,016,15599.931951691253,8,0,28,10,0,16_16101_016
ÑUBLE,16,CHILLAN,16101,ESTACION,017,11148.733181842697,2,0,22,7,0,16_16101_017
ÑUBLE,16,CHILLAN,16101,ULTRAESTACION,018,108774.93118075082,2,0,71,19,0,16_16101_018
ÑUBLE,16,CHILLAN,16101,ZANARTU,019,1404.575751101216,3,0,27,4,0,16_16101_019
ÑUBLE,16,CHILLAN,16101,L. CRUZ MARTINEZ,020,12799.816209865687,6,0,22,8,0,16_16101_020
ÑUBLE,16,CHILLAN,16101,VICENTE PEREZ ROSALES,021,10613.337409314778,3,0,20,10,0,16_16101_021
ÑUBLE,16,CHILLAN,16101,LOS LAURELES,022,35108.92273542908,6,0,41,15,0,16_16101_022
ÑUBLE,16,CHILLAN,16101,ARTURO PRAT,023,30476.363502002994,8,1,41,8,2,16_16101_023
ÑUBLE,16,CHILLAN,16101,BDO. O'HIGGINS,024,41542.15644610157,2,0,28,1,0,16_16101_024
ÑUBLE,16,CHILLAN,16101,SARITA GUAJARDO,025,38194.94157859638,4,0,22,6,0,16_16101_025
ÑUBLE,16,CHILLAN,16101,LOS PUELCHES,026,105031.37387761861,22,1,81,30,1,16_16101_026
ÑUBLE,16,CHILLAN,16101,VICENTE PEREZ ROSALES PONIENTE,029,19874.456942528504,2,0,15,6,0,16_16101_029
ÑUBLE,16,CHILLAN,16101,PANAMERICANA NORTE PUENTE NUBLE,030,18905.259201638506,2,0,25,4,0,16_16101_030
ÑUBLE,16,CHILLAN,16101,QUINCHAMALI,04R,6486.578163063023,1,0,0,0,0,16_16101_04R
ÑUBLE,16,CHILLAN,16101,HUECHUPIN LINARES,05R,0.0,0,0,0,0,0,16_16101_05R
ÑUBLE,16,CHILLAN,16101,HUAPE,09R,0.0,2,0,0,0,0,16_16101_09R
ÑUBLE,16,CHILLAN,16101,ORO VERDE,10R,0.0,1,0,0,1,0,16_16101_10R
ÑUBLE,16,CHILLAN,16101,EL MEMBRILLO,13R,0.0,2,0,0,0,0,16_16101_13R
ÑUBLE,16,CHILLAN,16101,LOS GUINDOS,15R,0.0,1,0,0,6,0,16_16101_15R
ÑUBLE,16,CHILLAN,16101,LAS COLES,16R,0.0,1,0,0,0,0,16_16101_16R
ÑUBLE,16,CHILLAN,16101,LAS PATAGUAS,17R,0.0,1,0,0,0,0,16_16101_17R
ÑUBLE,16,CHILLAN,16101,LAUTARO,20R,0.0,1,0,0,0,0,16_16101_20R
ÑUBLE,16,CHILLAN,16101,LLUANCO,24R,0.0,0,0,0,0,0,16_16101_24R
ÑUBLE,16,CHILLAN,16101,LAS MARIPOSAS,25R,0.0,2,0,0,7,0,16_16101_25R
ÑUBLE,16,CHILLAN,16101,LOS BARRIALES,26R,0.0,0,0,0,4,0,16_16101_26R
ÑUBLE,16,CHILLAN VIEJO,16103,001U,001U,0.0,1,0,9,5,0,16_16103_001U
ÑUBLE,16,CHILLAN VIEJO,16103,002U,002U,36089.836209433684,1,0,15,4,0,16_16103_002U
ÑUBLE,16,CHILLAN VIEJO,16103,003U,003U,3157.786920212401,0,0,10,5,0,16_16103_003U
ÑUBLE,16,CHILLAN VIEJO,16103,004U,004U,42010.415813853724,4,0,34,11,1,16_16103_004U
ÑUBLE,16,CHILLAN VIEJO,16103,005U,005U,491.74019228475447,2,0,6,1,0,16_16103_005U
ÑUBLE,16,CHILLAN VIEJO,16103,006R,006R,0.0,8,0,0,0,0,16_16103_006R
ÑUBLE,16,CHILLAN VIEJO,16103,006U,006U,0.0,2,1,9,6,1,16_16103_006U
ÑUBLE,16,CHILLAN VIEJO,16103,007R,007R,0.0,2,0,0,0,0,16_16103_007R
ÑUBLE,16,CHILLAN VIEJO,16103,007U,007U,15272.862351096153,1,0,12,7,0,16_16103_007U
ÑUBLE,16,CHILLAN VIEJO,16103,008R,008R,0.0,0,0,1,1,0,16_16103_008R
ÑUBLE,16,CHILLAN VIEJO,16103,008U,008U,9936.789257988165,1,0,11,4,0,16_16103_008U
ÑUBLE,16,CHILLAN VIEJO,16103,009U,009U,0.0,1,0,11,1,0,16_16103_009U
ÑUBLE,16,CHILLAN VIEJO,16103,010U,010U,458.9253524944081,2,0,5,0,0,16_16103_010U
ÑUBLE,16,CHILLAN VIEJO,16103,011R,011R,0.0,1,0,0,0,0,16_16103_011R
ÑUBLE,16,CHILLAN VIEJO,16103,011U ,011U,957.9353050664462,1,0,4,1,0,16_16103_011U
ÑUBLE,16,CHILLAN VIEJO,16103,012R ,012R,0.0,2,0,0,0,0,16_16103_012R
ÑUBLE,16,CHILLAN VIEJO,16103,012U,012U,15395.7945216847,3,0,11,4,0,16_16103_012U
ÑUBLE,16,CHILLAN VIEJO,16103,013U,013U,2914.2052177447094,3,0,11,0,0,16_16103_013U
ÑUBLE,16,CHILLAN VIEJO,16103,014U,014U,10363.717341652417,0,0,5,8,0,16_16103_014U
ÑUBLE,16,CHILLAN VIEJO,16103,022R,022R,322.81478422476994,0,0,0,0,0,16_16103_022R
ÑUBLE,16,CHILLAN,16101,CONFLUENCIA,01R,0.0,1,0,0,0,0,16_16101_01R
ÑUBLE,16,CHILLAN,16101,SANTA CRUZ DE CUCA,02R,0.0,0,0,0,0,0,16_16101_02R
ÑUBLE,16,CHILLAN,16101,COLLIGUAY,03R,0.0,0,0,0,0,0,16_16101_03R
ÑUBLE,16,CHILLAN,16101,LA CAPILLA,18R,0.0,2,0,0,0,0,16_16101_18R
ÑUBLE,16,CHILLAN,16101,CATO,19R,0.0,0,0,0,0,0,16_16101_19R
ÑUBLE,16,CHILLAN,16101,BOYEN,23R,0.0,0,0,0,0,0,16_16101_23R
ÑUBLE,16,CHILLAN,16101,SIN DEFINICION COMUNAL,NO DEF_1,0.0,2,0,0,0,0,16_16101_NO DEF_1
ÑUBLE,16,CHILLAN,16101,SIN DEFINICION COMUNAL,NO DEF_2,147877.40460318353,12,0,110,26,0,16_16101_NO DEF_2
ÑUBLE,16,CHILLAN,16101,SIN DEFINICION COMUNAL,NO DEF_3,17868.32385922256,1,0,19,1,0,16_16101_NO DEF_3
ÑUBLE,16,CHILLAN,16101,SIN DEFINICION COMUNAL,NO DEF_4,0.0,0,0,0,0,0,16_16101_NO DEF_4
ÑUBLE,16,CHILLAN,16101,SIN DEFINICION COMUNAL,NO DEF_5,0.0,6,0,0,0,0,16_16101_NO DEF_5
ÑUBLE,16,QUIRIHUE,16201,LA QUEBRADA,016R,0.0,0,0,0,0,0,16_16201_016R
ÑUBLE,16,QUIRIHUE,16201,LA AURORA,015R,0.0,1,0,0,0,0,16_16201_015R
ÑUBLE,16,QUIRIHUE,16201,SANTA JUANA,013R,0.0,0,0,0,0,0,16_16201_013R
ÑUBLE,16,QUIRIHUE,16201,CONCUYO,014R,0.0,0,0,0,0,0,16_16201_014R
ÑUBLE,16,QUIRIHUE,16201,EL MANZANO,012R,0.0,0,0,0,0,0,16_16201_012R
ÑUBLE,16,QUIRIHUE,16201,LAS MESAS,011R,0.0,0,0,0,0,0,16_16201_011R
ÑUBLE,16,QUIRIHUE,16201,QUIRIHUE URBANO,003,0.0,1,1,19,0,1,16_16201_003
ÑUBLE,16,QUIRIHUE,16201,QUIRIHUE URBANO,004,0.0,2,0,14,0,1,16_16201_004
ÑUBLE,16,QUIRIHUE,16201,QUIRIHUE URBANO,001,2317.4844884298045,0,0,9,0,0,16_16201_001
ÑUBLE,16,QUIRIHUE,16201,QUIRIHUE URBANO,002,16467.59484893873,4,0,26,0,1,16_16201_002
ÑUBLE,16,QUIRIHUE,16201,(P) QUIRIHUE URBANO,005,20523.590280837223,0,0,15,0,0,16_16201_005
ÑUBLE,16,QUIRIHUE,16201,COIQUEN,010R,0.0,1,0,0,0,0,16_16201_010R
ÑUBLE,16,QUIRIHUE,16201,SANTA CAROLINA,009R,0.0,1,0,0,0,0,16_16201_009R
ÑUBLE,16,QUIRIHUE,16201,SANTA TRINIDAD,007R,0.0,0,0,0,0,0,16_16201_007R
ÑUBLE,16,QUIRIHUE,16201,LOS REMATES,006R,0.0,0,0,0,0,0,16_16201_006R
ÑUBLE,16,QUIRIHUE,16201,LAS DELICIAS,008R,0.0,0,0,0,0,0,16_16201_008R
ÑUBLE,16,QUIRIHUE,16201,EL DURAZNO,003R,0.0,0,0,0,0,0,16_16201_003R
ÑUBLE,16,QUIRIHUE,16201,CULENCO,004R,0.0,0,0,0,0,0,16_16201_004R
ÑUBLE,16,QUIRIHUE,16201,PILME,002R,0.0,1,0,0,0,0,16_16201_002R
ÑUBLE,16,QUIRIHUE,16201,EL SAUCE,001R,0.0,0,0,0,0,0,16_16201_001R
ÑUBLE,16,SAN CARLOS,16301,012R,012R,3460.415919805319,6,0,0,2,0,16_16301_012R
ÑUBLE,16,SAN CARLOS,16301,015R,015R,0.0,2,0,0,0,0,16_16301_015R
ÑUBLE,16,SAN CARLOS,16301,014R,014R,0.0,2,0,0,0,0,16_16301_014R
ÑUBLE,16,SAN CARLOS,16301,019R,019R,0.0,0,0,0,0,0,16_16301_019R
ÑUBLE,16,SAN CARLOS,16301,017R,017R,0.0,1,0,0,0,0,16_16301_017R
ÑUBLE,16,SAN CARLOS,16301,020R,020R,0.0,0,0,0,0,0,16_16301_020R
ÑUBLE,16,SAN CARLOS,16301,011R,011R,0.0,1,0,0,0,0,16_16301_011R
ÑUBLE,16,SAN CARLOS,16301,008R,008R,0.0,1,0,0,0,0,16_16301_008R
ÑUBLE,16,SAN CARLOS,16301,005U,005U,65693.48409644913,9,0,18,0,1,16_16301_005U
ÑUBLE,16,SAN CARLOS,16301,006U,006U,34286.888784484174,4,0,35,0,6,16_16301_006U
ÑUBLE,16,SAN CARLOS,16301,004U,004U,21080.88750486253,4,1,21,0,0,16_16301_004U
ÑUBLE,16,SAN CARLOS,16301,001U,001U,1795.6969851808283,0,1,5,0,0,16_16301_001U
ÑUBLE,16,SAN CARLOS,16301,002U,002U,5156.237485740156,1,2,18,0,1,16_16301_002U
ÑUBLE,16,SAN CARLOS,16301,007BU,007BU,23971.551565060327,4,0,37,0,0,16_16301_007BU
ÑUBLE,16,SAN CARLOS,16301,013R,013R,0.0,2,0,0,0,0,16_16301_013R
ÑUBLE,16,SAN CARLOS,16301,007AU,007AU,27804.370529509106,5,0,29,0,0,16_16301_007AU
ÑUBLE,16,SAN CARLOS,16301,018R,018R,0.0,1,0,0,0,0,16_16301_018R
ÑUBLE,16,SAN CARLOS,16301,003U,003U,56641.85560154903,6,0,41,0,0,16_16301_003U
ÑUBLE,16,SAN CARLOS,16301,016R,016R,0.0,0,0,0,0,0,16_16301_016R
ÑUBLE,16,SAN CARLOS,16301,SIN DEFINICION COMUNAL,NO DEF,0.0,6,0,0,0,0,16_16301_NO DEF
ÑUBLE,16,SAN CARLOS,16301,009R,009R,0.0,0,0,0,0,0,16_16301_009R
ÑUBLE,16,SAN CARLOS,16301,026R,026R,0.0,0,0,0,0,0,16_16301_026R
ÑUBLE,16,SAN CARLOS,16301,024R,024R,0.0,2,0,0,0,0,16_16301_024R
ÑUBLE,16,SAN CARLOS,16301,025R,025R,0.0,0,0,0,0,0,16_16301_025R
ÑUBLE,16,SAN CARLOS,16301,023R,023R,0.0,0,0,0,0,0,16_16301_023R
ÑUBLE,16,SAN CARLOS,16301,022R,022R,0.0,1,0,0,0,0,16_16301_022R
ÑUBLE,16,SAN CARLOS,16301,021R,021R,0.0,1,0,0,0,0,16_16301_021R
ÑUBLE,16,SAN CARLOS,16301,027R,027R,9378.038669141117,1,0,4,0,0,16_16301_027R
ÑUBLE,16,SAN CARLOS,16301,010R,010R,0.0,3,0,10,0,0,16_16301_010R
LOS RÍOS,14,VALDIVIA,14101,1,1,487216.06082467455,4,1,31,10,1,14_14101_1
LOS RÍOS,14,VALDIVIA,14101,10,10,117179.99717724176,5,1,54,10,1,14_14101_10
LOS RÍOS,14,VALDIVIA,14101,11,11,32733.44784537272,8,3,52,22,3,14_14101_11
LOS RÍOS,14,VALDIVIA,14101,11R,11R,0.0,0,0,0,0,0,14_14101_11R
LOS RÍOS,14,VALDIVIA,14101,12,12,65591.50603785075,1,1,26,11,0,14_14101_12
LOS RÍOS,14,VALDIVIA,14101,12R,12R,0.0,0,0,0,0,0,14_14101_12R
LOS RÍOS,14,VALDIVIA,14101,13,13,38719.01111288241,7,1,34,30,0,14_14101_13
LOS RÍOS,14,VALDIVIA,14101,13R,13R,0.0,1,0,0,0,0,14_14101_13R
LOS RÍOS,14,VALDIVIA,14101,14,14,43740.13022216241,9,0,43,16,1,14_14101_14
LOS RÍOS,14,VALDIVIA,14101,14R,14R,0.0,1,0,0,0,0,14_14101_14R
LOS RÍOS,14,VALDIVIA,14101,15,15,36639.38667364485,2,1,39,19,0,14_14101_15
LOS RÍOS,14,VALDIVIA,14101,15R,15R,0.0,0,0,0,0,0,14_14101_15R
LOS RÍOS,14,VALDIVIA,14101,16,16,1351.9729001260682,0,0,21,9,0,14_14101_16
LOS RÍOS,14,VALDIVIA,14101,17,17,23000.06512064517,8,0,40,28,0,14_14101_17
LOS RÍOS,14,VALDIVIA,14101,17R,17R,0.0,0,0,0,0,0,14_14101_17R
LOS RÍOS,14,VALDIVIA,14101,18,18,21390.938252914664,6,0,21,9,0,14_14101_18
LOS RÍOS,14,VALDIVIA,14101,18R,18R,0.0,0,0,0,8,0,14_14101_18R
LOS RÍOS,14,VALDIVIA,14101,19,19,22012.88769830302,5,1,26,10,0,14_14101_19
LOS RÍOS,14,VALDIVIA,14101,19R,19R,68313.09394685856,6,0,38,26,0,14_14101_19R
LOS RÍOS,14,VALDIVIA,14101,1R,1R,0.0,0,0,0,0,0,14_14101_1R
LOS RÍOS,14,VALDIVIA,14101,20,20,19257.8329627481,3,0,20,15,0,14_14101_20
LOS RÍOS,14,VALDIVIA,14101,21,21,15787.899631263797,3,1,31,23,0,14_14101_21
LOS RÍOS,14,VALDIVIA,14101,21R,21R,3303.9590799908115,2,0,10,12,0,14_14101_21R
LOS RÍOS,14,VALDIVIA,14101,23,23,83891.4466282609,16,1,112,26,1,14_14101_23
LOS RÍOS,14,VALDIVIA,14101,23R,23R,0.0,0,0,0,0,0,14_14101_23R
LOS RÍOS,14,VALDIVIA,14101,24,24,31104.425450176284,1,0,0,11,0,14_14101_24
LOS RÍOS,14,VALDIVIA,14101,25,25,33710.629100345504,0,0,23,12,0,14_14101_25
LOS RÍOS,14,VALDIVIA,14101,25R,25R,0.0,3,0,2,0,0,14_14101_25R
LOS RÍOS,14,VALDIVIA,14101,26,26,565.7080026038469,1,0,0,34,0,14_14101_26
LOS RÍOS,14,VALDIVIA,14101,27,27,7565.331312566077,3,0,0,21,1,14_14101_27
LOS RÍOS,14,VALDIVIA,14101,27R,27R,0.0,1,0,0,0,0,14_14101_27R
LOS RÍOS,14,VALDIVIA,14101,28,28,0.0,1,0,0,0,0,14_14101_28
LOS RÍOS,14,VALDIVIA,14101,28R,28R,0.0,1,0,0,0,0,14_14101_28R
LOS RÍOS,14,VALDIVIA,14101,2R,2R,0.0,1,0,0,0,0,14_14101_2R
LOS RÍOS,14,VALDIVIA,14101,3,3,34959.96894172421,11,7,50,32,15,14_14101_3
LOS RÍOS,14,VALDIVIA,14101,4,4,33394.10298401724,16,0,63,39,0,14_14101_4
LOS RÍOS,14,VALDIVIA,14101,4R,4R,0.0,0,0,0,0,0,14_14101_4R
LOS RÍOS,14,VALDIVIA,14101,5,5,78043.8278066418,12,2,42,20,3,14_14101_5
LOS RÍOS,14,VALDIVIA,14101,5R,5R,0.0,0,0,0,0,0,14_14101_5R
LOS RÍOS,14,VALDIVIA,14101,6,6,6375.7586027158795,4,0,39,11,1,14_14101_6
LOS RÍOS,14,VALDIVIA,14101,6R,6R,0.0,0,0,0,10,0,14_14101_6R
LOS RÍOS,14,VALDIVIA,14101,7,7,189982.09056799355,6,0,44,27,1,14_14101_7
LOS RÍOS,14,VALDIVIA,14101,7R,7R,0.0,1,0,0,3,0,14_14101_7R
LOS RÍOS,14,VALDIVIA,14101,8,8,75168.42347437785,2,1,41,19,1,14_14101_8
LOS RÍOS,14,VALDIVIA,14101,8R,8R,0.0,0,0,8,2,0,14_14101_8R
LOS RÍOS,14,VALDIVIA,14101,9,9,95162.96352561543,7,1,25,18,1,14_14101_9
LOS RÍOS,14,VALDIVIA,14101,10R,10R,0.0,0,0,0,0,0,14_14101_10R
LOS RÍOS,14,VALDIVIA,14101,16R,16R,0.0,0,0,0,0,0,14_14101_16R
LOS RÍOS,14,VALDIVIA,14101,20R,20R,0.0,0,0,0,0,0,14_14101_20R
LOS RÍOS,14,VALDIVIA,14101,24R,24R,0.0,0,0,0,0,0,14_14101_24R
LOS RÍOS,14,VALDIVIA,14101,26R,26R,0.0,0,0,0,0,0,14_14101_26R
LOS RÍOS,14,VALDIVIA,14101,3R,3R,0.0,0,0,0,0,0,14_14101_3R
LOS RÍOS,14,VALDIVIA,14101,9R,9R,0.0,0,0,0,0,0,14_14101_9R
LOS RÍOS,14,VALDIVIA,14101,SIN DEFINICION COMUNAL,NO DEF,0.0,0,0,0,0,0,14_14101_NO DEF
LOS RÍOS,14,VALDIVIA,14101,2,2,41479.67183894171,4,0,40,21,0,14_14101_2
LOS RÍOS,14,VALDIVIA,14101,22,22,11689.521268429377,4,0,42,21,0,14_14101_22
LOS RÍOS,14,VALDIVIA,14101,22R,22R,0.0,1,0,0,0,0,14_14101_22R
LOS RÍOS,14,LA UNIÓN,14201,2,2,43871.2608854455,11,0,54,0,0,14_14201_2
LOS RÍOS,14,LA UNIÓN,14201,3,3,0.0,5,1,16,0,0,14_14201_3
LOS RÍOS,14,LA UNIÓN,14201,4,4,73799.77293393074,8,2,20,0,6,14_14201_4
LOS RÍOS,14,LA UNIÓN,14201,5,5,28145.235139675133,4,0,35,0,0,14_14201_5
LOS RÍOS,14,LA UNIÓN,14201,5R,5R,0.0,11,0,0,0,0,14_14201_5R
LOS RÍOS,14,LA UNIÓN,14201,4R,4R,0.0,17,0,0,0,0,14_14201_4R
LOS RÍOS,14,LA UNIÓN,14201,1R,1R,0.0,5,0,0,0,0,14_14201_1R
LOS RÍOS,14,LA UNIÓN,14201,1,1,42294.534226968855,10,1,57,0,0,14_14201_1
LOS RÍOS,14,LA UNIÓN,14201,2R,2R,0.0,6,0,4,0,0,14_14201_2R
LOS RÍOS,14,LA UNIÓN,14201,3R,3R,0.0,5,0,1,0,0,14_14201_3R
VALPARAÍSO,5,VALPARAÍSO,5101,001,001,248.6170873248375,3,0,8,14,0,5_5101_001
VALPARAÍSO,5,VALPARAÍSO,5101,002,002,4073.3024576318903,3,0,15,16,0,5_5101_002
VALPARAÍSO,5,VALPARAÍSO,5101,003,003,0.0,2,0,6,4,0,5_5101_003
VALPARAÍSO,5,VALPARAÍSO,5101,004,004,521.2679125006476,3,0,17,32,0,5_5101_004
VALPARAÍSO,5,VALPARAÍSO,5101,005,005,1715.5263949809532,2,0,11,14,0,5_5101_005
VALPARAÍSO,5,VALPARAÍSO,5101,006,006,0.0,0,0,7,0,0,5_5101_006
VALPARAÍSO,5,VALPARAÍSO,5101,007,007,0.0,1,0,9,3,0,5_5101_007
VALPARAÍSO,5,VALPARAÍSO,5101,008,008,1741.104616897705,2,0,8,7,0,5_5101_008
VALPARAÍSO,5,VALPARAÍSO,5101,009,009,0.0,4,0,10,3,0,5_5101_009
VALPARAÍSO,5,VALPARAÍSO,5101,010,010,0.0,0,0,12,2,0,5_5101_010
VALPARAÍSO,5,VALPARAÍSO,5101,011,011,0.0,2,0,14,6,0,5_5101_011
VALPARAÍSO,5,VALPARAÍSO,5101,012,012,0.0,0,0,1,2,0,5_5101_012
VALPARAÍSO,5,VALPARAÍSO,5101,013,013,0.0,0,0,0,0,0,5_5101_013
VALPARAÍSO,5,VALPARAÍSO,5101,014,014,0.0,2,0,4,0,0,5_5101_014
VALPARAÍSO,5,VALPARAÍSO,5101,015,015,0.0,0,0,10,2,0,5_5101_015
VALPARAÍSO,5,VALPARAÍSO,5101,016,016,0.0,0,0,8,7,0,5_5101_016
VALPARAÍSO,5,VALPARAÍSO,5101,017,017,0.0,1,0,8,0,0,5_5101_017
VALPARAÍSO,5,VALPARAÍSO,5101,018,018,0.0,3,0,9,0,0,5_5101_018
VALPARAÍSO,5,VALPARAÍSO,5101,019,019,0.0,1,0,12,0,0,5_5101_019
VALPARAÍSO,5,VALPARAÍSO,5101,020,020,2873.9209640051304,3,0,8,4,0,5_5101_020
VALPARAÍSO,5,VALPARAÍSO,5101,021,021,0.0,0,0,6,0,0,5_5101_021
VALPARAÍSO,5,VALPARAÍSO,5101,022,022,0.0,0,0,9,9,0,5_5101_022
VALPARAÍSO,5,VALPARAÍSO,5101,023,023,0.0,2,0,13,5,0,5_5101_023
VALPARAÍSO,5,VALPARAÍSO,5101,024,024,0.0,0,0,2,0,0,5_5101_024
VALPARAÍSO,5,VALPARAÍSO,5101,025,025,0.0,0,0,2,0,0,5_5101_025
VALPARAÍSO,5,VALPARAÍSO,5101,026,026,0.0,2,0,8,4,0,5_5101_026
VALPARAÍSO,5,VALPARAÍSO,5101,027,027,0.0,0,0,9,5,0,5_5101_027
VALPARAÍSO,5,VALPARAÍSO,5101,028,028,0.0,1,0,5,0,0,5_5101_028
VALPARAÍSO,5,VALPARAÍSO,5101,029,029,0.0,2,0,5,0,0,5_5101_029
VALPARAÍSO,5,VALPARAÍSO,5101,030,030,0.0,0,0,7,10,0,5_5101_030
VALPARAÍSO,5,VALPARAÍSO,5101,031,031,0.0,1,0,3,2,0,5_5101_031
VALPARAÍSO,5,VALPARAÍSO,5101,032,032,2354.799006023097,1,0,9,9,0,5_5101_032
VALPARAÍSO,5,VALPARAÍSO,5101,033,033,0.0,2,0,6,2,0,5_5101_033
VALPARAÍSO,5,VALPARAÍSO,5101,034,034,0.0,1,0,5,2,0,5_5101_034
VALPARAÍSO,5,VALPARAÍSO,5101,035,035,0.0,2,0,8,3,0,5_5101_035
VALPARAÍSO,5,VALPARAÍSO,5101,036,036,0.0,0,0,4,3,0,5_5101_036
VALPARAÍSO,5,VALPARAÍSO,5101,037,037,0.0,1,0,3,5,0,5_5101_037
VALPARAÍSO,5,VALPARAÍSO,5101,038,038,0.0,2,0,20,24,0,5_5101_038
VALPARAÍSO,5,VALPARAÍSO,5101,039,039,0.0,1,0,11,14,0,5_5101_039
VALPARAÍSO,5,VALPARAÍSO,5101,040,040,0.0,0,0,1,0,0,5_5101_040
VALPARAÍSO,5,VALPARAÍSO,5101,041,041,0.0,0,0,1,9,0,5_5101_041
VALPARAÍSO,5,VALPARAÍSO,5101,042,042,4023.858778691697,4,0,13,6,0,5_5101_042
VALPARAÍSO,5,VALPARAÍSO,5101,043,043,1601.2821469872351,2,0,9,7,0,5_5101_043
VALPARAÍSO,5,VALPARAÍSO,5101,044,044,0.0,1,0,7,18,0,5_5101_044
VALPARAÍSO,5,VALPARAÍSO,5101,045,045,0.0,1,1,5,21,0,5_5101_045
VALPARAÍSO,5,VALPARAÍSO,5101,046,046,0.0,0,0,8,2,0,5_5101_046
VALPARAÍSO,5,VALPARAÍSO,5101,047,047,1688.8979463714118,2,0,12,59,0,5_5101_047
VALPARAÍSO,5,VALPARAÍSO,5101,048,048,0.0,0,0,4,1,0,5_5101_048
VALPARAÍSO,5,VALPARAÍSO,5101,049,049,9531.38590839885,4,0,11,17,0,5_5101_049
VALPARAÍSO,5,VALPARAÍSO,5101,050,050,0.0,0,0,4,1,0,5_5101_050
VALPARAÍSO,5,VALPARAÍSO,5101,051,051,0.0,2,0,9,17,1,5_5101_051
VALPARAÍSO,5,VALPARAÍSO,5101,052,052,0.0,1,0,6,9,0,5_5101_052
VALPARAÍSO,5,VALPARAÍSO,5101,053,053,0.0,1,0,5,0,0,5_5101_053
VALPARAÍSO,5,VALPARAÍSO,5101,054,054,0.0,0,0,1,2,0,5_5101_054
VALPARAÍSO,5,VALPARAÍSO,5101,055,055,0.0,1,0,3,2,0,5_5101_055
VALPARAÍSO,5,VALPARAÍSO,5101,056,056,0.0,0,0,11,3,0,5_5101_056
VALPARAÍSO,5,VALPARAÍSO,5101,057,057,0.0,1,1,1,0,0,5_5101_057
VALPARAÍSO,5,VALPARAÍSO,5101,058,058,0.0,2,0,4,0,0,5_5101_058
VALPARAÍSO,5,VALPARAÍSO,5101,059,059,0.0,0,0,3,0,0,5_5101_059
VALPARAÍSO,5,VALPARAÍSO,5101,060,060,0.0,0,0,2,0,0,5_5101_060
VALPARAÍSO,5,VALPARAÍSO,5101,061,061,1082.6013893624886,1,0,8,2,0,5_5101_061
VALPARAÍSO,5,VALPARAÍSO,5101,062,062,0.0,1,0,6,6,0,5_5101_062
VALPARAÍSO,5,VALPARAÍSO,5101,063,063,0.0,0,0,6,0,0,5_5101_063
VALPARAÍSO,5,VALPARAÍSO,5101,064,064,1048.8209612775966,1,0,13,7,0,5_5101_064
VALPARAÍSO,5,VALPARAÍSO,5101,065,065,0.0,0,0,9,8,0,5_5101_065
VALPARAÍSO,5,VALPARAÍSO,5101,066,066,0.0,1,0,12,3,0,5_5101_066
VALPARAÍSO,5,VALPARAÍSO,5101,067,067,2598.4984192601814,1,0,10,5,0,5_5101_067
VALPARAÍSO,5,VALPARAÍSO,5101,068,068,2557.0551435977263,0,0,8,12,0,5_5101_068
VALPARAÍSO,5,VALPARAÍSO,5101,069,069,0.0,3,0,14,7,0,5_5101_069
VALPARAÍSO,5,VALPARAÍSO,5101,070,070,17495.93550281936,0,0,11,6,0,5_5101_070
VALPARAÍSO,5,VALPARAÍSO,5101,071,071,0.0,0,0,9,4,0,5_5101_071
VALPARAÍSO,5,VALPARAÍSO,5101,072,072,0.0,1,0,11,6,0,5_5101_072
VALPARAÍSO,5,VALPARAÍSO,5101,073,073,691.6034154914341,2,0,10,4,0,5_5101_073
VALPARAÍSO,5,VALPARAÍSO,5101,074,074,0.0,1,0,8,5,0,5_5101_074
VALPARAÍSO,5,VALPARAÍSO,5101,075,075,0.0,3,0,8,12,0,5_5101_075
VALPARAÍSO,5,VALPARAÍSO,5101,076,076,2526.3529759919957,1,0,10,12,0,5_5101_076
VALPARAÍSO,5,VALPARAÍSO,5101,077,077,0.0,2,0,7,1,0,5_5101_077
VALPARAÍSO,5,VALPARAÍSO,5101,078,078,0.0,1,0,14,3,0,5_5101_078
VALPARAÍSO,5,VALPARAÍSO,5101,079,079,0.0,1,0,4,0,0,5_5101_079
VALPARAÍSO,5,VALPARAÍSO,5101,080,080,0.0,1,0,6,3,0,5_5101_080
VALPARAÍSO,5,VALPARAÍSO,5101,081,081,644.2577664351154,0,0,4,0,0,5_5101_081
VALPARAÍSO,5,VALPARAÍSO,5101,082,082,259.0310017682228,0,0,1,10,0,5_5101_082
VALPARAÍSO,5,VALPARAÍSO,5101,083,083,0.0,0,0,12,19,0,5_5101_083
VALPARAÍSO,5,VALPARAÍSO,5101,084,084,0.0,0,0,7,12,0,5_5101_084
VALPARAÍSO,5,VALPARAÍSO,5101,085,085,0.0,1,0,8,14,0,5_5101_085
VALPARAÍSO,5,VALPARAÍSO,5101,086,086,0.0,1,0,5,7,0,5_5101_086
VALPARAÍSO,5,VALPARAÍSO,5101,087,087,0.0,1,0,4,2,0,5_5101_087
VALPARAÍSO,5,VALPARAÍSO,5101,088,088,0.0,0,0,4,3,0,5_5101_088
VALPARAÍSO,5,VALPARAÍSO,5101,089,089,0.0,0,0,8,7,0,5_5101_089
VALPARAÍSO,5,VALPARAÍSO,5101,090,090,0.0,0,0,5,2,0,5_5101_090
VALPARAÍSO,5,VALPARAÍSO,5101,091,091,0.0,1,0,2,5,0,5_5101_091
VALPARAÍSO,5,VALPARAÍSO,5101,092,092,0.0,4,0,10,19,0,5_5101_092
VALPARAÍSO,5,VALPARAÍSO,5101,093,093,0.0,3,0,11,10,0,5_5101_093
VALPARAÍSO,5,VALPARAÍSO,5101,094A,094A,3369.955818284975,0,0,5,10,0,5_5101_094A
VALPARAÍSO,5,VALPARAÍSO,5101,095,095,0.0,1,0,5,4,0,5_5101_095
VALPARAÍSO,5,VALPARAÍSO,5101,096,096,0.0,0,0,4,3,0,5_5101_096
VALPARAÍSO,5,VALPARAÍSO,5101,097,097,810.4029065306769,0,0,6,1,0,5_5101_097
VALPARAÍSO,5,VALPARAÍSO,5101,098,098,0.0,1,0,9,3,0,5_5101_098
VALPARAÍSO,5,VALPARAÍSO,5101,099,099,0.0,1,0,9,7,0,5_5101_099
VALPARAÍSO,5,VALPARAÍSO,5101,100,100,0.0,1,0,5,3,0,5_5101_100
VALPARAÍSO,5,VALPARAÍSO,5101,101,101,0.0,1,0,11,3,0,5_5101_101
VALPARAÍSO,5,VALPARAÍSO,5101,102,102,0.0,2,0,5,9,0,5_5101_102
VALPARAÍSO,5,VALPARAÍSO,5101,103,103,0.0,0,0,2,5,0,5_5101_103
VALPARAÍSO,5,VALPARAÍSO,5101,104,104,0.0,0,0,8,8,0,5_5101_104
VALPARAÍSO,5,VALPARAÍSO,5101,105,105,0.0,0,0,3,14,0,5_5101_105
VALPARAÍSO,5,VALPARAÍSO,5101,106,106,0.0,1,0,9,0,0,5_5101_106
VALPARAÍSO,5,VALPARAÍSO,5101,107,107,0.0,1,0,9,2,0,5_5101_107
VALPARAÍSO,5,VALPARAÍSO,5101,108,108,0.0,0,0,5,0,0,5_5101_108
VALPARAÍSO,5,VALPARAÍSO,5101,109,109,0.0,0,1,3,5,1,5_5101_109
VALPARAÍSO,5,VALPARAÍSO,5101,110,110,4174.082527593514,3,0,8,13,0,5_5101_110
VALPARAÍSO,5,VALPARAÍSO,5101,111,111,1229.8211896896446,0,0,12,13,0,5_5101_111
VALPARAÍSO,5,VALPARAÍSO,5101,112,112,1943.8853013064531,1,0,4,8,0,5_5101_112
VALPARAÍSO,5,VALPARAÍSO,5101,SIN DEFINICION COMUNAL,NO DEF_1,0.0,0,0,0,4,0,5_5101_NO DEF_1
VALPARAÍSO,5,VALPARAÍSO,5101,114,114,12240.549457358584,7,0,14,135,0,5_5101_114
VALPARAÍSO,5,VALPARAÍSO,5101,SIN DEFINICION COMUNAL,NO DEF_2,2264.17755057316,12,1,15,32,0,5_5101_NO DEF_2
VALPARAÍSO,5,VALPARAÍSO,5101,SIN DEFINICION COMUNAL,NO DEF_3,2867.0078221622725,0,0,4,33,0,5_5101_NO DEF_3
VALPARAÍSO,5,VALPARAÍSO,5101,SIN DEFINICION COMUNAL,NO DEF_4,0.0,0,0,2,21,0,5_5101_NO DEF_4
VALPARAÍSO,5,VALPARAÍSO,5101,113,113,15083.559749972737,2,0,14,61,0,5_5101_113
VALPARAÍSO,5,VALPARAÍSO,5101,115,115,8788.888938847062,8,0,18,95,2,5_5101_115
VALPARAÍSO,5,VALPARAÍSO,5101,116,116,882.9920974069124,4,0,5,27,0,5_5101_116
VALPARAÍSO,5,VALPARAÍSO,5101,117,117,0.0,2,0,3,15,0,5_5101_117
VALPARAÍSO,5,VALPARAÍSO,5101,118,118,0.0,0,0,6,3,0,5_5101_118
VALPARAÍSO,5,VALPARAÍSO,5101,119,119,0.0,0,0,6,0,0,5_5101_119
VALPARAÍSO,5,VALPARAÍSO,5101,120,120,0.0,1,0,8,7,0,5_5101_120
VALPARAÍSO,5,VALPARAÍSO,5101,121,121,0.0,0,0,5,3,0,5_5101_121
VALPARAÍSO,5,VALPARAÍSO,5101,122,122,0.0,1,0,11,3,0,5_5101_122
VALPARAÍSO,5,VALPARAÍSO,5101,123,123,58414.070156414775,3,1,22,23,1,5_5101_123
VALPARAÍSO,5,VALPARAÍSO,5101,124,124,0.0,1,0,7,2,0,5_5101_124
VALPARAÍSO,5,VALPARAÍSO,5101,125,125,0.0,1,0,5,4,0,5_5101_125
VALPARAÍSO,5,VALPARAÍSO,5101,126,126,0.0,2,0,6,2,0,5_5101_126
VALPARAÍSO,5,VALPARAÍSO,5101,127,127,0.0,6,1,11,72,6,5_5101_127
VALPARAÍSO,5,VALPARAÍSO,5101,128,128,14395.849362673613,4,4,15,96,7,5_5101_128
VALPARAÍSO,5,VALPARAÍSO,5101,129,129,16787.224721735103,6,2,32,61,4,5_5101_129
VALPARAÍSO,5,VALPARAÍSO,5101,130,130,14498.92146474607,13,1,18,61,3,5_5101_130
VALPARAÍSO,5,VALPARAÍSO,5101,131,131,20646.624421827008,10,3,36,85,6,5_5101_131
VALPARAÍSO,5,VALPARAÍSO,5101,132,132,9559.129026653754,6,1,22,87,13,5_5101_132
VALPARAÍSO,5,VALPARAÍSO,5101,133,133,4328.480403342674,1,2,11,134,2,5_5101_133
VALPARAÍSO,5,VALPARAÍSO,5101,134,134,3374.3564134714534,5,1,17,101,1,5_5101_134
VALPARAÍSO,5,VALPARAÍSO,5101,135,135,6931.840055467796,2,0,27,42,1,5_5101_135
VALPARAÍSO,5,VALPARAÍSO,5101,136,136,42967.41240782683,5,1,33,52,1,5_5101_136
VALPARAÍSO,5,VALPARAÍSO,5101,137,137,5090.918386247776,5,0,0,7,1,5_5101_137
VALPARAÍSO,5,VALPARAÍSO,5101,138,138,0.0,1,0,6,12,0,5_5101_138
VALPARAÍSO,5,VALPARAÍSO,5101,139,139,0.0,0,0,2,6,0,5_5101_139
VALPARAÍSO,5,VALPARAÍSO,5101,140,140,0.0,1,0,13,6,0,5_5101_140
VALPARAÍSO,5,VALPARAÍSO,5101,142,142,0.0,0,0,8,0,0,5_5101_142
VALPARAÍSO,5,VALPARAÍSO,5101,141,141,0.0,0,0,5,2,0,5_5101_141
VALPARAÍSO,5,VALPARAÍSO,5101,143,143,3445.0328149737643,5,1,12,28,0,5_5101_143
VALPARAÍSO,5,VALPARAÍSO,5101,145,145,0.0,1,0,15,31,0,5_5101_145
VALPARAÍSO,5,VALPARAÍSO,5101,146,146,0.0,1,0,6,10,0,5_5101_146
VALPARAÍSO,5,VALPARAÍSO,5101,147,147,0.0,0,0,3,2,0,5_5101_147
VALPARAÍSO,5,VALPARAÍSO,5101,148,148,0.0,0,1,2,7,0,5_5101_148
VALPARAÍSO,5,VALPARAÍSO,5101,149,149,0.0,0,0,3,6,0,5_5101_149
VALPARAÍSO,5,VALPARAÍSO,5101,150,150,0.0,0,0,12,3,0,5_5101_150
VALPARAÍSO,5,VALPARAÍSO,5101,152,152,0.0,0,0,3,7,0,5_5101_152
VALPARAÍSO,5,VALPARAÍSO,5101,153,153,4780.345765375345,0,2,24,15,2,5_5101_153
VALPARAÍSO,5,VALPARAÍSO,5101,154,154,0.0,0,0,2,0,0,5_5101_154
VALPARAÍSO,5,VALPARAÍSO,5101,155,155,0.0,3,0,16,5,0,5_5101_155
VALPARAÍSO,5,VALPARAÍSO,5101,156,156,0.0,0,0,2,0,0,5_5101_156
VALPARAÍSO,5,VALPARAÍSO,5101,157,157,0.0,0,0,1,4,0,5_5101_157
VALPARAÍSO,5,VALPARAÍSO,5101,158,158,0.0,1,0,0,0,0,5_5101_158
VALPARAÍSO,5,VALPARAÍSO,5101,159,159,0.0,1,0,8,5,0,5_5101_159
VALPARAÍSO,5,VALPARAÍSO,5101,160,160,0.0,1,0,5,4,0,5_5101_160
VALPARAÍSO,5,VALPARAÍSO,5101,161,161,2099.6514264671323,4,0,20,9,0,5_5101_161
VALPARAÍSO,5,VALPARAÍSO,5101,164,164,0.0,0,0,4,1,0,5_5101_164
VALPARAÍSO,5,VALPARAÍSO,5101,162,162,0.0,0,0,1,0,0,5_5101_162
VALPARAÍSO,5,VALPARAÍSO,5101,163,163,0.0,1,0,4,0,0,5_5101_163
VALPARAÍSO,5,VALPARAÍSO,5101,165,165,0.0,1,0,3,0,0,5_5101_165
VALPARAÍSO,5,VALPARAÍSO,5101,166,166,0.0,0,0,0,0,0,5_5101_166
VALPARAÍSO,5,VALPARAÍSO,5101,167,167,0.0,0,0,6,2,0,5_5101_167
VALPARAÍSO,5,VALPARAÍSO,5101,168,168,0.0,0,0,2,3,0,5_5101_168
VALPARAÍSO,5,VALPARAÍSO,5101,169,169,0.0,0,0,1,4,0,5_5101_169
VALPARAÍSO,5,VALPARAÍSO,5101,170,170,0.0,1,0,4,0,0,5_5101_170
VALPARAÍSO,5,VALPARAÍSO,5101,175,175,0.0,2,0,1,6,0,5_5101_175
VALPARAÍSO,5,VALPARAÍSO,5101,171,171,0.0,0,0,4,3,0,5_5101_171
VALPARAÍSO,5,VALPARAÍSO,5101,172,172,4654.762778634971,0,0,2,1,0,5_5101_172
VALPARAÍSO,5,VALPARAÍSO,5101,173,173,0.0,0,0,0,3,0,5_5101_173
VALPARAÍSO,5,VALPARAÍSO,5101,174,174,0.0,0,0,3,4,0,5_5101_174
VALPARAÍSO,5,VALPARAÍSO,5101,176,176,0.0,3,0,4,9,0,5_5101_176
VALPARAÍSO,5,VALPARAÍSO,5101,177,177,0.0,0,0,2,1,0,5_5101_177
VALPARAÍSO,5,VALPARAÍSO,5101,178,178,0.0,0,0,2,0,0,5_5101_178
VALPARAÍSO,5,VALPARAÍSO,5101,179,179,0.0,1,0,4,0,0,5_5101_179
VALPARAÍSO,5,VALPARAÍSO,5101,180,180,0.0,0,0,2,0,0,5_5101_180
VALPARAÍSO,5,VALPARAÍSO,5101,181,181,0.0,1,0,2,2,0,5_5101_181
VALPARAÍSO,5,VALPARAÍSO,5101,182,182,0.0,1,0,5,5,0,5_5101_182
VALPARAÍSO,5,VALPARAÍSO,5101,183,183,0.0,1,0,2,0,0,5_5101_183
VALPARAÍSO,5,VALPARAÍSO,5101,184,184,0.0,1,0,1,0,0,5_5101_184
VALPARAÍSO,5,VALPARAÍSO,5101,185,185,2199.225104609967,4,0,17,18,0,5_5101_185
VALPARAÍSO,5,VALPARAÍSO,5101,186,186,0.0,0,0,4,0,0,5_5101_186
VALPARAÍSO,5,VALPARAÍSO,5101,187,187,0.0,0,0,0,1,0,5_5101_187
VALPARAÍSO,5,VALPARAÍSO,5101,192,192,0.0,1,0,5,14,0,5_5101_192
VALPARAÍSO,5,VALPARAÍSO,5101,188,188,4556.0193231193125,1,0,2,4,0,5_5101_188
VALPARAÍSO,5,VALPARAÍSO,5101,189,189,2059.625832348816,1,0,2,0,0,5_5101_189
VALPARAÍSO,5,VALPARAÍSO,5101,190,190,0.0,0,0,3,2,0,5_5101_190
VALPARAÍSO,5,VALPARAÍSO,5101,191,191,0.0,1,0,1,0,0,5_5101_191
VALPARAÍSO,5,VALPARAÍSO,5101,193,193,523.0935253741071,1,0,1,5,0,5_5101_193
VALPARAÍSO,5,VALPARAÍSO,5101,194,194,0.0,1,0,6,6,0,5_5101_194
VALPARAÍSO,5,VALPARAÍSO,5101,195,195,0.0,1,0,3,0,0,5_5101_195
VALPARAÍSO,5,VALPARAÍSO,5101,196,196,0.0,1,0,4,8,0,5_5101_196
VALPARAÍSO,5,VALPARAÍSO,5101,197,197,0.0,1,0,1,0,0,5_5101_197
VALPARAÍSO,5,VALPARAÍSO,5101,198,198,0.0,0,0,0,5,0,5_5101_198
VALPARAÍSO,5,VALPARAÍSO,5101,199,199,5277.815720342052,3,0,24,16,1,5_5101_199
VALPARAÍSO,5,VALPARAÍSO,5101,200,200,0.0,0,0,2,4,0,5_5101_200
VALPARAÍSO,5,VALPARAÍSO,5101,201,201,0.0,1,0,2,10,0,5_5101_201
VALPARAÍSO,5,VALPARAÍSO,5101,202,202,0.0,0,0,1,3,0,5_5101_202
VALPARAÍSO,5,VALPARAÍSO,5101,203,203,14992.217633598057,1,2,16,25,0,5_5101_203
VALPARAÍSO,5,VALPARAÍSO,5101,204,204,8601.721039971493,1,0,31,37,0,5_5101_204
VALPARAÍSO,5,VALPARAÍSO,5101,204A,204A,5473.974380903277,2,0,30,14,0,5_5101_204A
VALPARAÍSO,5,VALPARAÍSO,5101,205,205,0.0,1,0,15,12,0,5_5101_205
VALPARAÍSO,5,VALPARAÍSO,5101,206,206,0.0,0,0,6,2,0,5_5101_206
VALPARAÍSO,5,VALPARAÍSO,5101,207,207,0.0,0,0,0,2,0,5_5101_207
VALPARAÍSO,5,VALPARAÍSO,5101,208,208,0.0,0,0,0,7,0,5_5101_208
VALPARAÍSO,5,VALPARAÍSO,5101,209,209,6703.305164762139,2,0,28,13,0,5_5101_209
VALPARAÍSO,5,VALPARAÍSO,5101,SIN DEFINICION COMUNAL,NO DEF_5,0.0,0,0,0,0,0,5_5101_NO DEF_5
VALPARAÍSO,5,VALPARAÍSO,5101,094,094,0.0,0,0,2,3,0,5_5101_094
VALPARAÍSO,5,VIÑA DEL MAR,5109,RECREO-EL SAUCE,1,9596.206940885251,1,1,14,20,0,5_5109_1
VALPARAÍSO,5,VIÑA DEL MAR,5109,RECREO ALTO,3,0.0,0,0,1,3,0,5_5109_3
VALPARAÍSO,5,VIÑA DEL MAR,5109,LOS MAYOS,4,0.0,1,0,5,10,0,5_5109_4
VALPARAÍSO,5,VIÑA DEL MAR,5109,LORD COCHRANE,2,3950.4996117084347,4,0,8,8,0,5_5109_2
VALPARAÍSO,5,VIÑA DEL MAR,5109,LA HACIENDA,6,972.9092591663078,0,0,8,11,0,5_5109_6
VALPARAÍSO,5,VIÑA DEL MAR,5109,VILLA COLUMBIA,7,0.0,2,0,10,4,0,5_5109_7
VALPARAÍSO,5,VIÑA DEL MAR,5109,VILLA MODERNA,8,1081.639679105106,3,1,15,22,2,5_5109_8
VALPARAÍSO,5,VIÑA DEL MAR,5109,CALETA ABARCA BAJO,9,0.0,2,0,7,19,0,5_5109_9
VALPARAÍSO,5,VIÑA DEL MAR,5109,MONTERREY,10,0.0,2,0,4,6,0,5_5109_10
VALPARAÍSO,5,VIÑA DEL MAR,5109,VICENTE NARANJO,11,0.0,1,0,6,7,0,5_5109_11
VALPARAÍSO,5,VIÑA DEL MAR,5109,"CANAL BEAGLE - AMPLIACION
",151,0.0,0,0,7,10,0,5_5109_151
VALPARAÍSO,5,VIÑA DEL MAR,5109,CHORRILLOS BAJO,54,0.0,1,0,14,13,0,5_5109_54
VALPARAÍSO,5,VIÑA DEL MAR,5109,SIN DEFINICION COMUNAL,NO DEF_2,524.1839002816126,1,0,5,0,0,5_5109_NO DEF_2
VALPARAÍSO,5,VIÑA DEL MAR,5109,SANTA MARIA,12,0.0,1,0,4,3,0,5_5109_12
VALPARAÍSO,5,VIÑA DEL MAR,5109,CERRO CASTILLO,13,12491.821240642867,1,0,9,15,0,5_5109_13
VALPARAÍSO,5,VIÑA DEL MAR,5109,PLAZA,14,15601.365693156693,4,6,16,97,24,5_5109_14
VALPARAÍSO,5,VIÑA DEL MAR,5109,PARROQUIA,15,51684.63442519124,3,1,16,31,0,5_5109_15
VALPARAÍSO,5,VIÑA DEL MAR,5109,LICEO,16,50330.740536156925,4,0,8,16,1,5_5109_16
VALPARAÍSO,5,VIÑA DEL MAR,5109,MERCADO,17,0.0,4,5,11,41,8,5_5109_17
VALPARAÍSO,5,VIÑA DEL MAR,5109,HOSPITAL,18,0.0,2,0,18,32,0,5_5109_18
VALPARAÍSO,5,VIÑA DEL MAR,5109,LAS COLINAS,19,0.0,3,0,6,5,0,5_5109_19
VALPARAÍSO,5,VIÑA DEL MAR,5109,LAS BRISAS - VISTA MAR,20,1314.9499278338808,1,0,6,0,0,5_5109_20
VALPARAÍSO,5,VIÑA DEL MAR,5109,VINA DEL MAR ALTO,21,116942.47806643603,3,0,18,5,0,5_5109_21
VALPARAÍSO,5,VIÑA DEL MAR,5109,EMPART ETCHEVERS,22,0.0,1,0,2,3,0,5_5109_22
VALPARAÍSO,5,VIÑA DEL MAR,5109,FERROVIARIA ASIVA,23,1078.8681507080682,3,0,14,5,0,5_5109_23
VALPARAÍSO,5,VIÑA DEL MAR,5109,MORENO VIAL,24,781.6244304566959,3,0,13,2,0,5_5109_24
VALPARAÍSO,5,VIÑA DEL MAR,5109,SAN RAFAEL,25,0.0,0,0,10,9,0,5_5109_25
VALPARAÍSO,5,VIÑA DEL MAR,5109,CHILE SUR,26,0.0,2,0,6,13,0,5_5109_26
VALPARAÍSO,5,VIÑA DEL MAR,5109,LAS PALMAS,27,1701.1982964232593,0,0,5,0,0,5_5109_27
VALPARAÍSO,5,VIÑA DEL MAR,5109,VILLA LINDA SUR,28,3050.8815902238753,2,0,8,0,0,5_5109_28
VALPARAÍSO,5,VIÑA DEL MAR,5109,VILLA MONTES,29,0.0,1,0,13,3,0,5_5109_29
VALPARAÍSO,5,VIÑA DEL MAR,5109,IRENE FREI,30,0.0,2,0,8,0,0,5_5109_30
VALPARAÍSO,5,VIÑA DEL MAR,5109,VILLA LINDA NORTE,31,0.0,0,0,8,6,0,5_5109_31
VALPARAÍSO,5,VIÑA DEL MAR,5109,MACKENNA,32,1374.9544591454994,1,0,3,0,0,5_5109_32
VALPARAÍSO,5,VIÑA DEL MAR,5109,FATIMA,33,0.0,1,0,2,2,0,5_5109_33
VALPARAÍSO,5,VIÑA DEL MAR,5109,FORESTAL BAJO,34,1330.9623565028512,2,0,7,9,0,5_5109_34
VALPARAÍSO,5,VIÑA DEL MAR,5109,EDUARDO TITUS,35,10809.850374998696,1,0,8,1,0,5_5109_35
VALPARAÍSO,5,VIÑA DEL MAR,5109,FORESTAL SUR,36,1170.0416022920972,0,0,9,2,0,5_5109_36
VALPARAÍSO,5,VIÑA DEL MAR,5109,MONTE VERDE,38,0.0,1,0,7,0,0,5_5109_38
VALPARAÍSO,5,VIÑA DEL MAR,5109,LA UNIDAD,39,0.0,0,0,3,0,0,5_5109_39
VALPARAÍSO,5,VIÑA DEL MAR,5109,BUENOS AMIGOS SUR,40,0.0,0,0,1,4,0,5_5109_40
VALPARAÍSO,5,VIÑA DEL MAR,5109,TRANQUE VERGARA,41,0.0,2,0,5,5,0,5_5109_41
VALPARAÍSO,5,VIÑA DEL MAR,5109,ARSENIO OLGUIN,42,0.0,0,0,2,3,0,5_5109_42
VALPARAÍSO,5,VIÑA DEL MAR,5109,MANUEL RODRIGUEZ,43,1951.3160409760947,3,0,0,6,0,5_5109_43
VALPARAÍSO,5,VIÑA DEL MAR,5109,EL ESFUERZO,46,2033.1103358597425,0,0,8,1,0,5_5109_46
VALPARAÍSO,5,VIÑA DEL MAR,5109,EL GRAN ESFUERZO,47,0.0,1,0,0,0,0,5_5109_47
VALPARAÍSO,5,VIÑA DEL MAR,5109,GABRIELA MISTRAL,48,1339.0174077271297,0,0,5,3,0,5_5109_48
VALPARAÍSO,5,VIÑA DEL MAR,5109,CENTRAL,49,0.0,1,0,5,6,0,5_5109_49
VALPARAÍSO,5,VIÑA DEL MAR,5109,LOMA SUR,50,0.0,1,0,3,0,0,5_5109_50
VALPARAÍSO,5,VIÑA DEL MAR,5109,EL BOLDO,51,0.0,0,0,7,5,0,5_5109_51
VALPARAÍSO,5,VIÑA DEL MAR,5109,CARDENAL CARO,52,1918.100237422896,5,0,18,4,0,5_5109_52
VALPARAÍSO,5,VIÑA DEL MAR,5109,LOMAS CHORRILLOS,53,0.0,1,0,2,3,0,5_5109_53
VALPARAÍSO,5,VIÑA DEL MAR,5109,CASINO,55,42428.05687079186,2,1,19,23,6,5_5109_55
VALPARAÍSO,5,VIÑA DEL MAR,5109,MUELLE,56,44225.69337112372,1,1,11,30,10,5_5109_56
VALPARAÍSO,5,VIÑA DEL MAR,5109,COLISEO,57,16705.306095515512,4,3,5,61,8,5_5109_57
VALPARAÍSO,5,VIÑA DEL MAR,5109,QUINTA RIOJA,58,21940.782014414945,22,2,22,68,6,5_5109_58
VALPARAÍSO,5,VIÑA DEL MAR,5109,SAN JORGE,59,0.0,2,0,4,21,0,5_5109_59
VALPARAÍSO,5,VIÑA DEL MAR,5109,BENIDORM,60,0.0,1,0,2,1,0,5_5109_60
VALPARAÍSO,5,VIÑA DEL MAR,5109,BRITANICA,62,6343.9123450048955,4,0,18,13,0,5_5109_62
VALPARAÍSO,5,VIÑA DEL MAR,5109,LOS LIRIOS - EL BOSQUE,63,33375.44512347833,9,0,9,11,0,5_5109_63
VALPARAÍSO,5,VIÑA DEL MAR,5109,POBLACION LIBERTAD,64,5545.81686989742,2,0,7,6,0,5_5109_64
VALPARAÍSO,5,VIÑA DEL MAR,5109,MIRAFLORES BAJO,65,3519.572040447329,1,1,21,42,3,5_5109_65
VALPARAÍSO,5,VIÑA DEL MAR,5109,MIRAFLORES ALTO,66,3921.353435846123,3,0,8,11,0,5_5109_66
VALPARAÍSO,5,VIÑA DEL MAR,5109,VILLA MIRAFLORES,67,0.0,0,0,9,4,0,5_5109_67
VALPARAÍSO,5,VIÑA DEL MAR,5109,EDUARDO FREI,68,11072.408692585586,4,0,24,16,0,5_5109_68
VALPARAÍSO,5,VIÑA DEL MAR,5109,LA CONQUISTA,69,0.0,1,0,3,3,0,5_5109_69
VALPARAÍSO,5,VIÑA DEL MAR,5109,LAS PATAGUAS,70,2101.6611842054303,0,0,3,1,0,5_5109_70
VALPARAÍSO,5,VIÑA DEL MAR,5109,E. ROOSEVELT,71,1270.5924117148834,3,0,5,0,0,5_5109_71
VALPARAÍSO,5,VIÑA DEL MAR,5109,LOS LIMONARES,72,2532.3341324887397,1,0,4,24,0,5_5109_72
VALPARAÍSO,5,VIÑA DEL MAR,5109,AMPLIACION VILLA DULCE NORTE,73,5581.667896696234,2,0,12,8,0,5_5109_73
VALPARAÍSO,5,VIÑA DEL MAR,5109,VILLA DULCE NORTE,74,6081.391454293957,5,0,11,44,0,5_5109_74
VALPARAÍSO,5,VIÑA DEL MAR,5109,VILLA DULCE CRAV,75,1590.9747593051354,3,0,11,21,0,5_5109_75
VALPARAÍSO,5,VIÑA DEL MAR,5109,CANAL BEAGLE,76,2518.7801129167738,3,0,10,15,0,5_5109_76
VALPARAÍSO,5,VIÑA DEL MAR,5109,GRANADILLA,77,4449.759509532986,8,0,17,3,0,5_5109_77
VALPARAÍSO,5,VIÑA DEL MAR,5109,LOS ALMENDROS,78,1061.7300766131718,4,0,9,33,0,5_5109_78
VALPARAÍSO,5,VIÑA DEL MAR,5109,ANITA LIZANA,79,3105.5597635470535,2,0,3,7,0,5_5109_79
VALPARAÍSO,5,VIÑA DEL MAR,5109,SANTA FE,80,0.0,1,0,2,13,0,5_5109_80
VALPARAÍSO,5,VIÑA DEL MAR,5109,COIA,81,0.0,1,0,2,4,0,5_5109_81
VALPARAÍSO,5,VIÑA DEL MAR,5109,SHELL - TEXTIL,82,3850.0468918864444,1,0,0,3,0,5_5109_82
VALPARAÍSO,5,VIÑA DEL MAR,5109,PUEBLO HUNDIDO,83,7.502998855227929,5,0,8,9,0,5_5109_83
VALPARAÍSO,5,VIÑA DEL MAR,5109,CAUPOLICAN,84,6265.843966423615,3,0,10,45,0,5_5109_84
VALPARAÍSO,5,VIÑA DEL MAR,5109,SEDAMAR ORIENTE,85,7182.451279732715,1,0,2,8,0,5_5109_85
VALPARAÍSO,5,VIÑA DEL MAR,5109,MARINA MERCANTE,86,0.0,3,0,11,28,0,5_5109_86
VALPARAÍSO,5,VIÑA DEL MAR,5109,VILLA INDEPENDENCIA,87,1962.2815244169997,3,0,6,23,0,5_5109_87
VALPARAÍSO,5,VIÑA DEL MAR,5109,SANTA JULIA NORTE,88,2574.389317496455,5,0,12,15,0,5_5109_88
VALPARAÍSO,5,VIÑA DEL MAR,5109,SANTA JULIA CENTRO,89,0.0,3,0,5,4,0,5_5109_89
VALPARAÍSO,5,VIÑA DEL MAR,5109,SANTA JULIA SUR,90,0.0,1,0,6,6,1,5_5109_90
VALPARAÍSO,5,VIÑA DEL MAR,5109,VILLA HERMOSA,91,12415.02309341611,6,0,17,36,0,5_5109_91
VALPARAÍSO,5,VIÑA DEL MAR,5109,1 SECTOR A,92,3261.8517216157934,1,0,5,5,0,5_5109_92
VALPARAÍSO,5,VIÑA DEL MAR,5109,1 SECTOR B,93,2754.5780756100985,1,0,5,12,0,5_5109_93
VALPARAÍSO,5,VIÑA DEL MAR,5109,1 SECTOR C,94,1590.8751487403338,1,0,6,15,0,5_5109_94
VALPARAÍSO,5,VIÑA DEL MAR,5109,2 SECTOR B,95,2196.09030713634,4,0,5,14,0,5_5109_95
VALPARAÍSO,5,VIÑA DEL MAR,5109,2 SECTOR A,96,2703.7207818464103,3,0,2,5,1,5_5109_96
VALPARAÍSO,5,VIÑA DEL MAR,5109,3 SECTOR A,97,4228.983353820035,3,0,5,12,0,5_5109_97
VALPARAÍSO,5,VIÑA DEL MAR,5109,3 SECTOR B,98,3013.438602857106,2,0,4,11,0,5_5109_98
VALPARAÍSO,5,VIÑA DEL MAR,5109,4 SECTOR,99,2428.3627311289374,0,0,4,14,0,5_5109_99
VALPARAÍSO,5,VIÑA DEL MAR,5109,5 SECTOR,100,4272.265753575901,4,0,12,50,0,5_5109_100
VALPARAÍSO,5,VIÑA DEL MAR,5109,EXPRESOS VINA DEL MAR,101,0.0,2,0,9,13,0,5_5109_101
VALPARAÍSO,5,VIÑA DEL MAR,5109,RENACA ALTO,102,0.0,7,0,15,51,0,5_5109_102
VALPARAÍSO,5,VIÑA DEL MAR,5109,RENACA ALTO SUR,103,4242.633562966803,6,0,11,20,0,5_5109_103
VALPARAÍSO,5,VIÑA DEL MAR,5109,VILLA ALEGRE,104,1247.8827338464362,1,0,5,3,0,5_5109_104
VALPARAÍSO,5,VIÑA DEL MAR,5109,RENACA BAJO,105,36292.10027308842,3,4,132,154,8,5_5109_105
VALPARAÍSO,5,VIÑA DEL MAR,5109,LAS PALMERAS,113,4258.811863642042,3,0,9,12,0,5_5109_113
VALPARAÍSO,5,VIÑA DEL MAR,5109,CALETA ABARCA ALTO,114,891.5093005025647,1,0,10,4,0,5_5109_114
VALPARAÍSO,5,VIÑA DEL MAR,5109,ERNESTO PINTO LAGARRIGUE,115,45179.570941786966,1,0,16,17,1,5_5109_115
VALPARAÍSO,5,VIÑA DEL MAR,5109,ALEJANDRO NAVARRETE,116,4844.436201213768,3,1,17,69,0,5_5109_116
VALPARAÍSO,5,VIÑA DEL MAR,5109,GLORIAS NAVALES,118,7251.428954068842,5,0,19,38,0,5_5109_118
VALPARAÍSO,5,VIÑA DEL MAR,5109,SIETE HERMANAS,119,72002.71573563878,2,0,5,0,0,5_5109_119
VALPARAÍSO,5,VIÑA DEL MAR,5109,PUERTO AYSEN,121,5418.996471161265,2,0,10,11,0,5_5109_121
VALPARAÍSO,5,VIÑA DEL MAR,5109,PEDRO DE VALDIVIA,123,2260.599283795897,0,0,4,0,0,5_5109_123
VALPARAÍSO,5,VIÑA DEL MAR,5109,JARDIN DEL MAR,124,11389.730961592408,3,1,46,58,1,5_5109_124
VALPARAÍSO,5,VIÑA DEL MAR,5109,126,126,3100.354903173668,0,0,8,7,0,5_5109_126
VALPARAÍSO,5,VIÑA DEL MAR,5109,127,127,8447.530036798811,1,0,2,11,0,5_5109_127
VALPARAÍSO,5,VIÑA DEL MAR,5109,128,128,0.0,1,0,8,7,1,5_5109_128
VALPARAÍSO,5,VIÑA DEL MAR,5109,PUERTO MONTT,129,2786.9251440948933,1,0,14,3,0,5_5109_129
VALPARAÍSO,5,VIÑA DEL MAR,5109,NUEVA GRANADILLA,130,0.0,1,0,4,3,0,5_5109_130
VALPARAÍSO,5,VIÑA DEL MAR,5109,OLIVAR NORTE,131,29637.621533449415,5,0,12,44,0,5_5109_131
VALPARAÍSO,5,VIÑA DEL MAR,5109,OLIVAR SUR,132,2181.7366057033373,1,0,5,20,0,5_5109_132
VALPARAÍSO,5,VIÑA DEL MAR,5109,VILLA ARAUCO,133,0.0,1,0,1,6,0,5_5109_133
VALPARAÍSO,5,VIÑA DEL MAR,5109,134,134,0.0,2,0,12,19,0,5_5109_134
VALPARAÍSO,5,VIÑA DEL MAR,5109,VILLA DEL MAR,135,981.4052211510699,4,1,5,1,1,5_5109_135
VALPARAÍSO,5,VIÑA DEL MAR,5109,VILLA ORIENTE,136,0.0,0,0,3,2,0,5_5109_136
VALPARAÍSO,5,VIÑA DEL MAR,5109,EL PROGRESO,137,1529.0919355411124,0,0,3,4,0,5_5109_137
VALPARAÍSO,5,VIÑA DEL MAR,5109,LAS TORRES,138,1270.684993577392,0,0,8,3,0,5_5109_138
VALPARAÍSO,5,VIÑA DEL MAR,5109,125,125,4312.369820725184,1,0,12,10,0,5_5109_125
VALPARAÍSO,5,VIÑA DEL MAR,5109,POBLACION RENE SCHNEIDER,139,744.4083292059252,0,0,6,2,0,5_5109_139
VALPARAÍSO,5,VIÑA DEL MAR,5109,140,140,0.0,0,0,3,6,0,5_5109_140
VALPARAÍSO,5,VIÑA DEL MAR,5109,ESTRELLA DEL SUR,141,0.0,1,0,9,0,0,5_5109_141
VALPARAÍSO,5,VIÑA DEL MAR,5109,142,142,1426.6272372654869,2,0,3,27,1,5_5109_142
VALPARAÍSO,5,VIÑA DEL MAR,5109,MIRADOR DE RENACA,143,10222.243413507013,1,0,12,16,0,5_5109_143
VALPARAÍSO,5,VIÑA DEL MAR,5109,FRATERNIDAD,146,1457.5049426542066,1,0,1,11,0,5_5109_146
VALPARAÍSO,5,VIÑA DEL MAR,5109,CARLOS CONDELL,147,2877.2842160812543,1,0,2,3,0,5_5109_147
VALPARAÍSO,5,VIÑA DEL MAR,5109,149,149,4077.8689941884372,5,0,9,22,0,5_5109_149
VALPARAÍSO,5,VIÑA DEL MAR,5109,RIO BLANCO,150,1383.977971922403,0,0,8,9,0,5_5109_150
VALPARAÍSO,5,VIÑA DEL MAR,5109,LOS PINOS DE RENACA,152,0.0,0,0,0,7,0,5_5109_152
VALPARAÍSO,5,VIÑA DEL MAR,5109,TORQUEMADA,153,0.0,3,0,0,4,0,5_5109_153
VALPARAÍSO,5,VIÑA DEL MAR,5109,154,154,461.6721700604241,1,0,1,0,0,5_5109_154
VALPARAÍSO,5,VIÑA DEL MAR,5109,VILLA GENESIS,155,4285.346457578682,1,0,1,4,0,5_5109_155
VALPARAÍSO,5,VIÑA DEL MAR,5109,RENACA SECTOR LOS PINOS,156,0.0,3,0,34,0,0,5_5109_156
VALPARAÍSO,5,VIÑA DEL MAR,5109,BOSQUE SANTA JULIA,157,11432.328350086118,2,0,11,25,0,5_5109_157
VALPARAÍSO,5,VIÑA DEL MAR,5109,POBLACION NAVAL VILLA MIRAFLORES,158,782.6498905240364,0,0,2,5,0,5_5109_158
VALPARAÍSO,5,VIÑA DEL MAR,5109,EL SALTO,159,0.0,2,0,20,15,0,5_5109_159
VALPARAÍSO,5,VIÑA DEL MAR,5109,VILLA RUKAN,160,12372.229751306186,1,0,15,8,0,5_5109_160
VALPARAÍSO,5,VIÑA DEL MAR,5109,CORACEROS,161,18495.159294911384,0,0,11,35,0,5_5109_161
VALPARAÍSO,5,VIÑA DEL MAR,5109,LOS ALMENDROS,162,2472.8853308293155,3,0,28,8,0,5_5109_162
VALPARAÍSO,5,VIÑA DEL MAR,5109,LAS PALMAS CHILENAS,163,12426.718956824634,3,0,12,14,0,5_5109_163
VALPARAÍSO,5,VIÑA DEL MAR,5109,164,164,10460.199176057587,0,1,11,4,0,5_5109_164
VALPARAÍSO,5,VIÑA DEL MAR,5109,SAN EXPEDITO,165,1781.7352081500321,1,0,3,0,0,5_5109_165
VALPARAÍSO,5,VIÑA DEL MAR,5109,SOL NACIENTE,166,1985.0627042358467,2,1,3,6,0,5_5109_166
VALPARAÍSO,5,VIÑA DEL MAR,5109,HOSPITAL NUEVA,167,1353.2872285146457,2,0,4,28,2,5_5109_167
VALPARAÍSO,5,VIÑA DEL MAR,5109,SIN DEFINICION COMUNAL,NO DEF_3,0.0,2,0,2,0,0,5_5109_NO DEF_3
VALPARAÍSO,5,VIÑA DEL MAR,5109,BUENOS AMIGOS NORTE,44,0.0,0,0,3,0,0,5_5109_44
VALPARAÍSO,5,VIÑA DEL MAR,5109,NIETO,45,0.0,0,0,4,0,0,5_5109_45
VALPARAÍSO,5,VIÑA DEL MAR,5109,SANTIAGO CABRERA,61,1841.7504145483726,6,1,12,25,2,5_5109_61
VALPARAÍSO,5,VIÑA DEL MAR,5109,VILLA LONDRES,5,0.0,0,0,2,3,0,5_5109_5
VALPARAÍSO,5,VIÑA DEL MAR,5109,SIN DEFINICION COMUNAL,NO DEF_4,8523.191596906054,1,0,1,1,0,5_5109_NO DEF_4
VALPARAÍSO,5,VIÑA DEL MAR,5109,TRANQUE SUR,37,0.0,2,0,6,1,0,5_5109_37
VALPARAÍSO,5,VIÑA DEL MAR,5109,SIN DEFINICION COMUNAL,NO DEF_5,2806.8177671274616,0,0,1,38,0,5_5109_NO DEF_5
VALPARAÍSO,5,VIÑA DEL MAR,5109,SIN DEFINICION COMUNAL,NO DEF_6,304146.7683916553,5,0,6,18,0,5_5109_NO DEF_6
VALPARAÍSO,5,VIÑA DEL MAR,5109,SIN DEFINICION COMUNAL,NO DEF_7,138419.61934083398,6,0,7,1,0,5_5109_NO DEF_7
VALPARAÍSO,5,VIÑA DEL MAR,5109,SIN DEFINICION COMUNAL,NO DEF_8,49001.81474728474,5,0,3,47,1,5_5109_NO DEF_8
VALPARAÍSO,5,VIÑA DEL MAR,5109,SIN DEFINICION COMUNAL,NO DEF_9,3.7808960441286037,4,0,1,0,0,5_5109_NO DEF_9
VALPARAÍSO,5,VIÑA DEL MAR,5109,SIN DEFINICION COMUNAL,NO DEF_10,5308.090364841739,1,0,17,3,0,5_5109_NO DEF_10
VALPARAÍSO,5,VALPARAÍSO,5101,151,151,678.3951848927345,0,0,5,5,0,5_5101_151
VALPARAÍSO,5,CONCÓN,5103,001,001,3636.791812848523,3,0,13,7,0,5_5103_001
VALPARAÍSO,5,CONCÓN,5103,002,002,18116.382204815294,5,1,26,32,3,5_5103_002
VALPARAÍSO,5,CONCÓN,5103,003,003,29398.58761286504,3,0,43,49,1,5_5103_003
VALPARAÍSO,5,CONCÓN,5103,004,004,34858.76533545528,1,0,8,1,0,5_5103_004
VALPARAÍSO,5,CONCÓN,5103,005,005,12714.465006162865,5,2,28,44,4,5_5103_005
VALPARAÍSO,5,CONCÓN,5103,006,006,14329.64468519084,0,0,7,13,0,5_5103_006
VALPARAÍSO,5,CONCÓN,5103,007,007,18252.51269670952,3,0,10,4,0,5_5103_007
VALPARAÍSO,5,CONCÓN,5103,008,008,6246.276733571825,0,0,21,1,0,5_5103_008
VALPARAÍSO,5,CONCÓN,5103,009,009,41904.44835401745,0,0,33,15,0,5_5103_009
VALPARAÍSO,5,CONCÓN,5103,010,010,3434.1055543821544,3,0,5,3,0,5_5103_010
VALPARAÍSO,5,CONCÓN,5103,011,011,37373.55509576607,1,0,13,0,0,5_5103_011
VALPARAÍSO,5,CONCÓN,5103,012,012,28905.72187135829,3,0,54,0,0,5_5103_012
VALPARAÍSO,5,CONCÓN,5103,013,013,31177.443408290248,3,1,9,7,2,5_5103_013
VALPARAÍSO,5,CONCÓN,5103,014,014,33145.32483154027,0,2,30,8,3,5_5103_014
VALPARAÍSO,5,CONCÓN,5103,SIN DEFINICION COMUNAL,NO DEF_1,182585.2197356833,8,0,26,111,1,5_5103_NO DEF_1
VALPARAÍSO,5,QUILPUE,5801,1,1,3734.223797718123,0,0,11,8,0,5_5801_1
VALPARAÍSO,5,QUILPUE,5801,2,2,5524.814627619453,3,0,23,16,1,5_5801_2
VALPARAÍSO,5,QUILPUE,5801,3,3,1748.1997031123049,3,0,19,5,0,5_5801_3
VALPARAÍSO,5,QUILPUE,5801,4,4,0.0,1,0,4,2,0,5_5801_4
VALPARAÍSO,5,QUILPUE,5801,5,5,0.0,1,1,8,4,0,5_5801_5
VALPARAÍSO,5,QUILPUE,5801,6,6,0.0,0,0,4,3,0,5_5801_6
VALPARAÍSO,5,QUILPUE,5801,7,7,0.0,0,0,6,0,0,5_5801_7
VALPARAÍSO,5,QUILPUE,5801,8,8,0.0,0,0,13,5,0,5_5801_8
VALPARAÍSO,5,QUILPUE,5801,9,9,0.0,1,0,5,7,0,5_5801_9
VALPARAÍSO,5,QUILPUE,5801,10,10,0.0,1,0,10,10,0,5_5801_10
VALPARAÍSO,5,QUILPUE,5801,11,11,0.0,1,0,10,3,0,5_5801_11
VALPARAÍSO,5,QUILPUE,5801,12,12,0.0,1,0,5,5,0,5_5801_12
VALPARAÍSO,5,QUILPUE,5801,13,13,0.0,0,0,4,2,0,5_5801_13
VALPARAÍSO,5,QUILPUE,5801,14,14,0.0,3,0,7,4,0,5_5801_14
VALPARAÍSO,5,QUILPUE,5801,15,15,0.0,3,0,5,6,0,5_5801_15
VALPARAÍSO,5,QUILPUE,5801,16,16,0.0,0,0,2,3,0,5_5801_16
VALPARAÍSO,5,QUILPUE,5801,17,17,0.0,0,0,5,1,0,5_5801_17
VALPARAÍSO,5,QUILPUE,5801,18,18,0.0,0,0,3,3,0,5_5801_18
VALPARAÍSO,5,QUILPUE,5801,19,19,3349.3949413527826,2,0,12,6,0,5_5801_19
VALPARAÍSO,5,QUILPUE,5801,20,20,2426.065752446979,1,0,11,2,0,5_5801_20
VALPARAÍSO,5,QUILPUE,5801,21,21,7582.952610981965,1,2,7,21,9,5_5801_21
VALPARAÍSO,5,QUILPUE,5801,22,22,0.0,0,0,7,11,0,5_5801_22
VALPARAÍSO,5,QUILPUE,5801,23,23,0.0,1,0,0,3,0,5_5801_23
VALPARAÍSO,5,QUILPUE,5801,24,24,11574.447994354397,3,0,3,2,0,5_5801_24
VALPARAÍSO,5,QUILPUE,5801,25,25,0.0,4,0,8,1,0,5_5801_25
VALPARAÍSO,5,QUILPUE,5801,26,26,2.7503070029850147,1,0,5,3,0,5_5801_26
VALPARAÍSO,5,QUILPUE,5801,27,27,926.4873721079305,2,0,15,1,0,5_5801_27
VALPARAÍSO,5,QUILPUE,5801,28,28,0.0,0,0,2,0,0,5_5801_28
VALPARAÍSO,5,QUILPUE,5801,29,29,9250.753222464657,6,0,24,10,1,5_5801_29
VALPARAÍSO,5,QUILPUE,5801,30,30,0.0,7,4,6,3,7,5_5801_30
VALPARAÍSO,5,QUILPUE,5801,31,31,0.0,0,0,6,1,0,5_5801_31
VALPARAÍSO,5,QUILPUE,5801,32,32,2608.124772597968,0,0,4,3,0,5_5801_32
VALPARAÍSO,5,QUILPUE,5801,33,33,583.7446855571293,0,0,8,0,0,5_5801_33
VALPARAÍSO,5,QUILPUE,5801,34,34,1900.1207740984362,1,0,6,4,0,5_5801_34
VALPARAÍSO,5,QUILPUE,5801,35,35,0.0,0,0,4,0,0,5_5801_35
VALPARAÍSO,5,QUILPUE,5801,36,36,2981.1466891068367,0,0,2,1,0,5_5801_36
VALPARAÍSO,5,QUILPUE,5801,37,37,0.0,2,0,8,12,0,5_5801_37
VALPARAÍSO,5,QUILPUE,5801,38,38,0.0,0,0,4,0,0,5_5801_38
VALPARAÍSO,5,QUILPUE,5801,39,39,0.0,5,0,4,1,1,5_5801_39
VALPARAÍSO,5,QUILPUE,5801,40,40,0.0,2,0,1,4,0,5_5801_40
VALPARAÍSO,5,QUILPUE,5801,41,41,0.0,6,0,7,11,1,5_5801_41
VALPARAÍSO,5,QUILPUE,5801,42,42,0.0,0,0,2,5,0,5_5801_42
VALPARAÍSO,5,QUILPUE,5801,43,43,0.0,3,0,7,3,1,5_5801_43
VALPARAÍSO,5,QUILPUE,5801,44,44,4746.0421576357285,2,0,11,2,0,5_5801_44
VALPARAÍSO,5,QUILPUE,5801,45,45,4310.481679438555,5,0,9,7,0,5_5801_45
VALPARAÍSO,5,QUILPUE,5801,46,46,5193.231089302458,1,0,10,5,0,5_5801_46
VALPARAÍSO,5,QUILPUE,5801,47,47,0.0,2,0,7,5,0,5_5801_47
VALPARAÍSO,5,QUILPUE,5801,48,48,0.0,1,1,7,19,1,5_5801_48
VALPARAÍSO,5,QUILPUE,5801,49,49,460.7875353699147,1,0,3,7,0,5_5801_49
VALPARAÍSO,5,QUILPUE,5801,50,50,2158.732999936232,1,0,4,6,1,5_5801_50
VALPARAÍSO,5,QUILPUE,5801,51,51,29141.574603366513,1,0,8,10,0,5_5801_51
VALPARAÍSO,5,QUILPUE,5801,52,52,8604.188451164293,1,0,13,1,0,5_5801_52
VALPARAÍSO,5,QUILPUE,5801,53,53,0.0,1,0,5,0,0,5_5801_53
VALPARAÍSO,5,QUILPUE,5801,54,54,0.0,0,2,5,5,2,5_5801_54
VALPARAÍSO,5,QUILPUE,5801,55,55,33602.59348015426,3,1,34,16,1,5_5801_55
VALPARAÍSO,5,QUILPUE,5801,56,56,3897.298891473446,0,0,4,2,0,5_5801_56
VALPARAÍSO,5,QUILPUE,5801,57,57,26997.050684051123,4,0,14,3,0,5_5801_57
VALPARAÍSO,5,QUILPUE,5801,58,58,0.0,1,0,5,2,0,5_5801_58
VALPARAÍSO,5,QUILPUE,5801,59,59,27037.08952440167,3,0,34,11,0,5_5801_59
VALPARAÍSO,5,QUILPUE,5801,60,60,4477.2601098693995,0,0,12,3,0,5_5801_60
VALPARAÍSO,5,QUILPUE,5801,61,61,0.0,1,0,6,2,0,5_5801_61
VALPARAÍSO,5,QUILPUE,5801,62,62,8335.211071332977,0,0,9,4,0,5_5801_62
VALPARAÍSO,5,QUILPUE,5801,63,63,4265.6225085154965,1,0,18,9,0,5_5801_63
VALPARAÍSO,5,QUILPUE,5801,64,64,0.0,6,4,19,23,2,5_5801_64
VALPARAÍSO,5,QUILPUE,5801,65,65,0.0,4,1,8,7,0,5_5801_65
VALPARAÍSO,5,QUILPUE,5801,66,66,27709.184980987622,2,0,5,4,0,5_5801_66
VALPARAÍSO,5,QUILPUE,5801,67,67,1410.7933182335105,2,0,7,18,1,5_5801_67
VALPARAÍSO,5,QUILPUE,5801,68,68,2950.9591248242036,2,0,11,2,0,5_5801_68
VALPARAÍSO,5,QUILPUE,5801,69,69,12410.9352172379,2,0,26,9,0,5_5801_69
VALPARAÍSO,5,QUILPUE,5801,70,70,3169.817694245227,1,0,8,3,0,5_5801_70
VALPARAÍSO,5,QUILPUE,5801,71,71,1394.3849949928388,7,0,24,19,1,5_5801_71
VALPARAÍSO,5,QUILPUE,5801,72,72,1315.436910579433,3,0,13,14,0,5_5801_72
VALPARAÍSO,5,QUILPUE,5801,73,73,4595.574995336452,2,0,8,15,0,5_5801_73
VALPARAÍSO,5,QUILPUE,5801,77,77,49314.302375520514,4,0,11,11,0,5_5801_77
VALPARAÍSO,5,QUILPUE,5801,78,78,11406.914893778878,2,0,15,5,0,5_5801_78
VALPARAÍSO,5,QUILPUE,5801,79,79,29085.50420795923,3,0,24,7,0,5_5801_79
VALPARAÍSO,5,QUILPUE,5801,80,80,0.0,1,0,8,3,0,5_5801_80
VALPARAÍSO,5,QUILPUE,5801,81,81,0.0,0,0,0,0,0,5_5801_81
VALPARAÍSO,5,QUILPUE,5801,82,82,53389.50644789715,11,4,53,29,4,5_5801_82
VALPARAÍSO,5,QUILPUE,5801,83,83,0.0,0,0,2,0,0,5_5801_83
VALPARAÍSO,5,QUILPUE,5801,074R,074R,0.0,13,0,6,7,0,5_5801_074R
VALPARAÍSO,5,QUILPUE,5801,075R,075R,0.0,4,0,0,0,0,5_5801_075R
VALPARAÍSO,5,QUILPUE,5801,076R,076R,0.0,1,0,0,0,0,5_5801_076R
VALPARAÍSO,5,QUILPUE,5801,SIN DEFINICION COMUNAL,NO DEF,0.0,1,0,9,10,0,5_5801_NO DEF
VALPARAÍSO,5,VILLA ALEMANA,5804,1,1,23281.96215642418,9,0,80,34,0,5_5804_1
VALPARAÍSO,5,VILLA ALEMANA,5804,2,2,4579.202194221324,14,0,47,20,0,5_5804_2
VALPARAÍSO,5,VILLA ALEMANA,5804,3,3,1775.5960950860976,1,0,22,9,0,5_5804_3
VALPARAÍSO,5,VILLA ALEMANA,5804,4,4,20043.138988354116,9,1,24,37,12,5_5804_4
VALPARAÍSO,5,VILLA ALEMANA,5804,5,5,104875.23842398103,16,3,107,70,2,5_5804_5
VALPARAÍSO,5,VILLA ALEMANA,5804,6,6,2335.3481871680565,6,0,14,20,0,5_5804_6
VALPARAÍSO,5,VILLA ALEMANA,5804,7,7,14970.57695701966,8,0,26,12,0,5_5804_7
VALPARAÍSO,5,VILLA ALEMANA,5804,8,8,2286.738541050226,17,4,39,42,4,5_5804_8
VALPARAÍSO,5,VILLA ALEMANA,5804,9,9,8925.712134993511,8,0,14,25,0,5_5804_9
VALPARAÍSO,5,VILLA ALEMANA,5804,10,10,49020.68407120814,4,2,57,43,2,5_5804_10
VALPARAÍSO,5,VILLA ALEMANA,5804,11,11,0.0,3,0,0,5,0,5_5804_11
VALPARAÍSO,5,VILLA ALEMANA,5804,12,12,42189.878628270475,10,0,47,63,0,5_5804_12
VALPARAÍSO,5,VILLA ALEMANA,5804,13,13,1445.020211676158,4,0,24,16,0,5_5804_13
VALPARAÍSO,5,VILLA ALEMANA,5804,14,14,30037.88971807502,6,0,43,36,0,5_5804_14
VALPARAÍSO,5,VILLA ALEMANA,5804,15,15,40103.3344971729,6,0,38,38,1,5_5804_15
VALPARAÍSO,5,VILLA ALEMANA,5804,16,16,0.0,1,0,0,0,0,5_5804_16
VALPARAÍSO,5,VILLA ALEMANA,5804,SIN DEFINICION COMUNAL,NO DEF,0.0,0,0,2,1,0,5_5804_NO DEF
VALPARAÍSO,5,SAN FELIPE,5701,CENTRO,001,0.0,4,0,10,0,6,5_5701_001
VALPARAÍSO,5,SAN FELIPE,5701,CENTRO,002,14280.68283875196,3,3,7,0,4,5_5701_002
VALPARAÍSO,5,SAN FELIPE,5701,CENTRO,003,20603.054818932647,4,0,6,2,1,5_5701_003
VALPARAÍSO,5,SAN FELIPE,5701,CENTRO,004,10136.224613761538,4,0,9,2,4,5_5701_004
VALPARAÍSO,5,SAN FELIPE,5701,SANTA ROSA,005,0.0,3,0,5,0,0,5_5701_005
VALPARAÍSO,5,SAN FELIPE,5701,MANUEL RODRIGUEZ,006,0.0,0,0,3,0,0,5_5701_006
VALPARAÍSO,5,SAN FELIPE,5701,GABRIEL GONZALEZ VIDELA,007,2519.2406324150747,1,0,4,0,0,5_5701_007
VALPARAÍSO,5,SAN FELIPE,5701,EL ESFUERZO,008,6197.733283374193,0,0,6,0,0,5_5701_008
VALPARAÍSO,5,SAN FELIPE,5701,SAN FELIPE,009,8131.462899546485,0,0,6,0,0,5_5701_009
VALPARAÍSO,5,SAN FELIPE,5701,PARRASIA,010,0.0,2,0,6,0,0,5_5701_010
VALPARAÍSO,5,SAN FELIPE,5701,ACONCAGUA,011,5532.639383337327,2,0,20,0,0,5_5701_011
VALPARAÍSO,5,SAN FELIPE,5701,ESTADIO MUNICIPAL,012,5069.983004829646,3,1,21,0,1,5_5701_012
VALPARAÍSO,5,SAN FELIPE,5701,ENCON,013,22813.572939546902,4,1,19,0,0,5_5701_013
VALPARAÍSO,5,SAN FELIPE,5701,SARGENTO ALDEA,014,15313.100493401602,3,0,24,0,0,5_5701_014
VALPARAÍSO,5,SAN FELIPE,5701,SANTA ELISA,015,81615.51238718085,5,0,61,0,0,5_5701_015
VALPARAÍSO,5,SAN FELIPE,5701,LICEO DE NINAS,016,0.0,1,1,1,0,0,5_5701_016
VALPARAÍSO,5,SAN FELIPE,5701,PEDRO AGUIRRE CERDA,017,20741.751304713674,4,2,35,0,0,5_5701_017
VALPARAÍSO,5,SAN FELIPE,5701,LA SANTITA,018,711.2446023873855,1,0,2,0,0,5_5701_018
VALPARAÍSO,5,SAN FELIPE,5701,YUNGAY,019,15973.932188859928,5,0,47,2,0,5_5701_019
VALPARAÍSO,5,SAN FELIPE,5701,5 DE ABRIL,020,1611.4317577637792,1,1,10,1,1,5_5701_020
VALPARAÍSO,5,SAN FELIPE,5701,BUERAS,021,0.0,2,0,9,0,0,5_5701_021
VALPARAÍSO,5,SAN FELIPE,5701,RIQUELME,022,0.0,0,0,4,1,0,5_5701_022
VALPARAÍSO,5,SAN FELIPE,5701,PUENTE,023,0.0,2,0,9,4,0,5_5701_023
VALPARAÍSO,5,SAN FELIPE,5701,ESPERANZA,024,2296.7256620545627,0,0,15,0,0,5_5701_024
VALPARAÍSO,5,SAN FELIPE,5701,PUNTA OLIVO,025R,0.0,0,0,0,0,0,5_5701_025R
VALPARAÍSO,5,SAN FELIPE,5701,EL ALGARROBAL,026R,1444.0638060433619,2,0,0,0,0,5_5701_026R
VALPARAÍSO,5,SAN FELIPE,5701,QUILPUE,027,0.0,0,0,3,0,0,5_5701_027
VALPARAÍSO,5,SAN FELIPE,5701,LA TROYA,028,0.0,0,0,4,0,0,5_5701_028
VALPARAÍSO,5,SAN FELIPE,5701,ALMENDRAL BAJO,029,12691.288197722186,2,0,36,0,0,5_5701_029
VALPARAÍSO,5,SAN FELIPE,5701,ALMENDRAL ALTO,030,900.4428176205689,1,0,4,0,0,5_5701_030
VALPARAÍSO,5,SAN FELIPE,5701,EL TAMBO,031,0.0,2,0,6,0,0,5_5701_031
VALPARAÍSO,5,SAN FELIPE,5701,TIERRAS BLANCAS,032R,0.0,3,0,13,0,0,5_5701_032R
VALPARAÍSO,5,SAN FELIPE,5701,CENTRO CURIMON,033,5447.992443151709,3,0,9,5,0,5_5701_033
VALPARAÍSO,5,SAN FELIPE,5701,CURIMON ESTACION,034,6017.455892085286,1,0,20,5,0,5_5701_034
VALPARAÍSO,5,SAN FELIPE,5701,SAN RAFAEL,035R,1396.9011716438195,4,0,27,8,0,5_5701_035R
VALPARAÍSO,5,SAN FELIPE,5701,BUCALEMU,036R,0.0,2,0,7,0,0,5_5701_036R
VALPARAÍSO,5,SAN FELIPE,5701,BARRANCAS,037R,0.0,4,0,0,0,0,5_5701_037R
VALPARAÍSO,5,SAN FELIPE,5701,EL ASIENTO,038R,0.0,3,0,0,0,0,5_5701_038R
VALPARAÍSO,5,SAN FELIPE,5701,21 DE MAYO,039R,0.0,1,0,0,0,0,5_5701_039R
VALPARAÍSO,5,SAN FELIPE,5701,CALLE ORTIZ,040R,0.0,0,0,0,0,0,5_5701_040R
VALPARAÍSO,5,SAN FELIPE,5701,SIN DEFINICION COMUNAL,NO DEF,12980.694549267884,0,0,0,0,0,5_5701_NO DEF
VALPARAÍSO,5,SAN ANTONIO,5601,LA FLORESTA,044R,0.0,1,0,0,0,0,5_5601_044R
VALPARAÍSO,5,SAN ANTONIO,5601,CUNCUMEN,043R,0.0,2,0,0,0,0,5_5601_043R
VALPARAÍSO,5,SAN ANTONIO,5601,LO GALLARDO,038,958.0525502529885,6,0,26,0,0,5_5601_038
VALPARAÍSO,5,SAN ANTONIO,5601,SAN JUAN,039R,0.0,2,0,0,0,0,5_5601_039R
VALPARAÍSO,5,SAN ANTONIO,5601,TEJAS VERDES,025,0.0,0,0,2,0,0,5_5601_025
VALPARAÍSO,5,SAN ANTONIO,5601,BAQUEDANO DOS,026,3199.726063924693,5,0,10,0,0,5_5601_026
VALPARAÍSO,5,SAN ANTONIO,5601,MIRASOL,024,20992.28840025816,2,0,25,0,0,5_5601_024
VALPARAÍSO,5,SAN ANTONIO,5601,LAS ORQUIDEAS,037,8008.286310105353,6,0,30,0,0,5_5601_037
VALPARAÍSO,5,SAN ANTONIO,5601,GIRASOL,035,0.0,0,0,1,0,0,5_5601_035
VALPARAÍSO,5,SAN ANTONIO,5601,EL SAUCE,027,3396.478555664755,2,0,14,0,0,5_5601_027
VALPARAÍSO,5,SAN ANTONIO,5601,LOS JAZMINES,030,17173.409693093952,3,0,7,0,0,5_5601_030
VALPARAÍSO,5,SAN ANTONIO,5601,LOS AROMOS,034,2327.365132248733,0,0,2,0,0,5_5601_034
VALPARAÍSO,5,SAN ANTONIO,5601,HURACAN LA BOCA,021,3844.808998019875,5,0,12,0,0,5_5601_021
VALPARAÍSO,5,SAN ANTONIO,5601,PLAZA OHIGGINS,023,22116.00330694785,13,1,17,0,4,5_5601_023
VALPARAÍSO,5,SAN ANTONIO,5601,LOS CIPRESES,033,0.0,0,0,2,0,0,5_5601_033
VALPARAÍSO,5,SAN ANTONIO,5601,LAS LOMAS,032,489.807511284403,1,0,4,0,0,5_5601_032
VALPARAÍSO,5,SAN ANTONIO,5601,LOS CALVELES,036,1362.251089702725,2,0,1,0,0,5_5601_036
VALPARAÍSO,5,SAN ANTONIO,5601,LAS ARAUCARIAS,031,3094.7620351289183,2,0,2,0,0,5_5601_031
VALPARAÍSO,5,SAN ANTONIO,5601,LOS ALMENDROS,029,5544.994197137794,2,0,7,0,0,5_5601_029
VALPARAÍSO,5,SAN ANTONIO,5601,EMPLEADOS MUNICIPALES,028,0.0,4,0,10,0,0,5_5601_028
VALPARAÍSO,5,SAN ANTONIO,5601,SAN PEDRO,022,1283.2779638477095,1,1,4,0,0,5_5601_022
VALPARAÍSO,5,SAN ANTONIO,5601,POBLACION BRISAMAR,020,228922.8517947402,6,0,6,0,0,5_5601_020
VALPARAÍSO,5,SAN ANTONIO,5601,MAR DE CHILE,017,21530.037526300883,5,1,21,0,0,5_5601_017
VALPARAÍSO,5,SAN ANTONIO,5601,NUEVA ESPERANZA,015,0.0,0,0,1,0,0,5_5601_015
VALPARAÍSO,5,SAN ANTONIO,5601,LAS CAMELIAS,016,4751.952767118673,2,0,21,0,2,5_5601_016
VALPARAÍSO,5,SAN ANTONIO,5601,ALTO BARRANCAS,014,27456.53688277884,6,0,33,0,0,5_5601_014
VALPARAÍSO,5,SAN ANTONIO,5601,CAPITAN ORELLA,013,3761.428247843546,3,0,18,0,0,5_5601_013
VALPARAÍSO,5,SAN ANTONIO,5601,BARROS LUCO,018,33042.37353279237,2,1,18,0,1,5_5601_018
VALPARAÍSO,5,SAN ANTONIO,5601,JUAN ASPEE,019,0.0,0,0,6,0,0,5_5601_019
VALPARAÍSO,5,SAN ANTONIO,5601,COOPERATIVAS,012,69901.69362237882,12,0,52,0,2,5_5601_012
VALPARAÍSO,5,SAN ANTONIO,5601,CERRO ARENA O MIRAMAR,011,57498.664395592285,5,1,15,0,2,5_5601_011
VALPARAÍSO,5,SAN ANTONIO,5601,BELLAMAR,008,2609.5059915288525,1,2,8,0,11,5_5601_008
VALPARAÍSO,5,SAN ANTONIO,5601,LOS CONDORES,010,22356.889073459857,4,0,25,0,0,5_5601_010
VALPARAÍSO,5,SAN ANTONIO,5601,PUNTA DE DIAMANTE,002,3223.927716962288,2,0,12,0,0,5_5601_002
VALPARAÍSO,5,SAN ANTONIO,5601,CERRO ALEGRE,003,730.1841366669622,1,1,5,0,1,5_5601_003
VALPARAÍSO,5,SAN ANTONIO,5601,AGUAS BUENAS,040R,7.087145157321195,2,0,0,0,0,5_5601_040R
VALPARAÍSO,5,SAN ANTONIO,5601,ESTERO AREVALO,007,0.0,0,0,6,0,0,5_5601_007
VALPARAÍSO,5,SAN ANTONIO,5601,LEYDA,042R,0.0,1,0,0,0,0,5_5601_042R
VALPARAÍSO,5,SAN ANTONIO,5601,BELLAVISTA,006,0.0,2,0,20,0,0,5_5601_006
VALPARAÍSO,5,SAN ANTONIO,5601,VISTA HERMOSA,005,33360.53406429071,6,0,33,0,0,5_5601_005
VALPARAÍSO,5,SAN ANTONIO,5601,MALVILLA,041R,0.0,2,0,0,0,0,5_5601_041R
VALPARAÍSO,5,SAN ANTONIO,5601,LOS OLIVOS,009,0.0,3,0,17,0,1,5_5601_009
VALPARAÍSO,5,SAN ANTONIO,5601,CERRO LA VIRGEN,004,11474.018790736205,2,0,16,0,0,5_5601_004
VALPARAÍSO,5,SAN ANTONIO,5601,CANTERAS,001,11638.53567117487,0,0,15,0,0,5_5601_001
VALPARAÍSO,5,QUILLOTA,5501,SAN PEDRO,9,10147.41124774703,13,0,39,12,0,5_5501_9
VALPARAÍSO,5,QUILLOTA,5501,EL SENDERO,8,51978.34517991328,2,0,43,5,0,5_5501_8
VALPARAÍSO,5,QUILLOTA,5501,SAID,7,13045.131143854072,8,1,31,6,0,5_5501_7
VALPARAÍSO,5,QUILLOTA,5501,OHIGGINS SUR,6,41942.28833949262,15,1,80,7,1,5_5501_6
VALPARAÍSO,5,QUILLOTA,5501,QUILLOTA URBANO SUR,12,20174.687158771274,2,1,37,0,1,5_5501_12
VALPARAÍSO,5,QUILLOTA,5501,EL BAJÍO,4,9596.265651037165,9,1,41,5,0,5_5501_4
VALPARAÍSO,5,QUILLOTA,5501,QUILLOTA URBANO ESTE,3,21906.389829619213,10,2,55,5,2,5_5501_3
VALPARAÍSO,5,QUILLOTA,5501,QUILLOTA CENTRO,5,22598.12979765945,25,5,65,9,15,5_5501_5
VALPARAÍSO,5,QUILLOTA,5501,MAYACA,2,78977.24314109403,6,0,32,1,0,5_5501_2
VALPARAÍSO,5,QUILLOTA,5501,MANZANAR,14,0.0,0,0,0,1,0,5_5501_14
VALPARAÍSO,5,QUILLOTA,5501,LA PALMA,10,0.0,10,0,9,0,0,5_5501_10
VALPARAÍSO,5,QUILLOTA,5501,QUILLOTA URBANO NORTE,1,35526.97672680167,12,1,80,15,1,5_5501_1
VALPARAÍSO,5,QUILLOTA,5501,ACONCAGUA,13,0.0,4,0,0,0,0,5_5501_13
VALPARAÍSO,5,QUILLOTA,5501,BOCO,11,6729.141429219323,7,0,0,0,0,5_5501_11
VALPARAÍSO,5,LA LIGUA,5401,009,009,0.0,0,0,0,6,0,5_5401_009
VALPARAÍSO,5,LA LIGUA,5401,008,008,0.0,3,0,0,2,0,5_5401_008
VALPARAÍSO,5,LA LIGUA,5401,017,017,0.0,0,0,0,0,0,5_5401_017
VALPARAÍSO,5,LA LIGUA,5401,004,004,17681.001668950208,2,0,14,1,0,5_5401_004
VALPARAÍSO,5,LA LIGUA,5401,003,003,811.2480524071128,2,0,7,1,0,5_5401_003
VALPARAÍSO,5,LA LIGUA,5401,002,002,4187.658344663319,3,0,19,2,0,5_5401_002
VALPARAÍSO,5,LA LIGUA,5401,001,001,13942.487452273454,4,1,33,7,0,5_5401_001
VALPARAÍSO,5,LA LIGUA,5401,005,005,10792.179569277012,0,0,6,0,0,5_5401_005
VALPARAÍSO,5,LA LIGUA,5401,010,010,0.0,0,0,0,0,0,5_5401_010
VALPARAÍSO,5,LA LIGUA,5401,016,016,1109.1315113826745,0,0,6,0,0,5_5401_016
VALPARAÍSO,5,LA LIGUA,5401,006,006,13640.96941205307,10,4,35,5,10,5_5401_006
VALPARAÍSO,5,LA LIGUA,5401,015,015,573.538884310605,3,0,16,0,0,5_5401_015
VALPARAÍSO,5,LA LIGUA,5401,06R,06R,0.0,1,0,6,4,0,5_5401_06R
VALPARAÍSO,5,LA LIGUA,5401,007,007,12947.66502040106,4,0,24,1,1,5_5401_007
VALPARAÍSO,5,LA LIGUA,5401,011,011,3147.351940770563,4,0,0,0,0,5_5401_011
VALPARAÍSO,5,LA LIGUA,5401,012,012,0.0,1,0,0,0,0,5_5401_012
VALPARAÍSO,5,LA LIGUA,5401,013,013,0.0,1,0,0,0,0,5_5401_013
VALPARAÍSO,5,LA LIGUA,5401,014,014,0.0,1,0,0,0,0,5_5401_014
VALPARAÍSO,5,LA LIGUA,5401,11R,11R,0.0,0,0,0,0,0,5_5401_11R
VALPARAÍSO,5,LA LIGUA,5401,14R,14R,0.0,3,0,0,0,0,5_5401_14R
VALPARAÍSO,5,LA LIGUA,5401,018,018,0.0,6,0,0,0,0,5_5401_018
VALPARAÍSO,5,LA LIGUA,5401,020,020,0.0,5,0,0,0,0,5_5401_020
VALPARAÍSO,5,LA LIGUA,5401,021,021,0.0,7,0,0,0,0,5_5401_021
VALPARAÍSO,5,LA LIGUA,5401,022,022,0.0,3,0,25,0,0,5_5401_022
VALPARAÍSO,5,LA LIGUA,5401,019,019,0.0,7,0,0,0,0,5_5401_019
VALPARAÍSO,5,ISLA DE PASCUA,5201,MOEROA,002,4626.667747904157,0,0,19,0,1,5_5201_002
VALPARAÍSO,5,ISLA DE PASCUA,5201,HANGA ROA,001,44824.956965868,1,0,34,0,2,5_5201_001
VALPARAÍSO,5,LA LIGUA,5401,SIN DEFINICION COMUNAL,NO DEF,412069.1300324675,7,0,3,12,0,5_5401_NO DEF
VALPARAÍSO,5,ISLA DE PASCUA,5201,SIN DEFINICION COMUNAL,NO DEF_1,0.0,0,0,0,0,0,5_5201_NO DEF_1
VALPARAÍSO,5,ISLA DE PASCUA,5201,SIN DEFINICION COMUNAL,NO DEF_2,0.0,0,0,1,0,0,5_5201_NO DEF_2
VALPARAÍSO,5,ISLA DE PASCUA,5201,SIN DEFINICION COMUNAL,NO DEF_3,0.0,0,0,0,0,0,5_5201_NO DEF_3
VALPARAÍSO,5,LOS ANDES,5301,014,014,31698.791746037856,3,0,27,0,0,5_5301_014
VALPARAÍSO,5,LOS ANDES,5301,017,017,63526.66203790605,6,2,77,0,1,5_5301_017
VALPARAÍSO,5,LOS ANDES,5301,012,012,21960.720313439375,4,0,23,0,0,5_5301_012
VALPARAÍSO,5,LOS ANDES,5301,013,013,4028.665830921533,3,0,17,0,0,5_5301_013
VALPARAÍSO,5,LOS ANDES,5301,015,015,100731.4053383618,6,2,23,0,0,5_5301_015
VALPARAÍSO,5,LOS ANDES,5301,003,003,0.0,2,0,3,0,1,5_5301_003
VALPARAÍSO,5,LOS ANDES,5301,004,004,0.0,6,2,9,0,3,5_5301_004
VALPARAÍSO,5,LOS ANDES,5301,005,005,31926.6171763306,4,1,40,0,2,5_5301_005
VALPARAÍSO,5,LOS ANDES,5301,002,002,7020.49129785905,1,0,9,0,9,5_5301_002
VALPARAÍSO,5,LOS ANDES,5301,001,001,21474.243303486975,1,2,8,0,3,5_5301_001
VALPARAÍSO,5,LOS ANDES,5301,018,018,18054.2119773568,9,0,22,0,0,5_5301_018
VALPARAÍSO,5,LOS ANDES,5301,019R,019R,0.0,2,0,0,0,0,5_5301_019R
VALPARAÍSO,5,LOS ANDES,5301,009,009,2271.0792297029393,4,0,8,5,0,5_5301_009
VALPARAÍSO,5,LOS ANDES,5301,011,011,4259.299178764895,2,1,15,0,0,5_5301_011
VALPARAÍSO,5,LOS ANDES,5301,006,006,20080.68170107876,5,0,23,0,0,5_5301_006
VALPARAÍSO,5,LOS ANDES,5301,008,008,4720.556423147547,0,0,6,0,0,5_5301_008
VALPARAÍSO,5,LOS ANDES,5301,016R,016R,1228.7579913244745,1,0,12,0,0,5_5301_016R
VALPARAÍSO,5,LOS ANDES,5301,007R,007R,3581.701730453134,1,0,11,1,0,5_5301_007R
VALPARAÍSO,5,LOS ANDES,5301,020R,020R,0.0,4,0,0,0,0,5_5301_020R
VALPARAÍSO,5,LOS ANDES,5301,010,010,17152.836413449797,1,1,8,1,2,5_5301_010
VALPARAÍSO,5,LOS ANDES,5301,007,007,21685.29751361923,6,0,29,9,0,5_5301_007
ATACAMA,3,VALLENAR,3301,BAQUEDANO,06,3122.5694068220105,10,0,50,0,0,3_3301_06
ATACAMA,3,VALLENAR,3301,CARRERA,05,11404.420747582124,6,0,31,0,0,3_3301_05
ATACAMA,3,VALLENAR,3301,CENTRO PONIENTE,01,43162.30667863869,15,0,42,0,2,3_3301_01
ATACAMA,3,VALLENAR,3301,NUEVA TORREBLANCA,11,10048.06436844025,6,0,25,0,0,3_3301_11
ATACAMA,3,VALLENAR,3301,TORREBLANCA ANTIGUA,10,16783.013546319307,7,0,33,0,0,3_3301_10
ATACAMA,3,VALLENAR,3301,QUINTA VALLE,03,65072.64998500723,14,1,30,0,0,3_3301_03
ATACAMA,3,VALLENAR,3301,VISTA ALEGRE,09,39793.128761848166,9,0,28,0,0,3_3301_09
ATACAMA,3,VALLENAR,3301,CENTRO ORIENTE,02,55209.827102760835,16,3,48,0,9,3_3301_02
ATACAMA,3,VALLENAR,3301,LAS TERRAZAS-BUEN RETIRO,08,28196.952503817545,2,0,30,0,0,3_3301_08
ATACAMA,3,VALLENAR,3301,LOS ALEMANES,04,37870.70463889459,10,0,16,0,0,3_3301_04
ATACAMA,3,VALLENAR,3301,VENTANAS,07,3396.039987975994,4,0,14,0,0,3_3301_07
ATACAMA,3,VALLENAR,3301,HUASCO ORIENTE,14,0.0,14,0,0,0,0,3_3301_14
ATACAMA,3,VALLENAR,3301,HUASCO PONIENTE,13,0.0,16,0,0,0,0,3_3301_13
ATACAMA,3,VALLENAR,3301,ALGARROBAL,12,0.0,2,0,1,0,0,3_3301_12
ATACAMA,3,VALLENAR,3301,DOMEINCACHI,15,0.0,17,0,0,0,0,3_3301_15
ATACAMA,3,COPIAPO,3101,17,17,41376.12755475637,20,0,61,30,1,3_3101_17
ATACAMA,3,COPIAPO,3101,1,1,59882.56702423962,12,0,74,11,0,3_3101_1
ATACAMA,3,COPIAPO,3101,3,3,3285.6791540642366,4,0,27,1,0,3_3101_3
ATACAMA,3,COPIAPO,3101,7,7,5728.270460630932,13,0,19,15,0,3_3101_7
ATACAMA,3,COPIAPO,3101,5,5,41667.72445200875,14,5,46,48,16,3_3101_5
ATACAMA,3,COPIAPO,3101,2,2,10294.731920000959,5,0,10,7,0,3_3101_2
ATACAMA,3,COPIAPO,3101,4,4,19396.5040953455,8,0,18,13,0,3_3101_4
ATACAMA,3,COPIAPO,3101,6,6,45101.14875480336,8,1,16,9,2,3_3101_6
ATACAMA,3,COPIAPO,3101,8,8,15667.53487491058,2,0,10,7,0,3_3101_8
ATACAMA,3,COPIAPO,3101,19,19,136090.3042810111,15,2,81,17,1,3_3101_19
ATACAMA,3,COPIAPO,3101,13,13,152881.10752186595,17,1,43,18,3,3_3101_13
ATACAMA,3,COPIAPO,3101,12,12,31276.583563208023,19,0,42,32,0,3_3101_12
ATACAMA,3,COPIAPO,3101,14,14,11815.935620016851,7,2,42,14,3,3_3101_14
ATACAMA,3,COPIAPO,3101,9,9,27131.40226844971,15,0,85,33,0,3_3101_9
ATACAMA,3,COPIAPO,3101,11,11,13169.37147682641,12,1,32,13,0,3_3101_11
ATACAMA,3,COPIAPO,3101,10,10,27143.92859998519,11,0,50,13,0,3_3101_10
ATACAMA,3,COPIAPO,3101,15,15,7631.523825809328,9,0,29,13,0,3_3101_15
ATACAMA,3,COPIAPO,3101,16,16,32933.5781622591,9,2,53,8,2,3_3101_16
ATACAMA,3,COPIAPO,3101,18,18,159053.258571786,18,0,75,32,1,3_3101_18
ATACAMA,3,COPIAPO,3101,23,23,399.05644437648834,8,0,1,0,0,3_3101_23
ATACAMA,3,COPIAPO,3101,22,22,6.3262959351226264,17,0,12,0,0,3_3101_22
ATACAMA,3,COPIAPO,3101,21,21,0.0,0,0,0,0,0,3_3101_21
ATACAMA,3,COPIAPO,3101,20,20,0.0,4,0,0,0,0,3_3101_20
ATACAMA,3,CHAÑARAL,3201,ATACAMA ALTO,1,1523.4866883916832,3,0,7,0,0,3_3201_1
ATACAMA,3,CHAÑARAL,3201,CONCHUELA,2,0.0,4,0,7,0,1,3_3201_2
ATACAMA,3,CHAÑARAL,3201,CERRO CORAZON,3,3340.172997662862,1,0,6,0,0,3_3201_3
ATACAMA,3,CHAÑARAL,3201,CORVI,4,6960.615773547712,2,0,6,0,1,3_3201_4
ATACAMA,3,CHAÑARAL,3201,BELLAVISTA,5,4888.444954130438,4,0,13,0,0,3_3201_5
ATACAMA,3,CHAÑARAL,3201,AMPLIACION SUR,6,2754.596501567731,4,0,11,0,0,3_3201_6
ATACAMA,3,CHAÑARAL,3201,AMPLIACION NORTE,7,1935.4905794584197,3,1,13,0,0,3_3201_7
ATACAMA,3,CHAÑARAL,3201,AEROPUERTO NORTE,8,22229.59323829875,3,0,12,0,0,3_3201_8
ATACAMA,3,CHAÑARAL,3201,BARQUITO,9,10605.746999512694,5,1,3,0,0,3_3201_9
ATACAMA,3,CHAÑARAL,3201,EL SALADO,10,0.0,0,0,0,0,0,3_3201_10
ATACAMA,3,CHAÑARAL,3201,AEROPUERTO SUR,11,17245.770919412094,2,1,23,0,1,3_3201_11
ATACAMA,3,CHAÑARAL,3201,ATACAMA,12,4456.680334335481,0,1,8,0,0,3_3201_12
ATACAMA,3,CHAÑARAL,3201,SIN DEFINICION COMUNAL,NO DEF,756.7002336089333,11,0,13,0,0,3_3201_NO DEF
LOS LAGOS,10,PUERTO MONTT,10101,CHINQUIHUE,1,21147.193493929375,9,0,31,25,0,10_10101_1
LOS LAGOS,10,PUERTO MONTT,10101,MIRASOL,2,31537.701912790806,22,1,67,13,2,10_10101_2
LOS LAGOS,10,PUERTO MONTT,10101,CRUCERO,3,2783.9736896181394,0,0,14,2,0,10_10101_3
LOS LAGOS,10,PUERTO MONTT,10101,CHORRILLOS,4,5567.731202689373,1,0,20,23,0,10_10101_4
LOS LAGOS,10,PUERTO MONTT,10101,"ANGELMO
",5,51145.42568545222,5,5,16,89,3,10_10101_5
LOS LAGOS,10,PUERTO MONTT,10101,CARDONAL,6,57169.61106151307,11,0,89,10,0,10_10101_6
LOS LAGOS,10,PUERTO MONTT,10101,22 DE MAYO,7,0.0,3,0,31,7,0,10_10101_7
LOS LAGOS,10,PUERTO MONTT,10101,PRESIDENTE CARLOS IBAÑEZ,8,69996.97820646802,5,0,61,72,0,10_10101_8
LOS LAGOS,10,PUERTO MONTT,10101,MODELO UNIDO,9,0.0,3,0,24,0,0,10_10101_9
LOS LAGOS,10,PUERTO MONTT,10101,EGAÑA,10,32080.379881489338,9,3,35,67,19,10_10101_10
LOS LAGOS,10,PUERTO MONTT,10101,ANCUD,11,0.0,2,0,20,27,1,10_10101_11
LOS LAGOS,10,PUERTO MONTT,10101,LIBERTAD,12,21582.587926657412,8,4,60,100,4,10_10101_12
LOS LAGOS,10,PUERTO MONTT,10101,ANTONIO VARAS,13,28400.833422400137,7,1,28,27,0,10_10101_13
LOS LAGOS,10,PUERTO MONTT,10101,MANUEL MONTT,14,12831.313768510216,2,0,20,16,0,10_10101_14
LOS LAGOS,10,PUERTO MONTT,10101,ANTUHUE,15,13998.926411940987,5,0,26,16,0,10_10101_15
LOS LAGOS,10,PUERTO MONTT,10101,LINTZ,16,13859.85771962212,9,1,37,13,2,10_10101_16
LOS LAGOS,10,PUERTO MONTT,10101,18 DE SEPTIEMBRE,17,13567.546087208182,11,0,23,10,0,10_10101_17
LOS LAGOS,10,PUERTO MONTT,10101,PICHIPELLUCO,18,33901.69967221737,2,0,40,11,0,10_10101_18
LOS LAGOS,10,PUERTO MONTT,10101,PELLUCO NORTE,19,3814.3250861670595,2,0,23,3,1,10_10101_19
LOS LAGOS,10,PUERTO MONTT,10101,PELLUCO SUR,20,18700.884049231776,3,0,19,10,0,10_10101_20
LOS LAGOS,10,PUERTO MONTT,10101,PELLUCO ALTO,21,0.0,0,0,0,0,0,10_10101_21
LOS LAGOS,10,PUERTO MONTT,10101,LAS VILLAS,22,237600.00442260457,7,4,140,25,4,10_10101_22
LOS LAGOS,10,PUERTO MONTT,10101,CARDONAL BAJO,23,80028.5322996724,4,0,57,54,1,10_10101_23
LOS LAGOS,10,PUERTO MONTT,10101,FRESIA,24,95889.41731459697,6,0,60,9,0,10_10101_24
LOS LAGOS,10,PUERTO MONTT,10101,"ALERCE HISTORICO
",25,50064.31303358516,10,2,51,26,2,10_10101_25
LOS LAGOS,10,PUERTO MONTT,10101,ALERCE ORIENTE,26,274750.7867464907,22,0,106,42,0,10_10101_26
LOS LAGOS,10,PUERTO MONTT,10101,ALERCE SUR,27,75607.17145503552,2,1,45,13,1,10_10101_27
LOS LAGOS,10,PUERTO MONTT,10101,MONASTERIO,28,51585.96816313669,5,0,2,1,0,10_10101_28
LOS LAGOS,10,PUERTO MONTT,10101,LAS LAGUNAS,29,289996.55399145855,8,1,83,10,1,10_10101_29
LOS LAGOS,10,PUERTO MONTT,10101,ISLA TENGLO,30,0.0,5,0,0,0,0,10_10101_30
LOS LAGOS,10,PUERTO MONTT,10101,CHINQUIHUE ALTO,31,194298.21776761813,15,3,146,37,2,10_10101_31
LOS LAGOS,10,PUERTO MONTT,10101,"TRAPEN
",32,27030.3846783645,0,0,29,3,0,10_10101_32
LOS LAGOS,10,PUERTO MONTT,10101,ALERCE NORTE,33,128955.16377881484,5,0,34,15,0,10_10101_33
LOS LAGOS,10,PUERTO MONTT,10101,CAYENEL,40,5617.295227510342,5,0,1,7,0,10_10101_40
LOS LAGOS,10,PUERTO MONTT,10101,COLONIA METRENQUEN,41,0.0,3,0,0,1,0,10_10101_41
LOS LAGOS,10,PUERTO MONTT,10101,"RIO CHICO
",42,0.0,3,0,0,0,0,10_10101_42
LOS LAGOS,10,PUERTO MONTT,10101,LAGO CHAPO,43,0.0,4,0,0,0,0,10_10101_43
LOS LAGOS,10,PUERTO MONTT,10101,"LAS SENDAS-COIHUIN
",44,0.0,4,0,0,24,0,10_10101_44
LOS LAGOS,10,PUERTO MONTT,10101,CHAMIZA-POLINCAY,45,0.0,1,0,0,6,0,10_10101_45
LOS LAGOS,10,PUERTO MONTT,10101,PIEDRA AZUL-PICHIQUILLAIPE,46,0.0,6,0,0,33,0,10_10101_46
LOS LAGOS,10,PUERTO MONTT,10101,QUILLAIPE-METRI,47,0.0,5,0,0,36,0,10_10101_47
LOS LAGOS,10,PUERTO MONTT,10101,LENCA,48,0.0,2,0,0,33,0,10_10101_48
LOS LAGOS,10,PUERTO MONTT,10101,CALETA LA ARENA,49,0.0,5,0,0,30,0,10_10101_49
LOS LAGOS,10,PUERTO MONTT,10101,LA GOLETA,50,0.0,4,0,0,2,0,10_10101_50
LOS LAGOS,10,PUERTO MONTT,10101,SALTO CHICO,51 ,0.0,1,0,0,0,0,10_10101_51 
LOS LAGOS,10,PUERTO MONTT,10101,SALTO GRANDE,52,0.0,1,0,0,0,0,10_10101_52
LOS LAGOS,10,PUERTO MONTT,10101,"CHAQUEIHUA
",53,0.0,1,0,0,0,0,10_10101_53
LOS LAGOS,10,PUERTO MONTT,10101,LAS QUEMAS-SAN ANTONIO,54,0.0,6,0,0,0,0,10_10101_54
LOS LAGOS,10,PUERTO MONTT,10101,PANITAO ALTO-LOS PINES,55,0.0,2,0,0,2,0,10_10101_55
LOS LAGOS,10,PUERTO MONTT,10101,HUELMO,56,0.0,9,0,0,0,0,10_10101_56
LOS LAGOS,10,PUERTO MONTT,10101,PUQUELDON,57,0.0,3,0,0,0,0,10_10101_57
LOS LAGOS,10,PUERTO MONTT,10101,ESTERO MAILLEN,58,0.0,4,0,0,0,0,10_10101_58
LOS LAGOS,10,CHAITÉN,10401,CHAITEN,1,19713.686017071,8,0,27,10,0,10_10401_1
LOS LAGOS,10,CHAITÉN,10401,PENINSULA DE COMAU,2,0.0,12,0,0,1,0,10_10401_2
LOS LAGOS,10,CHAITÉN,10401,VALLE EL FRIO,3,0.0,1,0,0,10,0,10_10401_3
LOS LAGOS,10,CHAITÉN,10401,BORDE COSTERO,4,0.0,11,0,0,2,0,10_10401_4
LOS LAGOS,10,CHAITÉN,10401,ISLAS DESERTORES,5,0.0,7,0,0,0,0,10_10401_5
LOS LAGOS,10,CHAITÉN,10401,EL AMARILLO,6,0.0,1,0,0,5,0,10_10401_6
LOS LAGOS,10,CHAITÉN,10401,SANTA BARBARA,7,0.0,0,0,0,0,0,10_10401_7
LOS LAGOS,10,CHAITÉN,10401,YELCHO,8,0.0,0,0,0,0,0,10_10401_8
LOS LAGOS,10,CHAITÉN,10401,SIN DEFINICION COMUNAL,NO DEF_1,0.0,1,0,0,1,0,10_10401_NO DEF_1
LOS LAGOS,10,CHAITÉN,10401,SIN DEFINICION COMUNAL,NO DEF_2,0.0,0,0,0,0,0,10_10401_NO DEF_2
LOS LAGOS,10,CHAITÉN,10401,SIN DEFINICION COMUNAL,NO DEF_3,0.0,1,0,0,1,0,10_10401_NO DEF_3
LOS LAGOS,10,CASTRO,10201,PELDEHUE,24,0.0,2,0,0,0,0,10_10201_24
LOS LAGOS,10,CASTRO,10201,LOS ANGELES,25,0.0,2,0,0,0,0,10_10201_25
LOS LAGOS,10,CASTRO,10201,QUELQUEL,38,0.0,0,0,0,0,0,10_10201_38
LOS LAGOS,10,CASTRO,10201,LINGUE,29,0.0,2,0,0,0,0,10_10201_29
LOS LAGOS,10,CASTRO,10201,DUCAM,27,0.0,3,0,0,0,0,10_10201_27
LOS LAGOS,10,CASTRO,10201,YUTUY,31,0.0,2,0,0,0,0,10_10201_31
LOS LAGOS,10,CASTRO,10201,RILAN,22,0.0,1,0,0,0,0,10_10201_22
LOS LAGOS,10,CASTRO,10201,AGUANTAO,21,0.0,1,0,0,0,0,10_10201_21
LOS LAGOS,10,CASTRO,10201,PUYAN,20,0.0,4,0,0,0,0,10_10201_20
LOS LAGOS,10,CASTRO,10201,CONICO,37,0.0,0,0,0,0,0,10_10201_37
LOS LAGOS,10,CASTRO,10201,CENTRO PLAZA DE ARMAS,35,15218.04500426058,12,4,22,19,9,10_10201_35
LOS LAGOS,10,CASTRO,10201,LICALDAD,32,0.0,1,0,0,0,0,10_10201_32
LOS LAGOS,10,CASTRO,10201,GAMBOA,3,6210.809310713206,1,0,8,2,1,10_10201_3
LOS LAGOS,10,CASTRO,10201,RESIDENCIAL,9,6622.409591714659,1,1,3,2,0,10_10201_9
LOS LAGOS,10,CASTRO,10201,MANUEL RODRIGUEZ,4,1571.9389575430018,1,0,5,1,0,10_10201_4
LOS LAGOS,10,CASTRO,10201,COSTANERA,5,3698.223660247519,2,0,6,0,0,10_10201_5
LOS LAGOS,10,CASTRO,10201,JUAN SOREL,36,0.0,1,0,10,0,0,10_10201_36
LOS LAGOS,10,CASTRO,10201,CARRETERA,10,2658.3659695288234,1,0,3,0,0,10_10201_10
LOS LAGOS,10,CASTRO,10201,EDUARDO FREI,2,20716.361700972837,4,1,28,6,0,10_10201_2
LOS LAGOS,10,CASTRO,10201,NERCON,33,1445.2383436401083,5,0,0,4,0,10_10201_33
LOS LAGOS,10,CASTRO,10201,ARTURO PRAT,1,23968.51052648775,13,2,62,11,1,10_10201_1
LOS LAGOS,10,CASTRO,10201,TEN TEN,12,0.0,0,0,3,0,0,10_10201_12
LOS LAGOS,10,CASTRO,10201,QUILQUICO,19,0.0,2,0,0,0,0,10_10201_19
LOS LAGOS,10,CASTRO,10201,GAMBOA,34,20688.407521631045,9,0,41,13,0,10_10201_34
LOS LAGOS,10,CASTRO,10201,SAN JOSE,18,0.0,2,0,0,0,0,10_10201_18
LOS LAGOS,10,CASTRO,10201,LLAU LLAO,13,0.0,5,0,0,0,0,10_10201_13
LOS LAGOS,10,CASTRO,10201,TEY,16,0.0,2,0,0,0,0,10_10201_16
LOS LAGOS,10,CASTRO,10201,LA CHACRA,11,202455.82164297331,7,0,25,1,0,10_10201_11
LOS LAGOS,10,CASTRO,10201,PUTEMUN,15,0.0,2,0,0,0,0,10_10201_15
LOS LAGOS,10,CASTRO,10201,PUCARA,17,0.0,0,0,0,0,0,10_10201_17
LOS LAGOS,10,CASTRO,10201,BAHIA CENTRO,7,1578.5764451313044,0,0,4,2,0,10_10201_7
LOS LAGOS,10,CASTRO,10201,LA ESTANCIA,28,0.0,2,0,0,0,0,10_10201_28
LOS LAGOS,10,CASTRO,10201,PID PID,14,0.0,4,0,0,0,0,10_10201_14
LOS LAGOS,10,CASTRO,10201,CHELIN,23,0.0,2,0,0,0,0,10_10201_23
LOS LAGOS,10,CASTRO,10201,SAN MIGUEL,26,0.0,2,0,0,0,0,10_10201_26
LOS LAGOS,10,CASTRO,10201,PUYAO,30,0.0,1,0,0,0,0,10_10201_30
LOS LAGOS,10,OSORNO,10301,20-R,20-R,0.0,7,0,0,0,0,10_10301_20-R
LOS LAGOS,10,OSORNO,10301,5-R,5-R,0.0,0,0,0,0,0,10_10301_5-R
LOS LAGOS,10,OSORNO,10301,19-R,19-R,0.0,1,0,0,0,0,10_10301_19-R
LOS LAGOS,10,OSORNO,10301,23,23,220213.4996817838,3,0,37,16,0,10_10301_23
LOS LAGOS,10,OSORNO,10301,8,8,10281.696858415731,1,0,11,2,0,10_10301_8
LOS LAGOS,10,OSORNO,10301,21-R,21-R,169996.0709955057,13,1,64,31,1,10_10301_21-R
LOS LAGOS,10,OSORNO,10301,21,21,24067.57170386995,5,1,38,31,2,10_10301_21
LOS LAGOS,10,OSORNO,10301,6,6,5198.380145947074,2,0,7,0,1,10_10301_6
LOS LAGOS,10,OSORNO,10301,14-R,14-R,0.0,2,0,0,6,0,10_10301_14-R
LOS LAGOS,10,OSORNO,10301,7,7,63279.42274446648,10,0,18,9,0,10_10301_7
LOS LAGOS,10,OSORNO,10301,19,19,35997.52073067104,5,0,36,28,0,10_10301_19
LOS LAGOS,10,OSORNO,10301,5,5,35023.55412305871,2,0,19,15,0,10_10301_5
LOS LAGOS,10,OSORNO,10301,11,11,7241.365611240004,5,0,15,13,0,10_10301_11
LOS LAGOS,10,OSORNO,10301,24,24,3073.040823507355,2,0,12,16,0,10_10301_24
LOS LAGOS,10,OSORNO,10301,15,15,22997.769609403378,6,1,26,10,3,10_10301_15
LOS LAGOS,10,OSORNO,10301,18,18,2125.3748518737902,5,1,16,30,1,10_10301_18
LOS LAGOS,10,OSORNO,10301,3,3,33480.164838192846,12,1,25,38,2,10_10301_3
LOS LAGOS,10,OSORNO,10301,20,20,58164.17604040513,6,0,57,36,0,10_10301_20
LOS LAGOS,10,OSORNO,10301,15-R,15-R,0.0,0,0,0,6,0,10_10301_15-R
LOS LAGOS,10,OSORNO,10301,10,10,331147.5876304551,11,0,53,9,0,10_10301_10
LOS LAGOS,10,OSORNO,10301,12,12,23641.789465174534,17,1,40,73,8,10_10301_12
LOS LAGOS,10,OSORNO,10301,17,17,148380.10921335037,3,0,1,6,0,10_10301_17
LOS LAGOS,10,OSORNO,10301,13,13,28147.972807216207,22,3,35,150,6,10_10301_13
LOS LAGOS,10,OSORNO,10301,2,2,12494.968479956424,5,3,13,36,2,10_10301_2
LOS LAGOS,10,OSORNO,10301,14,14,12822.775758498045,6,1,16,15,2,10_10301_14
LOS LAGOS,10,OSORNO,10301,16,16,32696.247707827664,6,0,23,33,0,10_10301_16
LOS LAGOS,10,OSORNO,10301,4,4,117687.79688484334,2,0,65,9,0,10_10301_4
LOS LAGOS,10,OSORNO,10301,22,22,24854.31696181871,3,0,16,5,0,10_10301_22
LOS LAGOS,10,OSORNO,10301,9,9,52506.35084842537,3,0,16,21,0,10_10301_9
LOS LAGOS,10,OSORNO,10301,1,1,92634.79508984633,18,0,92,30,0,10_10301_1
LOS LAGOS,10,OSORNO,10301,25,25,502477.8516799282,14,0,55,22,0,10_10301_25
LOS LAGOS,10,OSORNO,10301,18-R,18-R,0.0,2,0,0,0,0,10_10301_18-R
LOS LAGOS,10,OSORNO,10301,13-R,13-R,0.0,7,0,1,4,0,10_10301_13-R
LOS LAGOS,10,OSORNO,10301,3-R,3-R,199641.88940964043,23,0,80,27,0,10_10301_3-R
LOS LAGOS,10,OSORNO,10301,6-R,6-R,0.0,1,0,0,0,0,10_10301_6-R
LOS LAGOS,10,OSORNO,10301,8-R,8-R,0.0,3,0,0,0,0,10_10301_8-R
ARICA Y PARINACOTA,15,PUTRE,15201,TICNAMAR,5,0.0,3,0,0,0,0,15_15201_5
ARICA Y PARINACOTA,15,PUTRE,15201,BELEN,4,0.0,3,0,0,0,0,15_15201_4
ARICA Y PARINACOTA,15,PUTRE,15201,CHUSMIZA,3,0.0,2,0,0,0,0,15_15201_3
ARICA Y PARINACOTA,15,PUTRE,15201,GUALLATIRE,8,0.0,1,0,0,0,0,15_15201_8
ARICA Y PARINACOTA,15,PUTRE,15201,SOCOROMA,2,0.0,2,0,0,0,0,15_15201_2
ARICA Y PARINACOTA,15,PUTRE,15201,PARINACOTA,7,0.0,2,0,0,0,0,15_15201_7
ARICA Y PARINACOTA,15,PUTRE,15201,PUTRE,1,2492.4271618051303,4,0,0,0,1,15_15201_1
ARICA Y PARINACOTA,15,PUTRE,15201,LAUCA SURIRE,6,0.0,1,0,0,0,0,15_15201_6
ARICA Y PARINACOTA,15,ARICA,15101,IGNACIO SERRANO M.,1,23605.924808869357,6,0,9,10,0,15_15101_1
ARICA Y PARINACOTA,15,ARICA,15101,NORTE GRANDE,2,25382.85281530981,6,0,8,5,0,15_15101_2
ARICA Y PARINACOTA,15,ARICA,15101,OLIVARERA AZAPA,3,4928.579542463545,8,1,14,6,1,15_15101_3
ARICA Y PARINACOTA,15,ARICA,15101,LOA,4,9966.61934318875,4,0,6,8,0,15_15101_4
ARICA Y PARINACOTA,15,ARICA,15101,PAESAM,5,5537.9466759111465,3,0,8,7,0,15_15101_5
ARICA Y PARINACOTA,15,ARICA,15101,SAN JOSE,6,28708.892313860808,7,0,8,6,2,15_15101_6
ARICA Y PARINACOTA,15,ARICA,15101,JUAN NOE,7,13253.139844501186,2,0,11,13,1,15_15101_7
ARICA Y PARINACOTA,15,ARICA,15101,CHINCHORRO,8,14119.028176272623,4,3,12,9,5,15_15101_8
ARICA Y PARINACOTA,15,ARICA,15101,SAUCACHE,9,18657.92595180253,4,1,22,12,1,15_15101_9
ARICA Y PARINACOTA,15,ARICA,15101,MANUEL BULNES,10,1522.9619447190396,3,0,10,8,0,15_15101_10
ARICA Y PARINACOTA,15,ARICA,15101,MAIPU ORIENTE,11,0.0,1,0,10,4,0,15_15101_11
ARICA Y PARINACOTA,15,ARICA,15101,CERRO LA CRUZ,12,0.0,1,0,6,1,0,15_15101_12
ARICA Y PARINACOTA,15,ARICA,15101,CAMILO HERNANDEZ,13,3627.2509701087674,2,0,5,2,0,15_15101_13
ARICA Y PARINACOTA,15,ARICA,15101,PEDRO DE  VALDIVIA,14,5382.540660987204,0,0,5,1,1,15_15101_14
ARICA Y PARINACOTA,15,ARICA,15101,MAGISTERIO,15,8846.393341792993,4,0,19,14,2,15_15101_15
ARICA Y PARINACOTA,15,ARICA,15101,PACIFICO,16,1962.9485819914635,3,0,2,4,0,15_15101_16
ARICA Y PARINACOTA,15,ARICA,15101,LIBERTAD,17,572.3962234567216,0,0,1,2,1,15_15101_17
ARICA Y PARINACOTA,15,ARICA,15101,MICHIMALONGO,18,0.0,3,0,8,5,0,15_15101_18
ARICA Y PARINACOTA,15,ARICA,15101,ESMERALDA,19,0.0,4,1,15,7,3,15_15101_19
ARICA Y PARINACOTA,15,ARICA,15101,MORRO DE ARICA,20,0.0,3,0,8,0,1,15_15101_20
ARICA Y PARINACOTA,15,ARICA,15101,ARTURO PRAT,21,4522.512191573302,1,0,7,3,0,15_15101_21
ARICA Y PARINACOTA,15,ARICA,15101,DIEGO PORTALES,22,566.1894098175768,1,0,2,0,0,15_15101_22
ARICA Y PARINACOTA,15,ARICA,15101,INDEPENDENCIA,23,6305.549640807272,2,0,7,7,1,15_15101_23
ARICA Y PARINACOTA,15,ARICA,15101,GENERAL LAGOS,24,47908.972050934,2,0,6,6,0,15_15101_24
ARICA Y PARINACOTA,15,ARICA,15101,RANCAGUA,25,0.0,4,0,6,3,1,15_15101_25
ARICA Y PARINACOTA,15,ARICA,15101,MANUEL RODRIGUEZ,26,9419.368086055361,3,0,10,4,0,15_15101_26
ARICA Y PARINACOTA,15,ARICA,15101,CARLOS IBANEZ DEL CAMPO,27,19875.94125693309,4,0,12,6,0,15_15101_27
ARICA Y PARINACOTA,15,ARICA,15101,ARAUCO,28,7968.874934881201,7,0,13,9,1,15_15101_28
ARICA Y PARINACOTA,15,ARICA,15101,BARROS ARANA,29,858.2652748651309,1,0,10,5,8,15_15101_29
ARICA Y PARINACOTA,15,ARICA,15101,7 DE JUNIO,30,47761.92666587478,3,1,17,9,9,15_15101_30
ARICA Y PARINACOTA,15,ARICA,15101,ADRIAN BARRIENTOS,31,11623.558598132198,6,0,14,7,0,15_15101_31
ARICA Y PARINACOTA,15,ARICA,15101,JOSE MANUEL BALMACEDA,32,10880.261943460162,3,0,14,15,1,15_15101_32
ARICA Y PARINACOTA,15,ARICA,15101,CABO EXEQUIEL AROCA,33,13043.724212703775,4,0,12,10,2,15_15101_33
ARICA Y PARINACOTA,15,ARICA,15101,PAMPA NUEVA,34,12948.377112251366,1,0,10,6,0,15_15101_34
ARICA Y PARINACOTA,15,ARICA,15101,GENERAL BAQUEDANO,35,938.6429047109685,2,0,8,2,0,15_15101_35
ARICA Y PARINACOTA,15,ARICA,15101,FUERTE CIUDADELA,36,6847.5063163056675,5,0,26,16,1,15_15101_36
ARICA Y PARINACOTA,15,ARICA,15101,MIRAMAR,37,3130.743450537645,2,0,11,4,0,15_15101_37
ARICA Y PARINACOTA,15,ARICA,15101,11 DE SEPTIEMBRE,38,7065.639232673962,2,0,12,11,3,15_15101_38
ARICA Y PARINACOTA,15,ARICA,15101,AURORA DE CHILE,39,11551.41287968255,8,0,20,12,0,15_15101_39
ARICA Y PARINACOTA,15,ARICA,15101,SANTA ROSA,40,0.0,1,0,4,1,0,15_15101_40
ARICA Y PARINACOTA,15,ARICA,15101,JORGE INOSTROZA,41,2443.9557854301747,3,0,13,9,2,15_15101_41
ARICA Y PARINACOTA,15,ARICA,15101,21 DE MAYO,42,5279.12160337683,2,0,7,3,0,15_15101_42
ARICA Y PARINACOTA,15,ARICA,15101,VILLA DEL MAR,43,127547.78951639245,2,0,19,7,0,15_15101_43
ARICA Y PARINACOTA,15,ARICA,15101,CENTENARIO,44,7628.4564086823875,7,0,9,6,0,15_15101_44
ARICA Y PARINACOTA,15,ARICA,15101,TARAPACA SUR,45,0.0,2,0,2,1,0,15_15101_45
ARICA Y PARINACOTA,15,ARICA,15101,BELLAVISTA,46,0.0,0,0,1,4,0,15_15101_46
ARICA Y PARINACOTA,15,ARICA,15101,LAUTARO CONDELL,47,548.8138101773635,2,0,4,1,0,15_15101_47
ARICA Y PARINACOTA,15,ARICA,15101,TACORA,48,9172.700735750715,2,0,13,3,0,15_15101_48
ARICA Y PARINACOTA,15,ARICA,15101,ANCOLACANE,49,18906.110876744468,2,0,7,10,0,15_15101_49
ARICA Y PARINACOTA,15,ARICA,15101,VILLA UNIVERSIDAD DEL NORTE,50,2210.370879286885,3,0,16,13,1,15_15101_50
ARICA Y PARINACOTA,15,ARICA,15101,VILLA NUEVA ESPERANZA,51,14034.177786772902,6,0,9,7,1,15_15101_51
ARICA Y PARINACOTA,15,ARICA,15101,JAVIERA CARRERA,52,0.0,2,1,16,9,0,15_15101_52
ARICA Y PARINACOTA,15,ARICA,15101,LOS ARTESANOS,53,19591.439384307832,7,0,19,11,1,15_15101_53
ARICA Y PARINACOTA,15,ARICA,15101,SICA SICA,54,12658.123951365991,5,0,16,7,0,15_15101_54
ARICA Y PARINACOTA,15,ARICA,15101,LA LISERA,55,5831.799000551755,1,0,4,9,0,15_15101_55
ARICA Y PARINACOTA,15,ARICA,15101,CERRO SOMBRERO Y ACHA,56,0.0,11,0,2,9,0,15_15101_56
ARICA Y PARINACOTA,15,ARICA,15101,SAN MIGUEL,57,500.575789084607,14,0,14,0,0,15_15101_57
ARICA Y PARINACOTA,15,ARICA,15101,SOBRAYA,58,0.0,0,0,0,0,0,15_15101_58
ARICA Y PARINACOTA,15,ARICA,15101,SURIRE Y LIVILCAR,59,0.0,0,0,0,0,0,15_15101_59
ARICA Y PARINACOTA,15,ARICA,15101,VALLE HERMOSO,60,0.0,1,0,0,0,0,15_15101_60
ARICA Y PARINACOTA,15,ARICA,15101,VALLE DE LLUTA,61,0.0,2,0,0,0,0,15_15101_61
ARICA Y PARINACOTA,15,ARICA,15101,POCONCHILE,62,0.0,1,0,0,0,0,15_15101_62
ARICA Y PARINACOTA,15,ARICA,15101,MOLINOS,63,0.0,1,0,0,0,0,15_15101_63
ARICA Y PARINACOTA,15,ARICA,15101,CHACA,64,0.0,2,0,0,0,0,15_15101_64
ARICA Y PARINACOTA,15,ARICA,15101,CAMPO  VERDE,66,13847.304288018517,3,0,14,3,0,15_15101_66
ARICA Y PARINACOTA,15,ARICA,15101,ALBORADA,65,8101.89974007157,5,0,10,2,0,15_15101_65
ARICA Y PARINACOTA,15,ARICA,15101,MAITAS Y LLOYSYAS,67,0.0,2,0,0,0,0,15_15101_67
ARICA Y PARINACOTA,15,ARICA,15101,PANAMERICANA NORTE,68,5535.542970768493,5,0,25,22,1,15_15101_68
ARICA Y PARINACOTA,15,ARICA,15101,SAN VALENTIN,69,5965.02244824407,3,0,10,10,0,15_15101_69
ARICA Y PARINACOTA,15,ARICA,15101,PANAMERICANA SUR,70,0.0,1,0,7,4,0,15_15101_70
ARICA Y PARINACOTA,15,ARICA,15101,VILLA LOS LAGOS,71,0.0,1,0,9,8,0,15_15101_71
ARICA Y PARINACOTA,15,ARICA,15101,GUA0ACAGUA,72,3065.7902514730813,1,0,15,9,0,15_15101_72
ARICA Y PARINACOTA,15,ARICA,15101,BOSQUE AZAPA,73,0.0,0,0,2,0,0,15_15101_73
ARICA Y PARINACOTA,15,ARICA,15101,TARAPACA ORIENTE,74,0.0,1,0,7,2,0,15_15101_74
ARICA Y PARINACOTA,15,ARICA,15101,QUEBRADA ENCANTADA,75,4999.075452385234,1,0,18,1,0,15_15101_75
ARICA Y PARINACOTA,15,ARICA,15101,FLOR DEL INCA,76,17503.131054384772,3,0,19,4,1,15_15101_76
ARICA Y PARINACOTA,15,ARICA,15101,JALLALLA,77,13193.776440339669,3,0,9,3,0,15_15101_77
ARICA Y PARINACOTA,15,ARICA,15101,CHINCHORRO ORIENTE,78,16953.491030159097,3,0,12,3,0,15_15101_78
ARICA Y PARINACOTA,15,ARICA,15101,LAS TERRAZAS,79,3378.1827946233807,1,0,1,0,0,15_15101_79
ARICA Y PARINACOTA,15,ARICA,15101,LAS VICU2AS,80,14184.515129301875,4,0,19,7,0,15_15101_80
ARICA Y PARINACOTA,15,ARICA,15101,JOSE BERALES,81,11479.788346124964,2,0,8,2,0,15_15101_81
ARICA Y PARINACOTA,15,ARICA,15101,SOL DEL PACIFICO,82,8612.31874811987,2,0,7,4,0,15_15101_82
ARICA Y PARINACOTA,15,ARICA,15101,LOS ANDES,83,19812.919250922256,1,0,20,3,1,15_15101_83
ARICA Y PARINACOTA,15,ARICA,15101,84,84,0.0,0,0,0,0,0,15_15101_84
ARICA Y PARINACOTA,15,ARICA,15101,85,85,0.0,0,0,0,0,0,15_15101_85
ARICA Y PARINACOTA,15,ARICA,15101,86,86,0.0,0,0,0,2,0,15_15101_86
ARICA Y PARINACOTA,15,ARICA,15101,87,87,0.0,1,0,4,1,0,15_15101_87
ARICA Y PARINACOTA,15,ARICA,15101,88,88,0.0,1,0,0,0,0,15_15101_88
ARICA Y PARINACOTA,15,ARICA,15101,89,89,0.0,0,0,0,0,0,15_15101_89
ARICA Y PARINACOTA,15,ARICA,15101,VILLA FRONTERA,90,0.0,15,0,0,0,0,15_15101_90
ARICA Y PARINACOTA,15,ARICA,15101,91,91,0.0,0,0,0,0,0,15_15101_91
ARICA Y PARINACOTA,15,ARICA,15101,92,92,0.0,0,0,0,0,0,15_15101_92
ARICA Y PARINACOTA,15,ARICA,15101,95,95,0.0,0,0,0,0,0,15_15101_95
ARICA Y PARINACOTA,15,ARICA,15101,SIN DEFINICION COMUNAL,NO DEF_1,0.0,0,0,0,0,0,15_15101_NO DEF_1
ARICA Y PARINACOTA,15,ARICA,15101,SIN DEFINICION COMUNAL,NO DEF_2,0.0,1,0,0,0,0,15_15101_NO DEF_2
ARICA Y PARINACOTA,15,ARICA,15101,SIN DEFINICION COMUNAL,NO DEF_3,0.0,2,0,0,1,0,15_15101_NO DEF_3
ARICA Y PARINACOTA,15,ARICA,15101,SIN DEFINICION COMUNAL,NO DEF_4,0.0,0,0,0,0,0,15_15101_NO DEF_4
